timestamp,rps,error_rate,client_error_rate,latency_p90,kafka_lag,cpu_usage,memory_usage,service,label
2026-07-21 23:47:35,0.3799705250310942,0.0,0.0,0.0,0.0,0.0,0.0,product-reviews,1
2026-07-21 23:52:35,0.3799705250310942,0.0,0.0,0.0,0.0,0.0,0.0,product-reviews,1
2026-07-21 23:57:35,0.3799705250310942,0.0,0.0,0.0,0.0,0.0,0.0,product-reviews,1
2026-07-22 00:02:35,0.3799705250310942,0.0,0.0,0.0,0.0,0.0,0.0,product-reviews,1
2026-07-22 00:07:35,0.3799705250310942,0.0,0.0,0.0,0.0,0.0,0.0,product-reviews,1
2026-07-22 00:12:35,0.3799705250310942,0.0,0.0,0.0,0.0,0.0,0.0,product-reviews,1
2026-07-22 00:17:35,0.3799705250310942,0.0,0.0,0.0,0.0,0.0,0.0,product-reviews,1
2026-07-22 00:22:35,0.3799705250310942,0.0,0.0,0.0,0.0,0.0,0.0,product-reviews,1
2026-07-22 00:27:35,0.3799705250310942,0.0,0.0,0.0,0.0,0.0,0.0,product-reviews,1
2026-07-22 00:32:35,0.3799705250310942,0.0,0.0,0.0,0.0,0.0,0.0,product-reviews,1
2026-07-22 00:37:35,0.3799705250310942,0.0,0.0,0.0,0.0,0.0,0.0,product-reviews,1
2026-07-22 00:42:35,0.3799705250310942,0.0,0.0,0.0,0.0,0.0,0.0,product-reviews,1
2026-07-22 00:47:35,0.3799705250310942,0.0,0.0,0.0,0.0,0.0,0.0,product-reviews,1
2026-07-22 00:52:35,0.3799705250310942,0.0,0.0,0.0,0.0,0.0,0.0,product-reviews,1
2026-07-22 00:57:35,0.3799705250310942,0.0,0.0,0.0,0.0,0.0,0.0,product-reviews,1
2026-07-22 01:02:35,0.3799705250310942,0.0,0.0,0.0,0.0,0.0,0.0,product-reviews,1
2026-07-22 01:07:35,0.3799705250310942,0.0,0.0,0.0,0.0,0.0,0.0,product-reviews,1
2026-07-22 01:12:35,0.3799705250310942,0.0,0.0,0.0,0.0,0.0,0.0,product-reviews,1
2026-07-22 01:17:35,0.3799705250310942,0.0,0.0,0.0,0.0,0.0,0.0,product-reviews,1
2026-07-22 01:22:35,0.3799705250310942,0.0,0.0,0.0,0.0,0.0,0.0,product-reviews,1
2026-07-22 01:27:35,0.3799705250310942,0.0,0.0,0.0,0.0,0.0,0.0,product-reviews,1
2026-07-22 01:32:35,0.3799705250310942,0.0,0.0,0.0,0.0,0.0,0.0,product-reviews,1
2026-07-22 01:37:35,0.3799705250310942,0.0,0.0,0.0,0.0,0.0,0.0,product-reviews,1
2026-07-22 01:42:35,0.3799705250310942,0.0,0.0,0.0,0.0,0.0,0.0,product-reviews,1
2026-07-22 01:47:35,0.3799705250310942,0.0,0.0,0.0,0.0,0.0,0.0,product-reviews,1
2026-07-22 01:52:35,0.3799705250310942,0.0,0.0,0.0,0.0,0.0,0.0,product-reviews,1
2026-07-22 01:57:35,0.3799705250310942,0.0,0.0,0.0,0.0,0.0,0.0,product-reviews,1
2026-07-22 02:02:35,0.3799705250310942,0.0,0.0,0.0,0.0,0.0,0.0,product-reviews,1
2026-07-22 02:07:35,0.3799705250310942,0.0,0.0,0.0,0.0,0.0,0.0,product-reviews,1
2026-07-22 02:12:35,0.3799705250310942,0.0,0.0,0.0,0.0,0.0,0.0,product-reviews,1
2026-07-22 02:17:35,0.3799705250310942,0.0,0.0,0.0,0.0,0.0,0.0,product-reviews,1
2026-07-22 02:22:35,0.3799705250310942,0.0,0.0,0.0,0.0,0.0,0.0,product-reviews,1
2026-07-22 02:27:35,0.3799705250310942,0.0,0.0,0.0,0.0,0.0,0.0,product-reviews,1
2026-07-22 02:32:35,0.3799705250310942,0.0,0.0,0.0,0.0,0.0,0.0,product-reviews,1
2026-07-22 02:37:35,0.3799705250310942,0.0,0.0,0.0,0.0,0.0,0.0,product-reviews,1
2026-07-22 02:42:35,0.3799705250310942,0.0,0.0,0.0,0.0,0.0,0.0,product-reviews,1
2026-07-22 02:47:35,0.3799705250310942,0.0,0.0,0.0,0.0,0.0,0.0,product-reviews,1
2026-07-22 02:52:35,0.3799705250310942,0.0,0.0,0.0,0.0,0.0,0.0,product-reviews,1
2026-07-22 02:57:35,0.3799705250310942,0.0,0.0,0.0,0.0,0.0,0.0,product-reviews,1
2026-07-22 03:02:35,0.3799705250310942,0.0,0.0,0.0,0.0,0.0,0.0,product-reviews,1
2026-07-22 03:07:35,0.3799705250310942,0.0,0.0,0.0,0.0,0.0,0.0,product-reviews,1
2026-07-22 03:12:35,0.3799705250310942,0.0,0.0,0.0,0.0,0.0,0.0,product-reviews,1
2026-07-22 03:17:35,0.3799705250310942,0.0,0.0,0.0,0.0,0.0,0.0,product-reviews,1
2026-07-22 03:22:35,0.3799705250310942,0.0,0.0,0.0,0.0,0.0,0.0,product-reviews,1
2026-07-22 03:27:35,0.3799705250310942,0.0,0.0,0.0,0.0,0.0,0.0,product-reviews,1
2026-07-22 03:32:35,0.3799705250310942,0.0,0.0,0.0,0.0,0.0,0.0,product-reviews,1
2026-07-22 03:37:35,0.3799705250310942,0.0,0.0,0.0,0.0,0.0,0.0,product-reviews,1
2026-07-22 03:42:35,0.3799705250310942,0.0,0.0,0.0,0.0,0.0,0.0,product-reviews,1
2026-07-22 03:47:35,0.3799705250310942,0.0,0.0,0.0,0.0,0.0,0.0,product-reviews,1
2026-07-22 03:52:35,0.3799705250310942,0.0,0.0,0.0,0.0,0.0,0.0,product-reviews,1
2026-07-22 03:57:35,0.3799705250310942,0.0,0.0,0.0,0.0,0.0,0.0,product-reviews,1
2026-07-22 04:02:35,0.3799705250310942,0.0,0.0,0.0,0.0,0.0,0.0,product-reviews,1
2026-07-22 04:07:35,0.3799705250310942,0.0,0.0,0.0,0.0,0.0,0.0,product-reviews,1
2026-07-22 04:12:35,0.3799705250310942,0.0,0.0,0.0,0.0,0.0,0.0,product-reviews,1
2026-07-22 04:17:35,0.3799705250310942,0.0,0.0,0.0,0.0,0.0,0.0,product-reviews,1
2026-07-22 04:22:35,0.3799705250310942,0.0,0.0,0.0,0.0,0.0,0.0,product-reviews,1
2026-07-22 04:27:35,0.3799705250310942,0.0,0.0,0.0,0.0,0.0,0.0,product-reviews,1
2026-07-22 04:32:35,0.3799705250310942,0.0,0.0,0.0,0.0,0.0,0.0,product-reviews,1
2026-07-22 04:37:35,0.3799705250310942,0.0,0.0,0.0,0.0,0.0,0.0,product-reviews,1
2026-07-22 04:42:35,0.3799705250310942,0.0,0.0,0.0,0.0,0.0,0.0,product-reviews,1
2026-07-22 04:47:35,0.3799705250310942,0.0,0.0,0.0,0.0,0.0,0.0,product-reviews,1
2026-07-22 04:52:35,0.3799705250310942,0.0,0.0,0.0,0.0,0.0,0.0,product-reviews,1
2026-07-22 04:57:35,0.3799705250310942,0.0,0.0,0.0,0.0,0.0,0.0,product-reviews,1
2026-07-22 05:02:35,0.3799705250310942,0.0,0.0,0.0,0.0,0.0,0.0,product-reviews,1
2026-07-22 05:07:35,0.3799705250310942,0.0,0.0,0.0,0.0,0.0,0.0,product-reviews,1
2026-07-22 05:12:35,0.3799705250310942,0.0,0.0,0.0,0.0,0.0,0.0,product-reviews,1
2026-07-22 05:17:35,0.3799705250310942,0.0,0.0,0.0,0.0,0.0,0.0,product-reviews,1
2026-07-22 05:22:35,0.3799705250310942,0.0,0.0,0.0,0.0,0.0,0.0,product-reviews,1
2026-07-22 05:27:35,0.3799705250310942,0.0,0.0,0.0,0.0,0.0,0.0,product-reviews,1
2026-07-22 05:32:35,0.3799705250310942,0.0,0.0,0.0,0.0,0.0,0.0,product-reviews,1
2026-07-22 05:37:35,0.3799705250310942,0.0,0.0,0.0,0.0,0.0,0.0,product-reviews,1
2026-07-22 05:42:35,0.3799705250310942,0.0,0.0,0.0,0.0,0.0,0.0,product-reviews,1
2026-07-22 05:47:35,0.3799705250310942,0.0,0.0,0.0,0.0,0.0,0.0,product-reviews,1
2026-07-22 05:52:35,0.3799705250310942,0.0,0.0,0.0,0.0,0.0,0.0,product-reviews,1
2026-07-22 05:57:35,0.3799705250310942,0.0,0.0,0.0,0.0,0.0,0.0,product-reviews,1
2026-07-22 06:02:35,0.3799705250310942,0.0,0.0,0.0,0.0,0.0,0.0,product-reviews,1
2026-07-22 06:07:35,0.3799705250310942,0.0,0.0,0.0,0.0,0.0,0.0,product-reviews,1
2026-07-22 06:12:35,0.3799705250310942,0.0,0.0,0.0,0.0,0.0,0.0,product-reviews,1
2026-07-22 06:17:35,0.3799705250310942,0.0,0.0,0.0,0.0,0.0,0.0,product-reviews,1
2026-07-22 06:22:35,0.3799705250310942,0.0,0.0,0.0,0.0,0.0,0.0,product-reviews,1
2026-07-22 06:27:35,0.3799705250310942,0.0,0.0,0.0,0.0,0.0,0.0,product-reviews,1
2026-07-22 06:32:35,0.3799705250310942,0.0,0.0,0.0,0.0,0.0,0.0,product-reviews,1
2026-07-22 06:37:35,0.3799705250310942,0.0,0.0,0.0,0.0,0.0,0.0,product-reviews,1
2026-07-22 06:42:35,0.3799705250310942,0.0,0.0,0.0,0.0,0.0,0.0,product-reviews,1
2026-07-22 06:47:35,0.3799705250310942,0.0,0.0,0.0,0.0,0.0,0.0,product-reviews,1
2026-07-22 06:52:35,0.3799705250310942,0.0,0.0,0.0,0.0,0.0,0.0,product-reviews,1
2026-07-22 06:57:35,0.3799705250310942,0.0,0.0,0.0,0.0,0.0,0.0,product-reviews,1
2026-07-22 07:02:35,0.3799705250310942,0.0,0.0,0.0,0.0,0.0,0.0,product-reviews,1
2026-07-22 07:07:35,0.3799705250310942,0.0,0.0,0.0,0.0,0.0,0.0,product-reviews,1
2026-07-22 07:12:35,0.3799705250310942,0.0,0.0,0.0,0.0,0.0,0.0,product-reviews,1
2026-07-22 07:17:35,0.3799705250310942,0.0,0.0,0.0,0.0,0.0,0.0,product-reviews,1
2026-07-22 07:22:35,0.3799705250310942,0.0,0.0,0.0,0.0,0.0,0.0,product-reviews,1
2026-07-22 07:27:35,0.3799705250310942,0.0,0.0,0.0,0.0,0.0,0.0,product-reviews,1
2026-07-22 07:32:35,0.3799705250310942,0.0,0.0,0.0,0.0,0.0,0.0,product-reviews,1
2026-07-22 07:37:35,0.3799705250310942,0.0,0.0,0.0,0.0,0.0,0.0,product-reviews,1
2026-07-22 07:42:35,0.3799705250310942,0.0,0.0,0.0,0.0,0.0,0.0,product-reviews,1
2026-07-22 07:47:35,0.3799705250310942,0.0,0.0,0.0,0.0,0.0,0.0,product-reviews,1
2026-07-22 07:52:35,0.3799705250310942,0.0,0.0,0.0,0.0,0.0,0.0,product-reviews,1
2026-07-22 07:57:35,0.3799705250310942,0.0,0.0,0.0,0.0,0.0,0.0,product-reviews,1
2026-07-22 08:02:35,0.3799705250310942,0.0,0.0,0.0,0.0,0.0,0.0,product-reviews,1
2026-07-22 08:07:35,0.3799705250310942,0.0,0.0,0.0,0.0,0.0,0.0,product-reviews,1
2026-07-22 08:12:35,0.3799705250310942,0.0,0.0,0.0,0.0,0.0,0.0,product-reviews,1
2026-07-22 08:17:35,0.3799705250310942,0.0,0.0,0.0,0.0,0.0,0.0,product-reviews,1
2026-07-22 08:22:35,0.3799705250310942,0.0,0.0,0.0,0.0,0.0,0.0,product-reviews,1
2026-07-22 08:27:35,0.3799705250310942,0.0,0.0,0.0,0.0,0.0,0.0,product-reviews,1
2026-07-22 08:32:35,0.3799705250310942,0.0,0.0,0.0,0.0,0.0,0.0,product-reviews,1
2026-07-22 08:37:35,0.3799705250310942,0.0,0.0,0.0,0.0,0.0,0.0,product-reviews,1
2026-07-22 08:42:35,0.3799705250310942,0.0,0.0,0.0,0.0,0.0,0.0,product-reviews,1
2026-07-22 08:47:35,0.3799705250310942,0.0,0.0,0.0,0.0,0.0,0.0,product-reviews,1
2026-07-22 08:52:35,0.3799705250310942,0.0,0.0,0.0,0.0,0.0,0.0,product-reviews,1
2026-07-22 08:57:35,0.3799705250310942,0.0,0.0,0.0,0.0,0.0,0.0,product-reviews,1
2026-07-22 09:02:35,0.3799705250310942,0.0,0.0,0.0,0.0,0.0,0.0,product-reviews,1
2026-07-22 09:07:35,0.3799705250310942,0.0,0.0,0.0,0.0,0.0,0.0,product-reviews,1
2026-07-22 09:12:35,0.3799705250310942,0.0,0.0,0.0,0.0,0.0,0.0,product-reviews,1
2026-07-22 09:17:35,0.3799705250310942,0.0,0.0,0.0,0.0,0.0,0.0,product-reviews,1
2026-07-22 09:22:35,0.3799705250310942,0.0,0.0,0.0,0.0,0.0,0.0,product-reviews,1
2026-07-22 09:27:35,0.3799705250310942,0.0,0.0,0.0,0.0,0.0,0.0,product-reviews,1
2026-07-22 09:32:35,0.3799705250310942,0.0,0.0,0.0,0.0,0.0,0.0,product-reviews,1
2026-07-22 09:37:35,0.3799705250310942,0.0,0.0,0.0,0.0,0.0,0.0,product-reviews,1
2026-07-22 09:42:35,0.3799705250310942,0.0,0.0,0.0,0.0,0.0,0.0,product-reviews,1
2026-07-22 09:47:35,0.3799705250310942,0.0,0.0,0.0,0.0,0.0,0.0,product-reviews,1
2026-07-22 09:52:35,0.3799705250310942,0.0,0.0,0.0,0.0,0.0,0.0,product-reviews,1
2026-07-22 09:57:35,0.3799705250310942,0.0,0.0,0.0,0.0,0.0,0.0,product-reviews,1
2026-07-22 10:02:35,0.3799705250310942,0.0,0.0,0.0,0.0,0.0,0.0,product-reviews,1
2026-07-22 10:07:35,0.3799705250310942,0.0,0.0,0.0,0.0,0.0,0.0,product-reviews,1
2026-07-22 10:12:35,0.3799705250310942,0.0,0.0,0.0,0.0,0.0,0.0,product-reviews,1
2026-07-22 10:17:35,0.3799705250310942,0.0,0.0,0.0,0.0,0.0,0.0,product-reviews,1
2026-07-22 10:22:35,0.3799705250310942,0.0,0.0,0.0,0.0,0.0,0.0,product-reviews,1
2026-07-22 10:27:35,0.3799705250310942,0.0,0.0,0.0,0.0,0.0,0.0,product-reviews,1
2026-07-22 10:32:35,0.3799705250310942,0.0,0.0,0.0,0.0,0.0,0.0,product-reviews,1
2026-07-22 10:37:35,0.3799705250310942,0.0,0.0,0.0,0.0,0.0,0.0,product-reviews,1
2026-07-22 10:42:35,0.3799705250310942,0.0,0.0,0.0,0.0,0.0,0.0,product-reviews,1
2026-07-22 10:47:35,0.3799705250310942,0.0,0.0,0.0,0.0,0.0,0.0,product-reviews,1
2026-07-22 10:52:35,0.3799705250310942,0.0,0.0,0.0,0.0,0.0,0.0,product-reviews,1
2026-07-22 10:57:35,0.3799705250310942,0.0,0.0,0.0,0.0,0.0,0.0,product-reviews,1
2026-07-22 11:02:35,0.3799705250310942,0.0,0.0,0.0,0.0,0.0,0.0,product-reviews,1
2026-07-22 11:07:35,0.3799705250310942,0.0,0.0,0.0,0.0,0.0,0.0,product-reviews,1
2026-07-22 11:12:35,0.3799705250310942,0.0,0.0,0.0,0.0,0.0,0.0,product-reviews,1
2026-07-22 11:17:35,0.3799705250310942,0.0,0.0,0.0,0.0,0.0,0.0,product-reviews,1
2026-07-22 11:22:35,0.3799705250310942,0.0,0.0,0.0,0.0,0.0,0.0,product-reviews,1
2026-07-22 11:27:35,0.3799705250310942,0.0,0.0,0.0,0.0,0.0,0.0,product-reviews,1
2026-07-22 11:32:35,0.3799705250310942,0.0,0.0,0.0,0.0,0.0,0.0,product-reviews,1
2026-07-22 11:37:35,0.3799705250310942,0.0,0.0,0.0,0.0,0.0,0.0,product-reviews,1
2026-07-22 11:42:35,0.3799705250310942,0.0,0.0,0.0,0.0,0.0,0.0,product-reviews,1
2026-07-22 11:47:35,0.3799705250310942,0.0,0.0,0.0,0.0,0.0,0.0,product-reviews,1
2026-07-22 11:52:35,0.3799705250310942,0.0,0.0,0.0,0.0,0.0,0.0,product-reviews,1
2026-07-22 11:57:35,0.3799705250310942,0.0,0.0,0.0,0.0,0.0,0.0,product-reviews,1
2026-07-22 12:02:35,0.3799705250310942,0.0,0.0,0.0,0.0,0.0,0.0,product-reviews,1
2026-07-22 12:07:35,0.3799705250310942,0.0,0.0,0.0,0.0,0.0,0.0,product-reviews,1
2026-07-22 12:12:35,0.3799705250310942,0.0,0.0,0.0,0.0,0.0,0.0,product-reviews,1
2026-07-22 12:17:35,0.3799705250310942,0.0,0.0,0.0,0.0,0.0,0.0,product-reviews,1
2026-07-22 12:22:35,0.3799705250310942,0.0,0.0,0.0,0.0,0.0,0.0,product-reviews,1
2026-07-22 12:27:35,0.3799705250310942,0.0,0.0,0.0,0.0,0.0,0.0,product-reviews,1
2026-07-22 12:32:35,0.3799705250310942,0.0,0.0,0.0,0.0,0.0,0.0,product-reviews,1
2026-07-22 12:37:35,0.3799705250310942,0.0,0.0,0.0,0.0,0.0,0.0,product-reviews,1
2026-07-22 12:42:35,0.3799705250310942,0.0,0.0,0.0,0.0,0.0,0.0,product-reviews,1
2026-07-22 12:47:35,0.3799705250310942,0.0,0.0,0.0,0.0,0.0,0.0,product-reviews,1
2026-07-22 12:52:35,0.3799705250310942,0.0,0.0,0.0,0.0,0.0,0.0,product-reviews,1
2026-07-22 12:57:35,0.3799705250310942,0.0,0.0,0.0,0.0,0.0,0.0,product-reviews,1
2026-07-22 13:02:35,0.3799705250310942,0.0,0.0,0.0,0.0,0.0,0.0,product-reviews,1
2026-07-22 13:07:35,0.3799705250310942,0.0,0.0,0.0,0.0,0.0,0.0,product-reviews,1
2026-07-22 13:12:35,0.3799705250310942,0.0,0.0,0.0,0.0,0.0,0.0,product-reviews,1
2026-07-22 13:17:35,0.3799705250310942,0.0,0.0,0.0,0.0,0.0,0.0,product-reviews,1
2026-07-22 13:22:35,0.3799705250310942,0.0,0.0,0.0,0.0,0.0,0.0,product-reviews,1
2026-07-22 13:27:35,0.3799705250310942,0.0,0.0,0.0,0.0,0.0,0.0,product-reviews,1
2026-07-22 13:32:35,0.3799705250310942,0.0,0.0,0.0,0.0,0.0,0.0,product-reviews,1
2026-07-22 13:37:35,0.3799705250310942,0.0,0.0,0.0,0.0,0.0,0.0,product-reviews,1
2026-07-22 13:42:35,0.3799705250310942,0.0,0.0,0.0,0.0,0.0,0.0,product-reviews,1
2026-07-22 13:47:35,0.3799705250310942,0.0,0.0,0.0,0.0,0.0,0.0,product-reviews,1
2026-07-22 13:52:35,0.3799705250310942,0.0,0.0,0.0,0.0,0.0,0.0,product-reviews,1
2026-07-22 13:57:35,0.3799705250310942,0.0,0.0,0.0,0.0,0.0,0.0,product-reviews,1
2026-07-22 14:02:35,0.3799705250310942,0.0,0.0,0.0,0.0,0.0,0.0,product-reviews,1
2026-07-22 14:07:35,0.3799705250310942,0.0,0.0,0.0,0.0,0.0,0.0,product-reviews,1
2026-07-22 14:12:35,0.3799705250310942,0.0,0.0,0.0,0.0,0.0,0.0,product-reviews,1
2026-07-22 14:17:35,0.3799705250310942,0.0,0.0,0.0,0.0,0.0,0.0,product-reviews,1
2026-07-22 14:22:35,0.3799705250310942,0.0,0.0,0.0,0.0,0.0,0.0,product-reviews,1
2026-07-22 14:27:35,0.3799705250310942,0.0,0.0,0.0,0.0,0.0,0.0,product-reviews,1
2026-07-22 14:32:35,0.3799705250310942,0.0,0.0,0.0,0.0,0.0,0.0,product-reviews,1
2026-07-22 14:37:35,0.3799705250310942,0.0,0.0,0.0,0.0,0.0,0.0,product-reviews,1
2026-07-22 14:42:35,0.3799705250310942,0.0,0.0,0.0,0.0,0.0,0.0,product-reviews,1
2026-07-22 14:47:35,0.3799705250310942,0.0,0.0,0.0,0.0,0.0,0.0,product-reviews,1
2026-07-22 14:52:35,0.3799705250310942,0.0,0.0,0.0,0.0,0.0,0.0,product-reviews,1
2026-07-22 14:57:35,0.3799705250310942,0.0,0.0,0.0,0.0,0.0,0.0,product-reviews,1
2026-07-22 15:02:35,0.3799705250310942,0.0,0.0,0.0,0.0,0.0,0.0,product-reviews,1
2026-07-22 15:07:35,0.3799705250310942,0.0,0.0,0.0,0.0,0.0,0.0,product-reviews,1
2026-07-22 15:12:35,0.3799705250310942,0.0,0.0,0.0,0.0,0.0,0.0,product-reviews,1
2026-07-22 15:17:35,0.3799705250310942,0.0,0.0,0.0,0.0,0.0,0.0,product-reviews,1
2026-07-22 15:22:35,0.3799705250310942,0.0,0.0,0.0,0.0,0.0,0.0,product-reviews,1
2026-07-22 15:27:35,0.3799705250310942,0.0,0.0,0.0,0.0,0.0,0.0,product-reviews,1
2026-07-22 15:32:35,0.3799705250310942,0.0,0.0,0.0,0.0,0.0,0.0,product-reviews,1
2026-07-22 15:37:35,0.3799705250310942,0.0,0.0,0.0,0.0,0.0,0.0,product-reviews,1
2026-07-22 15:42:35,0.3799705250310942,0.0,0.0,0.0,0.0,0.0,0.0,product-reviews,1
2026-07-22 15:47:35,0.3799705250310942,0.0,0.0,0.0,0.0,0.0,0.0,product-reviews,1
2026-07-22 15:52:35,0.3799705250310942,0.0,0.0,0.0,0.0,0.0,0.0,product-reviews,1
2026-07-22 15:57:35,0.3799705250310942,0.0,0.0,0.0,0.0,0.0,0.0,product-reviews,1
2026-07-22 16:02:35,0.3799705250310942,0.0,0.0,0.0,0.0,0.0,0.0,product-reviews,1
2026-07-22 16:07:35,0.3799705250310942,0.0,0.0,0.0,0.0,0.0,0.0,product-reviews,1
2026-07-22 16:12:35,0.3799705250310942,0.0,0.0,0.0,0.0,0.0,0.0,product-reviews,1
2026-07-22 16:17:35,0.3799705250310942,0.0,0.0,0.0,0.0,0.0,0.0,product-reviews,1
2026-07-22 16:22:35,0.3799705250310942,0.0,0.0,0.0,0.0,0.0,0.0,product-reviews,1
2026-07-22 16:27:35,0.3799705250310942,0.0,0.0,0.0,0.0,0.0,0.0,product-reviews,1
2026-07-22 16:32:35,0.3799705250310942,0.0,0.0,0.0,0.0,0.0,0.0,product-reviews,1
2026-07-22 16:37:35,0.3799705250310942,0.0,0.0,0.0,0.0,0.0,0.0,product-reviews,1
2026-07-22 16:42:35,0.3799705250310942,0.0,0.0,0.0,0.0,0.0,0.0,product-reviews,1
2026-07-22 16:47:35,0.3799705250310942,0.0,0.0,0.0,0.0,0.0,0.0,product-reviews,1
2026-07-22 16:52:35,0.3799705250310942,0.0,0.0,0.0,0.0,0.0,0.0,product-reviews,1
2026-07-22 16:57:35,0.3799705250310942,0.0,0.0,0.0,0.0,0.0,0.0,product-reviews,1
2026-07-22 17:02:35,0.3799705250310942,0.0,0.0,0.0,0.0,0.0,0.0,product-reviews,1
2026-07-22 17:07:35,0.3799705250310942,0.0,0.0,0.0,0.0,0.0,0.0,product-reviews,1
2026-07-22 17:12:35,0.3799705250310942,0.0,0.0,0.0,0.0,0.0,0.0,product-reviews,1
2026-07-22 17:17:35,0.3799705250310942,0.0,0.0,0.0,0.0,0.0,0.0,product-reviews,1
2026-07-22 17:22:35,0.3799705250310942,0.0,0.0,0.0,0.0,0.0,0.0,product-reviews,1
2026-07-22 17:27:35,0.3799705250310942,0.0,0.0,0.0,0.0,0.0,0.0,product-reviews,1
2026-07-22 17:32:35,0.3799705250310942,0.0,0.0,0.0,0.0,0.0,0.0,product-reviews,1
2026-07-22 17:37:35,0.3799705250310942,0.0,0.0,0.0,0.0,0.0,0.0,product-reviews,1
2026-07-22 17:42:35,0.3799705250310942,0.0,0.0,0.0,0.0,0.0,0.0,product-reviews,1
2026-07-22 17:47:35,0.3799705250310942,0.0,0.0,0.0,0.0,0.0,0.0,product-reviews,1
2026-07-22 17:52:35,0.3799705250310942,0.0,0.0,0.0,0.0,0.0,0.0,product-reviews,1
2026-07-22 17:57:35,0.3799705250310942,0.0,0.0,0.0,0.0,0.0,0.0,product-reviews,1
2026-07-22 18:02:35,0.3799705250310942,0.0,0.0,0.0,0.0,0.0,0.0,product-reviews,1
2026-07-22 18:07:35,0.3799705250310942,0.0,0.0,0.0,0.0,0.0,0.0,product-reviews,1
2026-07-22 18:12:35,0.3799705250310942,0.0,0.0,0.0,0.0,0.0,0.0,product-reviews,1
2026-07-22 18:17:35,0.3799705250310942,0.0,0.0,0.0,0.0,0.0,0.0,product-reviews,1
2026-07-22 18:22:35,0.3799705250310942,0.0,0.0,0.0,0.0,0.0,0.0,product-reviews,1
2026-07-22 18:27:35,0.3799705250310942,0.0,0.0,0.0,0.0,0.0,0.0,product-reviews,1
2026-07-22 18:32:35,0.3799705250310942,0.0,0.0,0.0,0.0,0.0,0.0,product-reviews,1
2026-07-22 18:37:35,0.3799705250310942,0.0,0.0,0.0,0.0,0.0,0.0,product-reviews,1
2026-07-22 18:42:35,0.3799705250310942,0.0,0.0,0.0,0.0,0.0,0.0,product-reviews,1
2026-07-22 18:47:35,0.3799705250310942,0.0,0.0,0.0,0.0,0.0,0.0,product-reviews,1
2026-07-22 18:52:35,0.3799705250310942,0.0,0.0,0.0,0.0,0.0,0.0,product-reviews,1
2026-07-22 18:57:35,0.3799705250310942,0.0,0.0,0.0,0.0,0.0,0.0,product-reviews,1
2026-07-22 19:02:35,0.3799705250310942,0.0,0.0,0.0,0.0,0.0,0.0,product-reviews,1
2026-07-22 19:07:35,0.3799705250310942,0.0,0.0,0.0,0.0,0.0,0.0,product-reviews,1
2026-07-22 19:12:35,0.3799705250310942,0.0,0.0,0.0,0.0,0.0,0.0,product-reviews,1
2026-07-22 19:17:35,0.3799705250310942,0.0,0.0,0.0,0.0,0.0,0.0,product-reviews,1
2026-07-22 19:22:35,0.3799705250310942,0.0,0.0,0.0,0.0,0.0,0.0,product-reviews,1
2026-07-22 19:27:35,0.3799705250310942,0.0,0.0,0.0,0.0,0.0,0.0,product-reviews,1
2026-07-22 19:32:35,0.3799705250310942,0.0,0.0,0.0,0.0,0.0,0.0,product-reviews,1
2026-07-22 19:37:35,0.3799705250310942,0.0,0.0,0.0,0.0,0.0,0.0,product-reviews,1
2026-07-22 19:42:35,0.3799705250310942,0.0,0.0,0.0,0.0,0.0,0.0,product-reviews,1
2026-07-22 19:47:35,0.3799705250310942,0.0,0.0,0.0,0.0,0.0,0.0,product-reviews,1
2026-07-22 19:52:35,0.3799705250310942,0.0,0.0,0.0,0.0,0.0,0.0,product-reviews,1
2026-07-22 19:57:35,0.3799705250310942,0.0,0.0,0.0,0.0,0.0,0.0,product-reviews,1
2026-07-22 20:02:35,0.3799705250310942,0.0,0.0,0.0,0.0,0.0,0.0,product-reviews,1
2026-07-22 20:07:35,0.3799705250310942,0.0,0.0,0.0,0.0,0.0,0.0,product-reviews,1
2026-07-22 20:12:35,0.3799705250310942,0.0,0.0,0.0,0.0,0.0,0.0,product-reviews,1
2026-07-22 20:17:35,0.3799705250310942,0.0,0.0,0.0,0.0,0.0,0.0,product-reviews,1
2026-07-22 20:22:35,0.3799705250310942,0.0,0.0,0.0,0.0,0.0,0.0,product-reviews,1
2026-07-22 20:27:35,0.3799705250310942,0.0,0.0,0.0,0.0,0.0,0.0,product-reviews,1
2026-07-22 20:32:35,0.3799705250310942,0.0,0.0,0.0,0.0,0.0,0.0,product-reviews,1
2026-07-22 20:37:35,0.3799705250310942,0.0,0.0,0.0,0.0,0.0,0.0,product-reviews,1
2026-07-22 20:42:35,0.3799705250310942,0.0,0.0,0.0,0.0,0.0,0.0,product-reviews,1
2026-07-22 20:47:35,0.3799705250310942,0.0,0.0,0.0,0.0,0.0,0.0,product-reviews,1
2026-07-22 20:52:35,0.3799705250310942,0.0,0.0,0.0,0.0,0.0,0.0,product-reviews,1
2026-07-22 20:57:35,0.3799705250310942,0.0,0.0,0.0,0.0,0.0,0.0,product-reviews,1
2026-07-22 21:02:35,0.3799705250310942,0.0,0.0,0.0,0.0,0.0,0.0,product-reviews,1
2026-07-22 21:07:35,0.3799705250310942,0.0,0.0,0.0,0.0,0.0,0.0,product-reviews,1
2026-07-22 21:12:35,0.3799705250310942,0.0,0.0,0.0,0.0,0.0,0.0,product-reviews,1
2026-07-22 21:17:35,0.3799705250310942,0.0,0.0,0.0,0.0,0.0,0.0,product-reviews,1
2026-07-22 21:22:35,0.3799705250310942,0.0,0.0,0.0,0.0,0.0,0.0,product-reviews,1
2026-07-22 21:27:35,0.3799705250310942,0.0,0.0,0.0,0.0,0.0,0.0,product-reviews,1
2026-07-22 21:32:35,0.3799705250310942,0.0,0.0,0.0,0.0,0.0,0.0,product-reviews,1
2026-07-22 21:37:35,0.3799705250310942,0.0,0.0,0.0,0.0,0.0,0.0,product-reviews,1
2026-07-22 21:42:35,0.3799705250310942,0.0,0.0,0.0,0.0,0.0,0.0,product-reviews,1
2026-07-22 21:47:35,0.3799705250310942,0.0,0.0,0.0,0.0,0.0,0.0,product-reviews,1
2026-07-22 21:52:35,0.3799705250310942,0.0,0.0,0.0,0.0,0.0,0.0,product-reviews,1
2026-07-22 21:57:35,0.3799705250310942,0.0,0.0,0.0,0.0,0.0,0.0,product-reviews,1
2026-07-22 22:02:35,0.3799705250310942,0.0,0.0,0.0,0.0,0.0,0.0,product-reviews,1
2026-07-22 22:07:35,0.3799705250310942,0.0,0.0,0.0,0.0,0.0,0.0,product-reviews,1
2026-07-22 22:12:35,0.3799705250310942,0.0,0.0,0.0,0.0,0.0,0.0,product-reviews,1
2026-07-22 22:17:35,0.3799705250310942,0.0,0.0,0.0,0.0,0.0,0.0,product-reviews,1
2026-07-22 22:22:35,0.3799705250310942,0.0,0.0,0.0,0.0,0.0,0.0,product-reviews,1
2026-07-22 22:27:35,0.3799705250310942,0.0,0.0,0.0,0.0,0.0,0.0,product-reviews,1
2026-07-22 22:32:35,0.3799705250310942,0.0,0.0,0.0,0.0,0.0,0.0,product-reviews,1
2026-07-22 22:37:35,0.3799705250310942,0.0,0.0,0.0,0.0,0.0,0.0,product-reviews,1
2026-07-22 22:42:35,0.3799705250310942,0.0,0.0,0.0,0.0,0.0,0.0,product-reviews,1
2026-07-22 22:47:35,0.3799705250310942,0.0,0.0,0.0,0.0,0.0,0.0,product-reviews,1
2026-07-22 22:52:35,0.3799705250310942,0.0,0.0,0.0,0.0,0.0,0.0,product-reviews,1
2026-07-22 22:57:35,0.3799705250310942,0.0,0.0,0.0,0.0,0.0,0.0,product-reviews,1
2026-07-22 23:02:35,0.3799705250310942,0.0,0.0,0.0,0.0,0.0,0.0,product-reviews,1
2026-07-22 23:07:35,0.3799705250310942,0.0,0.0,0.0,0.0,0.0,0.0,product-reviews,1
2026-07-22 23:12:35,0.3799705250310942,0.0,0.0,0.0,0.0,0.0,0.0,product-reviews,1
2026-07-22 23:17:35,0.3799705250310942,0.0,0.0,0.0,0.0,0.0,0.0,product-reviews,1
2026-07-22 23:22:35,0.3799705250310942,0.0,0.0,0.0,0.0,0.0,0.0,product-reviews,1
2026-07-22 23:27:35,0.3799705250310942,0.0,0.0,0.0,0.0,0.0,0.0,product-reviews,1
2026-07-22 23:32:35,0.3799705250310942,0.0,0.0,0.0,0.0,0.0,0.0,product-reviews,1
2026-07-22 23:37:35,0.3799705250310942,0.0,0.0,0.0,0.0,0.0,0.0,product-reviews,1
2026-07-22 23:42:35,0.3799705250310942,0.0,0.0,0.0,0.0,0.0,0.0,product-reviews,1
2026-07-22 23:47:35,0.3799705250310942,0.0,0.0,0.0,0.0,0.0,0.0,product-reviews,1
2026-07-22 23:52:35,0.3799705250310942,0.0,0.0,0.0,0.0,0.0,0.0,product-reviews,1
2026-07-22 23:57:35,0.3799705250310942,0.0,0.0,0.0,0.0,0.0,0.0,product-reviews,1
2026-07-23 00:02:35,0.3799705250310942,0.0,0.0,0.0,0.0,0.0,0.0,product-reviews,1
2026-07-23 00:07:35,0.3799705250310942,0.0,0.0,0.0,0.0,0.0,0.0,product-reviews,1
2026-07-23 00:12:35,0.3799705250310942,0.0,0.0,0.0,0.0,0.0,0.0,product-reviews,1
2026-07-23 00:17:35,0.3799705250310942,0.0,0.0,0.0,0.0,0.0,0.0,product-reviews,1
2026-07-23 00:22:35,0.3799705250310942,0.0,0.0,0.0,0.0,0.0,0.0,product-reviews,1
2026-07-23 00:27:35,0.3799705250310942,0.0,0.0,0.0,0.0,0.0,0.0,product-reviews,1
2026-07-23 00:32:35,0.3799705250310942,0.0,0.0,0.0,0.0,0.0,0.0,product-reviews,1
2026-07-23 00:37:35,0.3799705250310942,0.0,0.0,0.0,0.0,0.0,0.0,product-reviews,1
2026-07-23 00:42:35,0.3799705250310942,0.0,0.0,0.0,0.0,0.0,0.0,product-reviews,1
2026-07-23 00:47:35,0.3799705250310942,0.0,0.0,0.0,0.0,0.0,0.0,product-reviews,1
2026-07-23 00:52:35,0.3799705250310942,0.0,0.0,0.0,0.0,0.0,0.0,product-reviews,1
2026-07-23 00:57:35,0.3799705250310942,0.0,0.0,0.0,0.0,0.0,0.0,product-reviews,1
2026-07-23 01:02:35,0.3799705250310942,0.0,0.0,0.0,0.0,0.0,0.0,product-reviews,1
2026-07-23 01:07:35,0.3799705250310942,0.0,0.0,0.0,0.0,0.0,0.0,product-reviews,1
2026-07-23 01:12:35,0.3799705250310942,0.0,0.0,0.0,0.0,0.0,0.0,product-reviews,1
2026-07-23 01:17:35,0.3799705250310942,0.0,0.0,0.0,0.0,0.0,0.0,product-reviews,1
2026-07-23 01:22:35,0.3799705250310942,0.0,0.0,0.0,0.0,0.0,0.0,product-reviews,1
2026-07-23 01:27:35,0.3799705250310942,0.0,0.0,0.0,0.0,0.0,0.0,product-reviews,1
2026-07-23 01:32:35,0.3799705250310942,0.0,0.0,0.0,0.0,0.0,0.0,product-reviews,1
2026-07-23 01:37:35,0.3799705250310942,0.0,0.0,0.0,0.0,0.0,0.0,product-reviews,1
2026-07-23 01:42:35,0.3799705250310942,0.0,0.0,0.0,0.0,0.0,0.0,product-reviews,1
2026-07-23 01:47:35,0.3799705250310942,0.0,0.0,0.0,0.0,0.0,0.0,product-reviews,1
2026-07-23 01:52:35,0.3799705250310942,0.0,0.0,0.0,0.0,0.0,0.0,product-reviews,1
2026-07-23 01:57:35,0.3799705250310942,0.0,0.0,0.0,0.0,0.0,0.0,product-reviews,1
2026-07-23 02:02:35,0.3799705250310942,0.0,0.0,0.0,0.0,0.0,0.0,product-reviews,1
2026-07-23 02:07:35,0.3799705250310942,0.0,0.0,0.0,0.0,0.0,0.0,product-reviews,1
2026-07-23 02:12:35,0.3799705250310942,0.0,0.0,0.0,0.0,0.0,0.0,product-reviews,1
2026-07-23 02:17:35,0.3799705250310942,0.0,0.0,0.0,0.0,0.0,0.0,product-reviews,1
2026-07-23 02:22:35,0.3799705250310942,0.0,0.0,0.0,0.0,0.0,0.0,product-reviews,1
2026-07-23 02:27:35,0.3799705250310942,0.0,0.0,0.0,0.0,0.0,0.0,product-reviews,1
2026-07-23 02:32:35,0.3799705250310942,0.0,0.0,0.0,0.0,0.0,0.0,product-reviews,1
2026-07-23 02:37:35,0.3799705250310942,0.0,0.0,0.0,0.0,0.0,0.0,product-reviews,1
2026-07-23 02:42:35,0.3799705250310942,0.0,0.0,0.0,0.0,0.0,0.0,product-reviews,1
2026-07-23 02:47:35,0.3799705250310942,0.0,0.0,0.0,0.0,0.0,0.0,product-reviews,1
2026-07-23 02:52:35,0.3799705250310942,0.0,0.0,0.0,0.0,0.0,0.0,product-reviews,1
2026-07-23 02:57:35,0.3799705250310942,0.0,0.0,0.0,0.0,0.0,0.0,product-reviews,1
2026-07-23 03:02:35,0.3799705250310942,0.0,0.0,0.0,0.0,0.0,0.0,product-reviews,1
2026-07-23 03:07:35,0.3799705250310942,0.0,0.0,0.0,0.0,0.0,0.0,product-reviews,1
2026-07-23 03:12:35,0.3799705250310942,0.0,0.0,0.0,0.0,0.0,0.0,product-reviews,1
2026-07-23 03:17:35,0.3799705250310942,0.0,0.0,0.0,0.0,0.0,0.0,product-reviews,1
2026-07-23 03:22:35,0.3799705250310942,0.0,0.0,0.0,0.0,0.0,0.0,product-reviews,1
2026-07-23 03:27:35,0.3799705250310942,0.0,0.0,0.0,0.0,0.0,0.0,product-reviews,1
2026-07-23 03:32:35,0.3799705250310942,0.0,0.0,0.0,0.0,0.0,0.0,product-reviews,1
2026-07-23 03:37:35,0.3799705250310942,0.0,0.0,0.0,0.0,0.0,0.0,product-reviews,1
2026-07-23 03:42:35,0.3799705250310942,0.0,0.0,0.0,0.0,0.0,0.0,product-reviews,1
2026-07-23 03:47:35,0.3799705250310942,0.0,0.0,0.0,0.0,0.0,0.0,product-reviews,1
2026-07-23 03:52:35,0.3799705250310942,0.0,0.0,0.0,0.0,0.0,0.0,product-reviews,1
2026-07-23 03:57:35,0.3799705250310942,0.0,0.0,0.0,0.0,0.0,0.0,product-reviews,1
2026-07-23 04:02:35,0.3799705250310942,0.0,0.0,0.0,0.0,0.0,0.0,product-reviews,1
2026-07-23 04:07:35,0.3799705250310942,0.0,0.0,0.0,0.0,0.0,0.0,product-reviews,1
2026-07-23 04:12:35,0.3799705250310942,0.0,0.0,0.0,0.0,0.0,0.0,product-reviews,1
2026-07-23 04:17:35,0.3799705250310942,0.0,0.0,0.0,0.0,0.0,0.0,product-reviews,1
2026-07-23 04:22:35,0.3799705250310942,0.0,0.0,0.0,0.0,0.0,0.0,product-reviews,1
2026-07-23 04:27:35,0.3799705250310942,0.0,0.0,0.0,0.0,0.0,0.0,product-reviews,1
2026-07-23 04:32:35,0.3799705250310942,0.0,0.0,0.0,0.0,0.0,0.0,product-reviews,1
2026-07-23 04:37:35,0.3799705250310942,0.0,0.0,0.0,0.0,0.0,0.0,product-reviews,1
2026-07-23 04:42:35,0.3799705250310942,0.0,0.0,0.0,0.0,0.0,0.0,product-reviews,1
2026-07-23 04:47:35,0.3799705250310942,0.0,0.0,0.0,0.0,0.0,0.0,product-reviews,1
2026-07-23 04:52:35,0.3799705250310942,0.0,0.0,0.0,0.0,0.0,0.0,product-reviews,1
2026-07-23 04:57:35,0.3799705250310942,0.0,0.0,0.0,0.0,0.0,0.0,product-reviews,1
2026-07-23 05:02:35,0.3799705250310942,0.0,0.0,0.0,0.0,0.0,0.0,product-reviews,1
2026-07-23 05:07:35,0.3799705250310942,0.0,0.0,0.0,0.0,0.0,0.0,product-reviews,1
2026-07-23 05:12:35,0.3799705250310942,0.0,0.0,0.0,0.0,0.0,0.0,product-reviews,1
2026-07-23 05:17:35,0.3799705250310942,0.0,0.0,0.0,0.0,0.0,0.0,product-reviews,1
2026-07-23 05:22:35,0.3799705250310942,0.0,0.0,0.0,0.0,0.0,0.0,product-reviews,1
2026-07-23 05:27:35,0.3799705250310942,0.0,0.0,0.0,0.0,0.0,0.0,product-reviews,1
2026-07-23 05:32:35,0.3799705250310942,0.0,0.0,0.0,0.0,0.0,0.0,product-reviews,1
2026-07-23 05:37:35,0.3799705250310942,0.0,0.0,0.0,0.0,0.0,0.0,product-reviews,1
2026-07-23 05:42:35,0.3799705250310942,0.0,0.0,0.0,0.0,0.0,0.0,product-reviews,1
2026-07-23 05:47:35,0.3799705250310942,0.0,0.0,0.0,0.0,0.0,0.0,product-reviews,1
2026-07-23 05:52:35,0.3799705250310942,0.0,0.0,0.0,0.0,0.0,0.0,product-reviews,1
2026-07-23 05:57:35,0.3799705250310942,0.0,0.0,0.0,0.0,0.0,0.0,product-reviews,1
2026-07-23 06:02:35,0.3799705250310942,0.0,0.0,0.0,0.0,0.0,0.0,product-reviews,1
2026-07-23 06:07:35,0.3799705250310942,0.0,0.0,0.0,0.0,0.0,0.0,product-reviews,1
2026-07-23 06:12:35,0.3799705250310942,0.0,0.0,0.0,0.0,0.0,0.0,product-reviews,1
2026-07-23 06:17:35,0.3799705250310942,0.0,0.0,0.0,0.0,0.0,0.0,product-reviews,1
2026-07-23 06:22:35,0.3799705250310942,0.0,0.0,0.0,0.0,0.0,0.0,product-reviews,1
2026-07-23 06:27:35,0.3799705250310942,0.0,0.0,0.0,0.0,0.0,0.0,product-reviews,1
2026-07-23 06:32:35,0.3799705250310942,0.0,0.0,0.0,0.0,0.0,0.0,product-reviews,1
2026-07-23 06:37:35,0.3799705250310942,0.0,0.0,0.0,0.0,0.0,0.0,product-reviews,1
2026-07-23 06:42:35,0.3799705250310942,0.0,0.0,0.0,0.0,0.0,0.0,product-reviews,1
2026-07-23 06:47:35,0.3799705250310942,0.0,0.0,0.0,0.0,0.0,0.0,product-reviews,1
2026-07-23 06:52:35,0.3799705250310942,0.0,0.0,0.0,0.0,0.0,0.0,product-reviews,1
2026-07-23 06:57:35,0.3799705250310942,0.0,0.0,0.0,0.0,0.0,0.0,product-reviews,1
2026-07-23 07:02:35,0.3799705250310942,0.0,0.0,0.0,0.0,0.0,0.0,product-reviews,1
2026-07-23 07:07:35,0.3799705250310942,0.0,0.0,0.0,0.0,0.0,0.0,product-reviews,1
2026-07-23 07:12:35,0.3799705250310942,0.0,0.0,0.0,0.0,0.0,0.0,product-reviews,1
2026-07-23 07:17:35,0.3799705250310942,0.0,0.0,0.0,0.0,0.0,0.0,product-reviews,1
2026-07-23 07:22:35,0.3799705250310942,0.0,0.0,0.0,0.0,0.0,0.0,product-reviews,1
2026-07-23 07:27:35,0.3799705250310942,0.0,0.0,0.0,0.0,0.0,0.0,product-reviews,1
2026-07-23 07:32:35,0.3799705250310942,0.0,0.0,0.0,0.0,0.0,0.0,product-reviews,1
2026-07-23 07:37:35,0.3799705250310942,0.0,0.0,0.0,0.0,0.0,0.0,product-reviews,1
2026-07-23 07:42:35,0.3799705250310942,0.0,0.0,0.0,0.0,0.0,0.0,product-reviews,1
2026-07-23 07:47:35,0.3799705250310942,0.0,0.0,0.0,0.0,0.0,0.0,product-reviews,1
2026-07-23 07:52:35,0.3799705250310942,0.0,0.0,0.0,0.0,0.0,0.0,product-reviews,1
2026-07-23 07:57:35,0.3799705250310942,0.0,0.0,0.0,0.0,0.0,0.0,product-reviews,1
2026-07-23 08:02:35,0.3799705250310942,0.0,0.0,0.0,0.0,0.0,0.0,product-reviews,1
2026-07-23 08:07:35,0.3799705250310942,0.0,0.0,0.0,0.0,0.0,0.0,product-reviews,1
2026-07-23 08:12:35,0.3799705250310942,0.0,0.0,0.0,0.0,0.0,0.0,product-reviews,1
2026-07-23 08:17:35,0.3799705250310942,0.0,0.0,0.0,0.0,0.0,0.0,product-reviews,1
2026-07-23 08:22:35,0.3799705250310942,0.0,0.0,0.0,0.0,0.0,0.0,product-reviews,1
2026-07-23 08:27:35,0.3799705250310942,0.0,0.0,0.0,0.0,0.0,0.0,product-reviews,1
2026-07-23 08:32:35,0.3799705250310942,0.0,0.0,0.0,0.0,0.0,0.0,product-reviews,1
2026-07-23 08:37:35,0.3799705250310942,0.0,0.0,0.0,0.0,0.0,0.0,product-reviews,1
2026-07-23 08:42:35,0.3799705250310942,0.0,0.0,0.0,0.0,0.0,0.0,product-reviews,1
2026-07-23 08:47:35,0.3799705250310942,0.0,0.0,0.0,0.0,0.0,0.0,product-reviews,1
2026-07-23 08:52:35,0.3799705250310942,0.0,0.0,0.0,0.0,0.0,0.0,product-reviews,1
2026-07-23 08:57:35,0.3799705250310942,0.0,0.0,0.0,0.0,0.0,0.0,product-reviews,1
2026-07-23 09:02:35,0.3799705250310942,0.0,0.0,0.0,0.0,0.0,0.0,product-reviews,1
2026-07-23 09:07:35,0.3799705250310942,0.0,0.0,0.0,0.0,0.0,0.0,product-reviews,1
2026-07-23 09:12:35,0.3799705250310942,0.0,0.0,0.0,0.0,0.0,0.0,product-reviews,1
2026-07-23 09:17:35,0.3799705250310942,0.0,0.0,0.0,0.0,0.0,0.0,product-reviews,1
2026-07-23 09:22:35,0.3799705250310942,0.0,0.0,0.0,0.0,0.0,0.0,product-reviews,1
2026-07-23 09:27:35,0.3799705250310942,0.0,0.0,0.0,0.0,0.0,0.0,product-reviews,1
2026-07-23 09:32:35,0.3799705250310942,0.0,0.0,0.0,0.0,0.0,0.0,product-reviews,1
2026-07-23 09:37:35,0.3799705250310942,0.0,0.0,0.0,0.0,0.0,0.0,product-reviews,1
2026-07-23 09:42:35,0.3799705250310942,0.0,0.0,0.0,0.0,0.0,0.0,product-reviews,1
2026-07-23 09:47:35,0.3799705250310942,0.0,0.0,0.0,0.0,0.0,0.0,product-reviews,1
2026-07-23 09:52:35,0.3799705250310942,0.0,0.0,0.0,0.0,0.0,0.0,product-reviews,1
2026-07-23 09:57:35,0.3799705250310942,0.0,0.0,0.0,0.0,0.0,0.0,product-reviews,1
2026-07-23 10:02:35,0.3799705250310942,0.0,0.0,0.0,0.0,0.0,0.0,product-reviews,1
2026-07-23 10:07:35,0.3799705250310942,0.0,0.0,0.0,0.0,0.0,0.0,product-reviews,1
2026-07-23 10:12:35,0.3799705250310942,0.0,0.0,0.0,0.0,0.0,0.0,product-reviews,1
2026-07-23 10:17:35,0.3799705250310942,0.0,0.0,0.0,0.0,0.0,0.0,product-reviews,1
2026-07-23 10:22:35,0.3799705250310942,0.0,0.0,0.0,0.0,0.0,0.0,product-reviews,1
2026-07-23 10:27:35,0.3799705250310942,0.0,0.0,0.0,0.0,0.0,0.0,product-reviews,1
2026-07-23 10:32:35,0.3799705250310942,0.0,0.0,0.0,0.0,0.0,0.0,product-reviews,1
2026-07-23 10:37:35,0.3799705250310942,0.0,0.0,0.0,0.0,0.0,0.0,product-reviews,1
2026-07-23 10:42:35,0.3799705250310942,0.0,0.0,0.0,0.0,0.0,0.0,product-reviews,1
2026-07-23 10:47:35,0.3799705250310942,0.0,0.0,0.0,0.0,0.0,0.0,product-reviews,1
2026-07-23 10:52:35,0.3799705250310942,0.0,0.0,0.0,0.0,0.0,0.0,product-reviews,1
2026-07-23 10:57:35,0.3799705250310942,0.0,0.0,0.0,0.0,0.0,0.0,product-reviews,1
2026-07-23 11:02:35,0.3799705250310942,0.0,0.0,0.0,0.0,0.0,0.0,product-reviews,1
2026-07-23 11:07:35,0.3799705250310942,0.0,0.0,0.0,0.0,0.0,0.0,product-reviews,1
2026-07-23 11:12:35,0.3799705250310942,0.0,0.0,0.0,0.0,0.0,0.0,product-reviews,1
2026-07-23 11:17:35,0.3799705250310942,0.0,0.0,0.0,0.0,0.0,0.0,product-reviews,1
2026-07-23 11:22:35,0.3799705250310942,0.0,0.0,0.0,0.0,0.0,0.0,product-reviews,1
2026-07-23 11:27:35,0.3799705250310942,0.0,0.0,0.0,0.0,0.0,0.0,product-reviews,1
2026-07-23 11:32:35,0.3799705250310942,0.0,0.0,0.0,0.0,0.0,0.0,product-reviews,1
2026-07-23 11:37:35,0.3799705250310942,0.0,0.0,0.0,0.0,0.0,0.0,product-reviews,1
2026-07-23 11:42:35,0.3799705250310942,0.0,0.0,0.0,0.0,0.0,0.0,product-reviews,1
2026-07-23 11:47:35,0.3799705250310942,0.0,0.0,0.0,0.0,0.0,0.0,product-reviews,1
2026-07-23 11:52:35,0.3799705250310942,0.0,0.0,0.0,0.0,0.0,0.0,product-reviews,1
2026-07-23 11:57:35,0.3799705250310942,0.0,0.0,0.0,0.0,0.0,0.0,product-reviews,1
2026-07-23 12:02:35,0.3799705250310942,0.0,0.0,0.0,0.0,0.0,0.0,product-reviews,1
2026-07-23 12:07:35,0.3799705250310942,0.0,0.0,0.0,0.0,0.0,0.0,product-reviews,1
2026-07-23 12:12:35,0.3799705250310942,0.0,0.0,0.0,0.0,0.0,0.0,product-reviews,1
2026-07-23 12:17:35,0.3799705250310942,0.0,0.0,0.0,0.0,0.0,0.0,product-reviews,1
2026-07-23 12:22:35,0.3799705250310942,0.0,0.0,0.0,0.0,0.0,0.0,product-reviews,1
2026-07-23 12:27:35,0.3799705250310942,0.0,0.0,0.0,0.0,0.0,0.0,product-reviews,1
2026-07-23 12:32:35,0.3799705250310942,0.0,0.0,0.0,0.0,0.0,0.0,product-reviews,1
2026-07-23 12:37:35,0.3799705250310942,0.0,0.0,0.0,0.0,0.0,0.0,product-reviews,1
2026-07-23 12:42:35,0.3799705250310942,0.0,0.0,0.0,0.0,0.0,0.0,product-reviews,1
2026-07-23 12:47:35,0.3799705250310942,0.0,0.0,0.0,0.0,0.0,0.0,product-reviews,1
2026-07-23 12:52:35,0.3799705250310942,0.0,0.0,0.0,0.0,0.0,0.0,product-reviews,1
2026-07-23 12:57:35,0.3799705250310942,0.0,0.0,0.0,0.0,0.0,0.0,product-reviews,1
2026-07-23 13:02:35,0.3799705250310942,0.0,0.0,0.0,0.0,0.0,0.0,product-reviews,1
2026-07-23 13:07:35,0.3799705250310942,0.0,0.0,0.0,0.0,0.0,0.0,product-reviews,1
2026-07-23 13:12:35,0.3799705250310942,0.0,0.0,0.0,0.0,0.0,0.0,product-reviews,1
2026-07-23 13:17:35,0.3799705250310942,0.0,0.0,0.0,0.0,0.0,0.0,product-reviews,1
2026-07-23 13:22:35,0.3799705250310942,0.0,0.0,0.0,0.0,0.0,0.0,product-reviews,1
2026-07-23 13:27:35,0.3799705250310942,0.0,0.0,0.0,0.0,0.0,0.0,product-reviews,1
2026-07-23 13:32:35,0.3799705250310942,0.0,0.0,0.0,0.0,0.0,0.0,product-reviews,1
2026-07-23 13:37:35,0.3799705250310942,0.0,0.0,0.0,0.0,0.0,0.0,product-reviews,1
2026-07-23 13:42:35,0.3799705250310942,0.0,0.0,0.0,0.0,0.0,0.0,product-reviews,1
2026-07-23 13:47:35,0.3799705250310942,0.0,0.0,0.0,0.0,0.0,0.0,product-reviews,1
2026-07-23 13:52:35,0.3799705250310942,0.0,0.0,0.0,0.0,0.0,0.0,product-reviews,1
2026-07-23 13:57:35,0.3799705250310942,0.0,0.0,0.0,0.0,0.0,0.0,product-reviews,1
2026-07-23 14:02:35,0.3799705250310942,0.0,0.0,0.0,0.0,0.0,0.0,product-reviews,1
2026-07-23 14:07:35,0.3799705250310942,0.0,0.0,0.0,0.0,0.0,0.0,product-reviews,1
2026-07-23 14:12:35,0.3799705250310942,0.0,0.0,0.0,0.0,0.0,0.0,product-reviews,1
2026-07-23 14:17:35,0.3799705250310942,0.0,0.0,0.0,0.0,0.0,0.0,product-reviews,1
2026-07-23 14:22:35,0.3799705250310942,0.0,0.0,0.0,0.0,0.0,0.0,product-reviews,1
2026-07-23 14:27:35,0.3799705250310942,0.0,0.0,0.0,0.0,0.0,0.0,product-reviews,1
2026-07-23 14:32:35,0.3799705250310942,0.0,0.0,0.0,0.0,0.0,0.0,product-reviews,1
2026-07-23 14:37:35,0.3799705250310942,0.0,0.0,0.0,0.0,0.0,0.0,product-reviews,1
2026-07-23 14:42:35,0.3799705250310942,0.0,0.0,0.0,0.0,0.0,0.0,product-reviews,1
2026-07-23 14:47:35,0.3799705250310942,0.0,0.0,0.0,0.0,0.0,0.0,product-reviews,1
2026-07-23 14:52:35,0.3799705250310942,0.0,0.0,0.0,0.0,0.0,0.0,product-reviews,1
2026-07-23 14:57:35,0.3799705250310942,0.0,0.0,0.0,0.0,0.0,0.0,product-reviews,1
2026-07-23 15:02:35,0.3799705250310942,0.0,0.0,0.0,0.0,0.0,0.0,product-reviews,1
2026-07-23 15:07:35,0.3799705250310942,0.0,0.0,0.0,0.0,0.0,0.0,product-reviews,1
2026-07-23 15:12:35,0.3799705250310942,0.0,0.0,0.0,0.0,0.0,0.0,product-reviews,1
2026-07-23 15:17:35,0.3799705250310942,0.0,0.0,0.0,0.0,0.0,0.0,product-reviews,1
2026-07-23 15:22:35,0.3799705250310942,0.0,0.0,0.0,0.0,0.0,0.0,product-reviews,1
2026-07-23 15:27:35,0.3799705250310942,0.0,0.0,0.0,0.0,0.0,0.0,product-reviews,1
2026-07-23 15:32:35,0.3799705250310942,0.0,0.0,0.0,0.0,0.0,0.0,product-reviews,1
2026-07-23 15:37:35,0.3799705250310942,0.0,0.0,0.0,0.0,0.0,0.0,product-reviews,1
2026-07-23 15:42:35,0.3799705250310942,0.0,0.0,0.0,0.0,0.0,0.0,product-reviews,1
2026-07-23 15:47:35,0.3799705250310942,0.0,0.0,0.0,0.0,0.0,0.0,product-reviews,1
2026-07-23 15:52:35,0.3799705250310942,0.0,0.0,0.0,0.0,0.0,0.0,product-reviews,1
2026-07-23 15:57:35,0.3799705250310942,0.0,0.0,0.0,0.0,0.0,0.0,product-reviews,1
2026-07-23 16:02:35,0.3799705250310942,0.0,0.0,0.0,0.0,0.0,0.0,product-reviews,1
2026-07-23 16:07:35,0.3799705250310942,0.0,0.0,0.0,0.0,0.0,0.0,product-reviews,1
2026-07-23 16:12:35,0.3799705250310942,0.0,0.0,0.0,0.0,0.0,0.0,product-reviews,1
2026-07-23 16:17:35,0.3799705250310942,0.0,0.0,0.0,0.0,0.0,0.0,product-reviews,1
2026-07-23 16:22:35,0.3799705250310942,0.0,0.0,0.0,0.0,0.0,0.0,product-reviews,1
2026-07-23 16:27:35,0.3799705250310942,0.0,0.0,0.0,0.0,0.0,0.0,product-reviews,1
2026-07-23 16:32:35,0.3799705250310942,0.0,0.0,0.0,0.0,0.0,0.0,product-reviews,1
2026-07-23 16:37:35,0.3799705250310942,0.0,0.0,0.0,0.0,0.0,0.0,product-reviews,1
2026-07-23 16:42:35,0.3799705250310942,0.0,0.0,0.0,0.0,0.0,0.0,product-reviews,1
2026-07-23 16:47:35,0.3799705250310942,0.0,0.0,0.0,0.0,0.0,0.0,product-reviews,1
2026-07-23 16:52:35,0.3799705250310942,0.0,0.0,0.0,0.0,0.0,0.0,product-reviews,1
2026-07-23 16:57:35,0.3799705250310942,0.0,0.0,0.0,0.0,0.0,0.0,product-reviews,1
2026-07-23 17:02:35,0.3799705250310942,0.0,0.0,0.0,0.0,0.0,0.0,product-reviews,1
2026-07-23 17:07:35,0.3799705250310942,0.0,0.0,0.0,0.0,0.0,0.0,product-reviews,1
2026-07-23 17:12:35,0.3799705250310942,0.0,0.0,0.0,0.0,0.0,0.0,product-reviews,1
2026-07-23 17:17:35,0.3799705250310942,0.0,0.0,0.0,0.0,0.0,0.0,product-reviews,1
2026-07-23 17:22:35,0.3799705250310942,0.0,0.0,0.0,0.0,0.0,0.0,product-reviews,1
2026-07-23 17:27:35,0.3799705250310942,0.0,0.0,0.0,0.0,0.0,0.0,product-reviews,1
2026-07-23 17:32:35,0.3799705250310942,0.0,0.0,0.0,0.0,0.0,0.0,product-reviews,1
2026-07-23 17:37:35,0.3799705250310942,0.0,0.0,0.0,0.0,0.0,0.0,product-reviews,1
2026-07-23 17:42:35,0.3799705250310942,0.0,0.0,0.0,0.0,0.0,0.0,product-reviews,1
2026-07-23 17:47:35,0.3799705250310942,0.0,0.0,0.0,0.0,0.0,0.0,product-reviews,1
2026-07-23 17:52:35,0.3799705250310942,0.0,0.0,0.0,0.0,0.0,0.0,product-reviews,1
2026-07-23 17:57:35,0.3799705250310942,0.0,0.0,0.0,0.0,0.0,0.0,product-reviews,1
2026-07-23 18:02:35,0.3799705250310942,0.0,0.0,0.0,0.0,0.0,0.0,product-reviews,1
2026-07-23 18:07:35,0.3799705250310942,0.0,0.0,0.0,0.0,0.0,0.0,product-reviews,1
2026-07-23 18:12:35,0.3799705250310942,0.0,0.0,0.0,0.0,0.0,0.0,product-reviews,1
2026-07-23 18:17:35,0.3799705250310942,0.0,0.0,0.0,0.0,0.0,0.0,product-reviews,1
2026-07-23 18:22:35,0.3799705250310942,0.0,0.0,0.0,0.0,0.0,0.0,product-reviews,1
2026-07-23 18:27:35,0.3799705250310942,0.0,0.0,0.0,0.0,0.0,0.0,product-reviews,1
2026-07-23 18:32:35,0.3799705250310942,0.0,0.0,0.0,0.0,0.0,0.0,product-reviews,1
2026-07-23 18:37:35,0.3799705250310942,0.0,0.0,0.0,0.0,0.0,0.0,product-reviews,1
2026-07-23 18:42:35,0.3799705250310942,0.0,0.0,0.0,0.0,0.0,0.0,product-reviews,1
2026-07-23 18:47:35,0.3799705250310942,0.0,0.0,0.0,0.0,0.0,0.0,product-reviews,1
2026-07-23 18:52:35,0.3799705250310942,0.0,0.0,0.0,0.0,0.0,0.0,product-reviews,1
2026-07-23 18:57:35,0.3799705250310942,0.0,0.0,0.0,0.0,0.0,0.0,product-reviews,1
2026-07-23 19:02:35,0.3799705250310942,0.0,0.0,0.0,0.0,0.0,0.0,product-reviews,1
2026-07-23 19:07:35,0.3799705250310942,0.0,0.0,0.0,0.0,0.0,0.0,product-reviews,1
2026-07-23 19:12:35,0.3799705250310942,0.0,0.0,0.0,0.0,0.0,0.0,product-reviews,1
2026-07-23 19:17:35,0.3799705250310942,0.0,0.0,0.0,0.0,0.0,0.0,product-reviews,1
2026-07-23 19:22:35,0.3799705250310942,0.0,0.0,0.0,0.0,0.0,0.0,product-reviews,1
2026-07-23 19:27:35,0.3799705250310942,0.0,0.0,0.0,0.0,0.0,0.0,product-reviews,1
2026-07-23 19:32:35,0.3799705250310942,0.0,0.0,0.0,0.0,0.0,0.0,product-reviews,1
2026-07-23 19:37:35,0.3799705250310942,0.0,0.0,0.0,0.0,0.0,0.0,product-reviews,1
2026-07-23 19:42:35,0.3799705250310942,0.0,0.0,0.0,0.0,0.0,0.0,product-reviews,1
2026-07-23 19:47:35,0.3799705250310942,0.0,0.0,0.0,0.0,0.0,0.0,product-reviews,1
2026-07-23 19:52:35,0.3799705250310942,0.0,0.0,0.0,0.0,0.0,0.0,product-reviews,1
2026-07-23 19:57:35,0.3799705250310942,0.0,0.0,0.0,0.0,0.0,0.0,product-reviews,1
2026-07-23 20:02:35,0.3799705250310942,0.0,0.0,0.0,0.0,0.0,0.0,product-reviews,1
2026-07-23 20:07:35,0.3799705250310942,0.0,0.0,0.0,0.0,0.0,0.0,product-reviews,1
2026-07-23 20:12:35,0.3799705250310942,0.0,0.0,0.0,0.0,0.0,0.0,product-reviews,1
2026-07-23 20:17:35,0.3799705250310942,0.0,0.0,0.0,0.0,0.0,0.0,product-reviews,1
2026-07-23 20:22:35,0.3799705250310942,0.0,0.0,0.0,0.0,0.0,0.0,product-reviews,1
2026-07-23 20:27:35,0.3799705250310942,0.0,0.0,0.0,0.0,0.0,0.0,product-reviews,1
2026-07-23 20:32:35,0.3799705250310942,0.0,0.0,0.0,0.0,0.0,0.0,product-reviews,1
2026-07-23 20:37:35,0.3799705250310942,0.0,0.0,0.0,0.0,0.0,0.0,product-reviews,1
2026-07-23 20:42:35,0.3799705250310942,0.0,0.0,0.0,0.0,0.0,0.0,product-reviews,1
2026-07-23 20:47:35,0.3799705250310942,0.0,0.0,0.0,0.0,0.0,0.0,product-reviews,1
2026-07-23 20:52:35,0.3799705250310942,0.0,0.0,0.0,0.0,0.0,0.0,product-reviews,1
2026-07-23 20:57:35,0.3799705250310942,0.0,0.0,0.0,0.0,0.0,0.0,product-reviews,1
2026-07-23 21:02:35,0.3799705250310942,0.0,0.0,0.0,0.0,0.0,0.0,product-reviews,1
2026-07-23 21:07:35,0.3799705250310942,0.0,0.0,0.0,0.0,0.0,0.0,product-reviews,1
2026-07-23 21:12:35,0.3799705250310942,0.0,0.0,0.0,0.0,0.0,0.0,product-reviews,1
2026-07-23 21:17:35,0.3799705250310942,0.0,0.0,0.0,0.0,0.0,0.0,product-reviews,1
2026-07-23 21:22:35,0.3799705250310942,0.0,0.0,0.0,0.0,0.0,0.0,product-reviews,1
2026-07-23 21:27:35,0.3799705250310942,0.0,0.0,0.0,0.0,0.0,0.0,product-reviews,1
2026-07-23 21:32:35,0.3799705250310942,0.0,0.0,0.0,0.0,0.0,0.0,product-reviews,1
2026-07-23 21:37:35,0.3799705250310942,0.0,0.0,0.0,0.0,0.0,0.0,product-reviews,1
2026-07-23 21:42:35,0.3799705250310942,0.0,0.0,0.0,0.0,0.0,0.0,product-reviews,1
2026-07-23 21:47:35,0.3799705250310942,0.0,0.0,0.0,0.0,0.0,0.0,product-reviews,1
2026-07-23 21:52:35,0.3799705250310942,0.0,0.0,0.0,0.0,0.0,0.0,product-reviews,1
2026-07-23 21:57:35,0.3799705250310942,0.0,0.0,0.0,0.0,0.0,0.0,product-reviews,1
2026-07-23 22:02:35,0.3799705250310942,0.0,0.0,0.0,0.0,0.0,0.0,product-reviews,1
2026-07-23 22:07:35,0.3799705250310942,0.0,0.0,0.0,0.0,0.0,0.0,product-reviews,1
2026-07-23 22:12:35,0.3799705250310942,0.0,0.0,0.0,0.0,0.0,0.0,product-reviews,1
2026-07-23 22:17:35,0.3799705250310942,0.0,0.0,0.0,0.0,0.0,0.0,product-reviews,1
2026-07-23 22:22:35,0.3799705250310942,0.0,0.0,0.0,0.0,0.0,0.0,product-reviews,1
2026-07-23 22:27:35,0.3799705250310942,0.0,0.0,0.0,0.0,0.0,0.0,product-reviews,1
2026-07-23 22:32:35,0.3799705250310942,0.0,0.0,0.0,0.0,0.0,0.0,product-reviews,1
2026-07-23 22:37:35,0.3799705250310942,0.0,0.0,0.0,0.0,0.0,0.0,product-reviews,1
2026-07-23 22:42:35,0.3799705250310942,0.0,0.0,0.0,0.0,0.0,0.0,product-reviews,1
2026-07-23 22:47:35,0.3799705250310942,0.0,0.0,0.0,0.0,0.0,0.0,product-reviews,1
2026-07-23 22:52:35,0.3799705250310942,0.0,0.0,0.0,0.0,0.0,0.0,product-reviews,1
2026-07-23 22:57:35,0.3799705250310942,0.0,0.0,0.0,0.0,0.0,0.0,product-reviews,1
2026-07-23 23:02:35,0.3799705250310942,0.0,0.0,0.0,0.0,0.0,0.0,product-reviews,1
2026-07-23 23:07:35,0.3799705250310942,0.0,0.0,0.0,0.0,0.0,0.0,product-reviews,1
2026-07-23 23:12:35,0.3799705250310942,0.0,0.0,0.0,0.0,0.0,0.0,product-reviews,1
2026-07-23 23:17:35,0.3799705250310942,0.0,0.0,0.0,0.0,0.0,0.0,product-reviews,1
2026-07-23 23:22:35,0.3799705250310942,0.0,0.0,0.0,0.0,0.0,0.0,product-reviews,1
2026-07-23 23:27:35,0.3799705250310942,0.0,0.0,0.0,0.0,0.0,0.0,product-reviews,1
2026-07-23 23:32:35,0.3799705250310942,0.0,0.0,0.0,0.0,0.0,0.0,product-reviews,1
2026-07-23 23:37:35,0.3799705250310942,0.0,0.0,0.0,0.0,0.0,0.0,product-reviews,1
2026-07-23 23:42:35,0.3799705250310942,0.0,0.0,0.0,0.0,0.0,0.0,product-reviews,1
2026-07-23 23:47:35,0.3799705250310942,0.0,0.0,0.0,0.0,0.0,0.0,product-reviews,1
2026-07-23 23:52:35,0.3799705250310942,0.0,0.0,0.0,0.0,0.0,0.0,product-reviews,1
2026-07-23 23:57:35,0.3799705250310942,0.0,0.0,0.0,0.0,0.0,0.0,product-reviews,1
2026-07-24 00:02:35,0.3799705250310942,0.0,0.0,0.0,0.0,0.0,0.0,product-reviews,1
2026-07-24 00:07:35,0.3799705250310942,0.0,0.0,0.0,0.0,0.0,0.0,product-reviews,1
2026-07-24 00:12:35,0.3799705250310942,0.0,0.0,0.0,0.0,0.0,0.0,product-reviews,1
2026-07-24 00:17:35,0.3799705250310942,0.0,0.0,0.0,0.0,0.0,0.0,product-reviews,1
2026-07-24 00:22:35,0.3799705250310942,0.0,0.0,0.0,0.0,0.0,0.0,product-reviews,1
2026-07-24 00:27:35,0.3799705250310942,0.0,0.0,0.0,0.0,0.0,0.0,product-reviews,1
2026-07-24 00:32:35,0.3799705250310942,0.0,0.0,0.0,0.0,0.0,0.0,product-reviews,1
2026-07-24 00:37:35,0.3799705250310942,0.0,0.0,0.0,0.0,0.0,0.0,product-reviews,1
2026-07-24 00:42:35,0.3799705250310942,0.0,0.0,0.0,0.0,0.0,0.0,product-reviews,1
2026-07-24 00:47:35,0.3799705250310942,0.0,0.0,0.0,0.0,0.0,0.0,product-reviews,1
2026-07-24 00:52:35,0.3799705250310942,0.0,0.0,0.0,0.0,0.0,0.0,product-reviews,1
2026-07-24 00:57:35,0.3799705250310942,0.0,0.0,0.0,0.0,0.0,0.0,product-reviews,1
2026-07-24 01:02:35,0.3799705250310942,0.0,0.0,0.0,0.0,0.0,0.0,product-reviews,1
2026-07-24 01:07:35,0.3799705250310942,0.0,0.0,0.0,0.0,0.0,0.0,product-reviews,1
2026-07-24 01:12:35,0.3799705250310942,0.0,0.0,0.0,0.0,0.0,0.0,product-reviews,1
2026-07-24 01:17:35,0.3799705250310942,0.0,0.0,0.0,0.0,0.0,0.0,product-reviews,1
2026-07-24 01:22:35,0.3799705250310942,0.0,0.0,0.0,0.0,0.0,0.0,product-reviews,1
2026-07-24 01:27:35,0.3799705250310942,0.0,0.0,0.0,0.0,0.0,0.0,product-reviews,1
2026-07-24 01:32:35,0.3799705250310942,0.0,0.0,0.0,0.0,0.0,0.0,product-reviews,1
2026-07-24 01:37:35,0.3799705250310942,0.0,0.0,0.0,0.0,0.0,0.0,product-reviews,1
2026-07-24 01:42:35,0.3799705250310942,0.0,0.0,0.0,0.0,0.0,0.0,product-reviews,1
2026-07-24 01:47:35,0.3799705250310942,0.0,0.0,0.0,0.0,0.0,0.0,product-reviews,1
2026-07-24 01:52:35,0.3799705250310942,0.0,0.0,0.0,0.0,0.0,0.0,product-reviews,1
2026-07-24 01:57:35,0.3799705250310942,0.0,0.0,0.0,0.0,0.0,0.0,product-reviews,1
2026-07-24 02:02:35,0.3799705250310942,0.0,0.0,0.0,0.0,0.0,0.0,product-reviews,1
2026-07-24 02:07:35,0.3799705250310942,0.0,0.0,0.0,0.0,0.0,0.0,product-reviews,1
2026-07-24 02:12:35,0.3799705250310942,0.0,0.0,0.0,0.0,0.0,0.0,product-reviews,1
2026-07-24 02:17:35,0.3799705250310942,0.0,0.0,0.0,0.0,0.0,0.0,product-reviews,1
2026-07-24 02:22:35,0.3799705250310942,0.0,0.0,0.0,0.0,0.0,0.0,product-reviews,1
2026-07-24 02:27:35,0.3799705250310942,0.0,0.0,0.0,0.0,0.0,0.0,product-reviews,1
2026-07-24 02:32:35,0.3799705250310942,0.0,0.0,0.0,0.0,0.0,0.0,product-reviews,1
2026-07-24 02:37:35,0.3799705250310942,0.0,0.0,0.0,0.0,0.0,0.0,product-reviews,1
2026-07-24 02:42:35,0.3799705250310942,0.0,0.0,0.0,0.0,0.0,0.0,product-reviews,1
2026-07-24 02:47:35,0.3799705250310942,0.0,0.0,0.0,0.0,0.0,0.0,product-reviews,1
2026-07-24 02:52:35,0.3799705250310942,0.0,0.0,0.0,0.0,0.0,0.0,product-reviews,1
2026-07-24 02:57:35,0.3799705250310942,0.0,0.0,0.0,0.0,0.0,0.0,product-reviews,1
2026-07-24 03:02:35,0.3799705250310942,0.0,0.0,0.0,0.0,0.0,0.0,product-reviews,1
2026-07-24 03:07:35,0.3799705250310942,0.0,0.0,0.0,0.0,0.0,0.0,product-reviews,1
2026-07-24 03:12:35,0.3799705250310942,0.0,0.0,0.0,0.0,0.0,0.0,product-reviews,1
2026-07-24 03:17:35,0.3799705250310942,0.0,0.0,0.0,0.0,0.0,0.0,product-reviews,1
2026-07-24 03:22:35,0.3799705250310942,0.0,0.0,0.0,0.0,0.0,0.0,product-reviews,1
2026-07-24 03:27:35,0.3799705250310942,0.0,0.0,0.0,0.0,0.0,0.0,product-reviews,1
2026-07-24 03:32:35,0.3799705250310942,0.0,0.0,0.0,0.0,0.0,0.0,product-reviews,1
2026-07-24 03:37:35,0.3799705250310942,0.0,0.0,0.0,0.0,0.0,0.0,product-reviews,1
2026-07-24 03:42:35,0.3799705250310942,0.0,0.0,0.0,0.0,0.0,0.0,product-reviews,1
2026-07-24 03:47:35,0.3799705250310942,0.0,0.0,0.0,0.0,0.0,0.0,product-reviews,1
2026-07-24 03:52:35,0.3799705250310942,0.0,0.0,0.0,0.0,0.0,0.0,product-reviews,1
2026-07-24 03:57:35,0.3799705250310942,0.0,0.0,0.0,0.0,0.0,0.0,product-reviews,1
2026-07-24 04:02:35,0.3799705250310942,0.0,0.0,0.0,0.0,0.0,0.0,product-reviews,1
2026-07-24 04:07:35,0.3799705250310942,0.0,0.0,0.0,0.0,0.0,0.0,product-reviews,1
2026-07-24 04:12:35,0.3799705250310942,0.0,0.0,0.0,0.0,0.0,0.0,product-reviews,1
2026-07-24 04:17:35,0.3799705250310942,0.0,0.0,0.0,0.0,0.0,0.0,product-reviews,1
2026-07-24 04:22:35,0.3799705250310942,0.0,0.0,0.0,0.0,0.0,0.0,product-reviews,1
2026-07-24 04:27:35,0.3799705250310942,0.0,0.0,0.0,0.0,0.0,0.0,product-reviews,1
2026-07-24 04:32:35,0.3799705250310942,0.0,0.0,0.0,0.0,0.0,0.0,product-reviews,1
2026-07-24 04:37:35,0.3799705250310942,0.0,0.0,0.0,0.0,0.0,0.0,product-reviews,1
2026-07-24 04:42:35,0.3799705250310942,0.0,0.0,0.0,0.0,0.0,0.0,product-reviews,1
2026-07-24 04:47:35,0.3799705250310942,0.0,0.0,0.0,0.0,0.0,0.0,product-reviews,1
2026-07-24 04:52:35,0.3799705250310942,0.0,0.0,0.0,0.0,0.0,0.0,product-reviews,1
2026-07-24 04:57:35,0.3799705250310942,0.0,0.0,0.0,0.0,0.0,0.0,product-reviews,1
2026-07-24 05:02:35,0.3799705250310942,0.0,0.0,0.0,0.0,0.0,0.0,product-reviews,1
2026-07-24 05:07:35,0.3799705250310942,0.0,0.0,0.0,0.0,0.0,0.0,product-reviews,1
2026-07-24 05:12:35,0.3799705250310942,0.0,0.0,0.0,0.0,0.0,0.0,product-reviews,1
2026-07-24 05:17:35,0.3799705250310942,0.0,0.0,0.0,0.0,0.0,0.0,product-reviews,1
2026-07-24 05:22:35,0.3799705250310942,0.0,0.0,0.0,0.0,0.0,0.0,product-reviews,1
2026-07-24 05:27:35,0.3799705250310942,0.0,0.0,0.0,0.0,0.0,0.0,product-reviews,1
2026-07-24 05:32:35,0.3799705250310942,0.0,0.0,0.0,0.0,0.0,0.0,product-reviews,1
2026-07-24 05:37:35,0.3799705250310942,0.0,0.0,0.0,0.0,0.0,0.0,product-reviews,1
2026-07-24 05:42:35,0.3799705250310942,0.0,0.0,0.0,0.0,0.0,0.0,product-reviews,1
2026-07-24 05:47:35,0.3799705250310942,0.0,0.0,0.0,0.0,0.0,0.0,product-reviews,1
2026-07-24 05:52:35,0.3799705250310942,0.0,0.0,0.0,0.0,0.0,0.0,product-reviews,1
2026-07-24 05:57:35,0.3799705250310942,0.0,0.0,0.0,0.0,0.0,0.0,product-reviews,1
2026-07-24 06:02:35,0.3799705250310942,0.0,0.0,0.0,0.0,0.0,0.0,product-reviews,1
2026-07-24 06:07:35,0.3799705250310942,0.0,0.0,0.0,0.0,0.0,0.0,product-reviews,1
2026-07-24 06:12:35,0.3799705250310942,0.0,0.0,0.0,0.0,0.0,0.0,product-reviews,1
2026-07-24 06:17:35,0.3799705250310942,0.0,0.0,0.0,0.0,0.0,0.0,product-reviews,1
2026-07-24 06:22:35,0.3799705250310942,0.0,0.0,0.0,0.0,0.0,0.0,product-reviews,1
2026-07-24 06:27:35,0.3799705250310942,0.0,0.0,0.0,0.0,0.0,0.0,product-reviews,1
2026-07-24 06:32:35,0.3799705250310942,0.0,0.0,0.0,0.0,0.0,0.0,product-reviews,1
2026-07-24 06:37:35,0.3799705250310942,0.0,0.0,0.0,0.0,0.0,0.0,product-reviews,1
2026-07-24 06:42:35,0.3799705250310942,0.0,0.0,0.0,0.0,0.0,0.0,product-reviews,1
2026-07-24 06:47:35,0.3799705250310942,0.0,0.0,0.0,0.0,0.0,0.0,product-reviews,1
2026-07-24 06:52:35,0.3799705250310942,0.0,0.0,0.0,0.0,0.0,0.0,product-reviews,1
2026-07-24 06:57:35,0.3799705250310942,0.0,0.0,0.0,0.0,0.0,0.0,product-reviews,1
2026-07-24 07:02:35,0.3799705250310942,0.0,0.0,0.0,0.0,0.0,0.0,product-reviews,1
2026-07-24 07:07:35,0.3799705250310942,0.0,0.0,0.0,0.0,0.0,0.0,product-reviews,1
2026-07-24 07:12:35,0.3799705250310942,0.0,0.0,0.0,0.0,0.0,0.0,product-reviews,1
2026-07-24 07:17:35,0.3799705250310942,0.0,0.0,0.0,0.0,0.0,0.0,product-reviews,1
2026-07-24 07:22:35,0.3799705250310942,0.0,0.0,0.0,0.0,0.0,0.0,product-reviews,1
2026-07-24 07:27:35,0.3799705250310942,0.0,0.0,0.0,0.0,0.0,0.0,product-reviews,1
2026-07-24 07:32:35,0.3799705250310942,0.0,0.0,0.0,0.0,0.0,0.0,product-reviews,1
2026-07-24 07:37:35,0.3799705250310942,0.0,0.0,0.0,0.0,0.0,0.0,product-reviews,1
2026-07-24 07:42:35,0.3799705250310942,0.0,0.0,0.0,0.0,0.0,0.0,product-reviews,1
2026-07-24 07:47:35,0.3799705250310942,0.0,0.0,0.0,0.0,0.0,0.0,product-reviews,1
2026-07-24 07:52:35,0.3799705250310942,0.0,0.0,0.0,0.0,0.0,0.0,product-reviews,1
2026-07-24 07:57:35,0.3799705250310942,0.0,0.0,0.0,0.0,0.0,0.0,product-reviews,1
2026-07-24 08:02:35,0.3799705250310942,0.0,0.0,0.0,0.0,0.0,0.0,product-reviews,1
2026-07-24 08:07:35,0.3799705250310942,0.0,0.0,0.0,0.0,0.0,0.0,product-reviews,1
2026-07-24 08:12:35,0.3799705250310942,0.0,0.0,0.0,0.0,0.0,0.0,product-reviews,1
2026-07-24 08:17:35,0.3799705250310942,0.0,0.0,0.0,0.0,0.0,0.0,product-reviews,1
2026-07-24 08:22:35,0.3799705250310942,0.0,0.0,0.0,0.0,0.0,0.0,product-reviews,1
2026-07-24 08:27:35,0.3799705250310942,0.0,0.0,0.0,0.0,0.0,0.0,product-reviews,1
2026-07-24 08:32:35,0.3799705250310942,0.0,0.0,0.0,0.0,0.0,0.0,product-reviews,1
2026-07-24 08:37:35,0.3799705250310942,0.0,0.0,0.0,0.0,0.0,0.0,product-reviews,1
2026-07-24 08:42:35,0.3799705250310942,0.0,0.0,0.0,0.0,0.0,0.0,product-reviews,1
2026-07-24 08:47:35,0.3799705250310942,0.0,0.0,0.0,0.0,0.0,0.0,product-reviews,1
2026-07-24 08:52:35,0.3799705250310942,0.0,0.0,0.0,0.0,0.0,0.0,product-reviews,1
2026-07-24 08:57:35,0.3799705250310942,0.0,0.0,0.0,0.0,0.0,0.0,product-reviews,1
2026-07-24 09:02:35,0.3799705250310942,0.0,0.0,0.0,0.0,0.0,0.0,product-reviews,1
2026-07-24 09:07:35,0.3799705250310942,0.0,0.0,0.0,0.0,0.0,0.0,product-reviews,1
2026-07-24 09:12:35,0.3799705250310942,0.0,0.0,0.0,0.0,0.0,0.0,product-reviews,1
2026-07-24 09:17:35,0.3799705250310942,0.0,0.0,0.0,0.0,0.0,0.0,product-reviews,1
2026-07-24 09:22:35,0.3799705250310942,0.0,0.0,0.0,0.0,0.0,0.0,product-reviews,1
2026-07-24 09:27:35,0.3799705250310942,0.0,0.0,0.0,0.0,0.0,0.0,product-reviews,1
2026-07-24 09:32:35,0.3799705250310942,0.0,0.0,0.0,0.0,0.0,0.0,product-reviews,1
2026-07-24 09:37:35,0.3799705250310942,0.0,0.0,0.0,0.0,0.0,0.0,product-reviews,1
2026-07-24 09:42:35,0.3799705250310942,0.0,0.0,0.0,0.0,0.0,0.0,product-reviews,1
2026-07-24 09:47:35,0.3799705250310942,0.0,0.0,0.0,0.0,0.0,0.0,product-reviews,1
2026-07-24 09:52:35,0.3799705250310942,0.0,0.0,0.0,0.0,0.0,0.0,product-reviews,1
2026-07-24 09:57:35,0.3799705250310942,0.0,0.0,0.0,0.0,0.0,0.0,product-reviews,1
2026-07-24 10:02:35,0.3799705250310942,0.0,0.0,0.0,0.0,0.0,0.0,product-reviews,1
2026-07-24 10:07:35,0.3799705250310942,0.0,0.0,0.0,0.0,0.0,0.0,product-reviews,1
2026-07-24 10:12:35,0.3799705250310942,0.0,0.0,0.0,0.0,0.0,0.0,product-reviews,1
2026-07-24 10:17:35,0.3799705250310942,0.0,0.0,0.0,0.0,0.0,0.0,product-reviews,1
2026-07-24 10:22:35,0.3799705250310942,0.0,0.0,0.0,0.0,0.0,0.0,product-reviews,1
2026-07-24 10:27:35,0.3799705250310942,0.0,0.0,0.0,0.0,0.0,0.0,product-reviews,1
2026-07-24 10:32:35,0.3799705250310942,0.0,0.0,0.0,0.0,0.0,0.0,product-reviews,1
2026-07-24 10:37:35,0.3799705250310942,0.0,0.0,0.0,0.0,0.0,0.0,product-reviews,1
2026-07-24 10:42:35,0.3799705250310942,0.0,0.0,0.0,0.0,0.0,0.0,product-reviews,1
2026-07-24 10:47:35,0.3799705250310942,0.0,0.0,0.0,0.0,0.0,0.0,product-reviews,1
2026-07-24 10:52:35,0.3799705250310942,0.0,0.0,0.0,0.0,0.0,0.0,product-reviews,1
2026-07-24 10:57:35,0.3799705250310942,0.0,0.0,0.0,0.0,0.0,0.0,product-reviews,1
2026-07-24 11:02:35,0.3799705250310942,0.0,0.0,0.0,0.0,0.0,0.0,product-reviews,1
2026-07-24 11:07:35,0.3799705250310942,0.0,0.0,0.0,0.0,0.0,0.0,product-reviews,1
2026-07-24 11:12:35,0.3799705250310942,0.0,0.0,0.0,0.0,0.0,0.0,product-reviews,1
2026-07-24 11:17:35,0.3799705250310942,0.0,0.0,0.0,0.0,0.0,0.0,product-reviews,1
2026-07-24 11:22:35,0.3799705250310942,0.0,0.0,0.0,0.0,0.0,0.0,product-reviews,1
2026-07-24 11:27:35,0.3799705250310942,0.0,0.0,0.0,0.0,0.0,0.0,product-reviews,1
2026-07-24 11:32:35,0.3799705250310942,0.0,0.0,0.0,0.0,0.0,0.0,product-reviews,1
2026-07-24 11:37:35,0.3799705250310942,0.0,0.0,0.0,0.0,0.0,0.0,product-reviews,1
2026-07-24 11:42:35,0.3799705250310942,0.0,0.0,0.0,0.0,0.0,0.0,product-reviews,1
2026-07-24 11:47:35,0.3799705250310942,0.0,0.0,0.0,0.0,0.0,0.0,product-reviews,1
2026-07-24 11:52:35,0.3799705250310942,0.0,0.0,0.0,0.0,0.0,0.0,product-reviews,1
2026-07-24 11:57:35,0.3799705250310942,0.0,0.0,0.0,0.0,0.0,0.0,product-reviews,1
2026-07-24 12:02:35,0.3799705250310942,0.0,0.0,0.0,0.0,0.0,0.0,product-reviews,1
2026-07-24 12:07:35,0.3799705250310942,0.0,0.0,0.0,0.0,0.0,0.0,product-reviews,1
2026-07-24 12:12:35,0.3799705250310942,0.0,0.0,0.0,0.0,0.0,0.0,product-reviews,1
2026-07-24 12:17:35,0.3799705250310942,0.0,0.0,0.0,0.0,0.0,0.0,product-reviews,1
2026-07-24 12:22:35,0.3799705250310942,0.0,0.0,0.0,0.0,0.0,0.0,product-reviews,1
2026-07-24 12:27:35,0.3799705250310942,0.0,0.0,0.0,0.0,0.0,0.0,product-reviews,1
2026-07-24 12:32:35,0.3799705250310942,0.0,0.0,0.0,0.0,0.0,0.0,product-reviews,1
2026-07-24 12:37:35,0.3799705250310942,0.0,0.0,0.0,0.0,0.0,0.0,product-reviews,1
2026-07-24 12:42:35,0.3799705250310942,0.0,0.0,0.0,0.0,0.0,0.0,product-reviews,1
2026-07-24 12:47:35,0.3799705250310942,0.0,0.0,0.0,0.0,0.0,0.0,product-reviews,1
2026-07-24 12:52:35,0.3799705250310942,0.0,0.0,0.0,0.0,0.0,0.0,product-reviews,1
2026-07-24 12:57:35,0.3799705250310942,0.0,0.0,0.0,0.0,0.0,0.0,product-reviews,1
2026-07-24 13:02:35,0.3799705250310942,0.0,0.0,0.0,0.0,0.0,0.0,product-reviews,1
2026-07-24 13:07:35,0.3799705250310942,0.0,0.0,0.0,0.0,0.0,0.0,product-reviews,1
2026-07-24 13:12:35,0.3799705250310942,0.0,0.0,0.0,0.0,0.0,0.0,product-reviews,1
2026-07-24 13:17:35,0.3799705250310942,0.0,0.0,0.0,0.0,0.0,0.0,product-reviews,1
2026-07-24 13:22:35,0.3799705250310942,0.0,0.0,0.0,0.0,0.0,0.0,product-reviews,1
2026-07-24 13:27:35,0.3799705250310942,0.0,0.0,0.0,0.0,0.0,0.0,product-reviews,1
2026-07-24 13:32:35,0.3799705250310942,0.0,0.0,0.0,0.0,0.0,0.0,product-reviews,1
2026-07-24 13:37:35,0.3799705250310942,0.0,0.0,0.0,0.0,0.0,0.0,product-reviews,1
2026-07-24 13:42:35,0.3799705250310942,0.0,0.0,0.0,0.0,0.0,0.0,product-reviews,1
2026-07-24 13:47:35,0.3799705250310942,0.0,0.0,0.0,0.0,0.0,0.0,product-reviews,1
2026-07-24 13:52:35,0.3799705250310942,0.0,0.0,0.0,0.0,0.0,0.0,product-reviews,1
2026-07-24 13:57:35,0.3799705250310942,0.0,0.0,0.0,0.0,0.0,0.0,product-reviews,1
2026-07-24 14:02:35,0.3799705250310942,0.0,0.0,0.0,0.0,0.0,0.0,product-reviews,1
2026-07-24 14:07:35,0.3799705250310942,0.0,0.0,0.0,0.0,0.0,0.0,product-reviews,1
2026-07-24 14:12:35,0.3799705250310942,0.0,0.0,0.0,0.0,0.0,0.0,product-reviews,1
2026-07-24 14:17:35,0.3799705250310942,0.0,0.0,0.0,0.0,0.0,0.0,product-reviews,1
2026-07-24 14:22:35,0.3799705250310942,0.0,0.0,0.0,0.0,0.0,0.0,product-reviews,1
2026-07-24 14:27:35,0.3799705250310942,0.0,0.0,0.0,0.0,0.0,0.0,product-reviews,1
2026-07-24 14:32:35,0.3799705250310942,0.0,0.0,0.0,0.0,0.0,0.0,product-reviews,1
2026-07-24 14:37:35,0.3799705250310942,0.0,0.0,0.0,0.0,0.0,0.0,product-reviews,1
2026-07-24 14:42:35,0.3799705250310942,0.0,0.0,0.0,0.0,0.0,0.0,product-reviews,1
2026-07-24 14:47:35,0.3799705250310942,0.0,0.0,0.0,0.0,0.0,0.0,product-reviews,1
2026-07-24 14:52:35,0.3799705250310942,0.0,0.0,0.0,0.0,0.0,0.0,product-reviews,1
2026-07-24 14:57:35,0.3799705250310942,0.0,0.0,0.0,0.0,0.0,0.0,product-reviews,1
2026-07-24 15:02:35,0.3799705250310942,0.0,0.0,0.0,0.0,0.0,0.0,product-reviews,1
2026-07-24 15:07:35,0.3799705250310942,0.0,0.0,0.0,0.0,0.0,0.0,product-reviews,1
2026-07-24 15:12:35,0.3799705250310942,0.0,0.0,0.0,0.0,0.0,0.0,product-reviews,1
2026-07-24 15:17:35,0.3799705250310942,0.0,0.0,0.0,0.0,0.0,0.0,product-reviews,1
2026-07-24 15:22:35,0.3799705250310942,0.0,0.0,0.0,0.0,0.0,0.0,product-reviews,1
2026-07-24 15:27:35,0.3799705250310942,0.0,0.0,0.0,0.0,0.0,0.0,product-reviews,1
2026-07-24 15:32:35,0.3799705250310942,0.0,0.0,0.0,0.0,0.0,0.0,product-reviews,1
2026-07-24 15:37:35,0.3799705250310942,0.0,0.0,0.0,0.0,0.0,0.0,product-reviews,1
2026-07-24 15:42:35,0.3799705250310942,0.0,0.0,0.0,0.0,0.0,0.0,product-reviews,1
2026-07-24 15:47:35,0.3799705250310942,0.0,0.0,0.0,0.0,0.0,0.0,product-reviews,1
2026-07-24 15:52:35,0.3799705250310942,0.0,0.0,0.0,0.0,0.0,0.0,product-reviews,1
2026-07-24 15:57:35,0.3799705250310942,0.0,0.0,0.0,0.0,0.0,0.0,product-reviews,1
2026-07-24 16:02:35,0.3799705250310942,0.0,0.0,0.0,0.0,0.0,0.0,product-reviews,1
2026-07-24 16:07:35,0.3799705250310942,0.0,0.0,0.0,0.0,0.0,0.0,product-reviews,1
2026-07-24 16:12:35,0.3799705250310942,0.0,0.0,0.0,0.0,0.0,0.0,product-reviews,1
2026-07-24 16:17:35,0.3799705250310942,0.0,0.0,0.0,0.0,0.0,0.0,product-reviews,1
2026-07-24 16:22:35,0.3799705250310942,0.0,0.0,0.0,0.0,0.0,0.0,product-reviews,1
2026-07-24 16:27:35,0.3799705250310942,0.0,0.0,0.0,0.0,0.0,0.0,product-reviews,1
2026-07-24 16:32:35,0.3799705250310942,0.0,0.0,0.0,0.0,0.0,0.0,product-reviews,1
2026-07-24 16:37:35,0.3799705250310942,0.0,0.0,0.0,0.0,0.0,0.0,product-reviews,1
2026-07-24 16:42:35,0.3799705250310942,0.0,0.0,0.0,0.0,0.0,0.0,product-reviews,1
2026-07-24 16:47:35,0.3799705250310942,0.0,0.0,0.0,0.0,0.0,0.0,product-reviews,1
2026-07-24 16:52:35,0.3799705250310942,0.0,0.0,0.0,0.0,0.0,0.0,product-reviews,1
2026-07-24 16:57:35,0.3799705250310942,0.0,0.0,0.0,0.0,0.0,0.0,product-reviews,1
2026-07-24 17:02:35,0.3799705250310942,0.0,0.0,0.0,0.0,0.0,0.0,product-reviews,1
2026-07-24 17:07:35,0.3799705250310942,0.0,0.0,0.0,0.0,0.0,0.0,product-reviews,1
2026-07-24 17:12:35,0.3799705250310942,0.0,0.0,0.0,0.0,0.0,0.0,product-reviews,1
2026-07-24 17:17:35,0.3799705250310942,0.0,0.0,0.0,0.0,0.0,0.0,product-reviews,1
2026-07-24 17:22:35,0.3799705250310942,0.0,0.0,0.0,0.0,0.0,0.0,product-reviews,1
2026-07-24 17:27:35,0.3799705250310942,0.0,0.0,0.0,0.0,0.0,0.0,product-reviews,1
2026-07-24 17:32:35,0.3799705250310942,0.0,0.0,0.0,0.0,0.0,0.0,product-reviews,1
2026-07-24 17:37:35,0.3799705250310942,0.0,0.0,0.0,0.0,0.0,0.0,product-reviews,1
2026-07-24 17:42:35,0.3799705250310942,0.0,0.0,0.0,0.0,0.0,0.0,product-reviews,1
2026-07-24 17:47:35,0.3799705250310942,0.0,0.0,0.0,0.0,0.0,0.0,product-reviews,1
2026-07-24 17:52:35,0.3799705250310942,0.0,0.0,0.0,0.0,0.0,0.0,product-reviews,1
2026-07-24 17:57:35,0.3799705250310942,0.0,0.0,0.0,0.0,0.0,0.0,product-reviews,1
2026-07-24 18:02:35,0.3799705250310942,0.0,0.0,0.0,0.0,0.0,0.0,product-reviews,1
2026-07-24 18:07:35,0.3799705250310942,0.0,0.0,0.0,0.0,0.0,0.0,product-reviews,1
2026-07-24 18:12:35,0.3799705250310942,0.0,0.0,0.0,0.0,0.0,0.0,product-reviews,1
2026-07-24 18:17:35,0.3799705250310942,0.0,0.0,0.0,0.0,0.0,0.0,product-reviews,1
2026-07-24 18:22:35,0.3799705250310942,0.0,0.0,0.0,0.0,0.0,0.0,product-reviews,1
2026-07-24 18:27:35,0.3799705250310942,0.0,0.0,0.0,0.0,0.0,0.0,product-reviews,1
2026-07-24 18:32:35,0.3799705250310942,0.0,0.0,0.0,0.0,0.0,0.0,product-reviews,1
2026-07-24 18:37:35,0.3799705250310942,0.0,0.0,0.0,0.0,0.0,0.0,product-reviews,1
2026-07-24 18:42:35,0.3799705250310942,0.0,0.0,0.0,0.0,0.0,0.0,product-reviews,1
2026-07-24 18:47:35,0.3799705250310942,0.0,0.0,0.0,0.0,0.0,0.0,product-reviews,1
2026-07-24 18:52:35,0.3799705250310942,0.0,0.0,0.0,0.0,0.0,0.0,product-reviews,1
2026-07-24 18:57:35,0.3799705250310942,0.0,0.0,0.0,0.0,0.0,0.0,product-reviews,1
2026-07-24 19:02:35,0.3799705250310942,0.0,0.0,0.0,0.0,0.0,0.0,product-reviews,1
2026-07-24 19:07:35,0.3799705250310942,0.0,0.0,0.0,0.0,0.0,0.0,product-reviews,1
2026-07-24 19:12:35,0.3799705250310942,0.0,0.0,0.0,0.0,0.0,0.0,product-reviews,1
2026-07-24 19:17:35,0.3799705250310942,0.0,0.0,0.0,0.0,0.0,0.0,product-reviews,1
2026-07-24 19:22:35,0.3799705250310942,0.0,0.0,0.0,0.0,0.0,0.0,product-reviews,1
2026-07-24 19:27:35,0.3799705250310942,0.0,0.0,0.0,0.0,0.0,0.0,product-reviews,1
2026-07-24 19:32:35,0.3799705250310942,0.0,0.0,0.0,0.0,0.0,0.0,product-reviews,1
2026-07-24 19:37:35,0.3799705250310942,0.0,0.0,0.0,0.0,0.0,0.0,product-reviews,1
2026-07-24 19:42:35,0.3799705250310942,0.0,0.0,0.0,0.0,0.0,0.0,product-reviews,1
2026-07-24 19:47:35,0.3799705250310942,0.0,0.0,0.0,0.0,0.0,0.0,product-reviews,1
2026-07-24 19:52:35,0.3799705250310942,0.0,0.0,0.0,0.0,0.0,0.0,product-reviews,1
2026-07-24 19:57:35,0.3799705250310942,0.0,0.0,0.0,0.0,0.0,0.0,product-reviews,1
2026-07-24 20:02:35,0.3799705250310942,0.0,0.0,0.0,0.0,0.0,0.0,product-reviews,1
2026-07-24 20:07:35,0.3799705250310942,0.0,0.0,0.0,0.0,0.0,0.0,product-reviews,1
2026-07-24 20:12:35,0.3799705250310942,0.0,0.0,0.0,0.0,0.0,0.0,product-reviews,1
2026-07-24 20:17:35,0.3799705250310942,0.0,0.0,0.0,0.0,0.0,0.0,product-reviews,1
2026-07-24 20:22:35,0.3799705250310942,0.0,0.0,0.0,0.0,0.0,0.0,product-reviews,1
2026-07-24 20:27:35,0.3799705250310942,0.0,0.0,0.0,0.0,0.0,0.0,product-reviews,1
2026-07-24 20:32:35,0.3799705250310942,0.0,0.0,0.0,0.0,0.0,0.0,product-reviews,1
2026-07-24 20:37:35,0.3799705250310942,0.0,0.0,0.0,0.0,0.0,0.0,product-reviews,1
2026-07-24 20:42:35,0.3799705250310942,0.0,0.0,0.0,0.0,0.0,0.0,product-reviews,1
2026-07-24 20:47:35,0.3799705250310942,0.0,0.0,0.0,0.0,0.0,0.0,product-reviews,1
2026-07-24 20:52:35,0.3799705250310942,0.0,0.0,0.0,0.0,0.0,0.0,product-reviews,1
2026-07-24 20:57:35,0.3799705250310942,0.0,0.0,0.0,0.0,0.0,0.0,product-reviews,1
2026-07-24 21:02:35,0.3799705250310942,0.0,0.0,0.0,0.0,0.0,0.0,product-reviews,1
2026-07-24 21:07:35,0.3799705250310942,0.0,0.0,0.0,0.0,0.0,0.0,product-reviews,1
2026-07-24 21:12:35,0.3799705250310942,0.0,0.0,0.0,0.0,0.0,0.0,product-reviews,1
2026-07-24 21:17:35,0.3799705250310942,0.0,0.0,0.0,0.0,0.0,0.0,product-reviews,1
2026-07-24 21:22:35,0.3799705250310942,0.0,0.0,0.0,0.0,0.0,0.0,product-reviews,1
2026-07-24 21:27:35,0.3799705250310942,0.0,0.0,0.0,0.0,0.0,0.0,product-reviews,1
2026-07-24 21:32:35,0.3799705250310942,0.0,0.0,0.0,0.0,0.0,0.0,product-reviews,1
2026-07-24 21:37:35,0.3799705250310942,0.0,0.0,0.0,0.0,0.0,0.0,product-reviews,1
2026-07-24 21:42:35,0.3799705250310942,0.0,0.0,0.0,0.0,0.0,0.0,product-reviews,1
2026-07-24 21:47:35,0.3799705250310942,0.0,0.0,0.0,0.0,0.0,0.0,product-reviews,1
2026-07-24 21:52:35,0.3799705250310942,0.0,0.0,0.0,0.0,0.0,0.0,product-reviews,1
2026-07-24 21:57:35,0.3799705250310942,0.0,0.0,0.0,0.0,0.0,0.0,product-reviews,1
2026-07-24 22:02:35,0.3799705250310942,0.0,0.0,0.0,0.0,0.0,0.0,product-reviews,1
2026-07-24 22:07:35,0.3799705250310942,0.0,0.0,0.0,0.0,0.0,0.0,product-reviews,1
2026-07-24 22:12:35,0.3799705250310942,0.0,0.0,0.0,0.0,0.0,0.0,product-reviews,1
2026-07-24 22:17:35,0.3799705250310942,0.0,0.0,0.0,0.0,0.0,0.0,product-reviews,1
2026-07-24 22:22:35,0.3799705250310942,0.0,0.0,0.0,0.0,0.0,0.0,product-reviews,1
2026-07-24 22:27:35,0.3799705250310942,0.0,0.0,0.0,0.0,0.0,0.0,product-reviews,1
2026-07-24 22:32:35,0.3799705250310942,0.0,0.0,0.0,0.0,0.0,0.0,product-reviews,1
2026-07-24 22:37:35,0.3799705250310942,0.0,0.0,0.0,0.0,0.0,0.0,product-reviews,1
2026-07-24 22:42:35,0.3799705250310942,0.0,0.0,0.0,0.0,0.0,0.0,product-reviews,1
2026-07-24 22:47:35,0.3799705250310942,0.0,0.0,0.0,0.0,0.0,0.0,product-reviews,1
2026-07-24 22:52:35,0.3799705250310942,0.0,0.0,0.0,0.0,0.0,0.0,product-reviews,1
2026-07-24 22:57:35,0.3799705250310942,0.0,0.0,0.0,0.0,0.0,0.0,product-reviews,1
2026-07-24 23:02:35,0.3799705250310942,0.0,0.0,0.0,0.0,0.0,0.0,product-reviews,1
2026-07-24 23:07:35,0.3799705250310942,0.0,0.0,0.0,0.0,0.0,0.0,product-reviews,1
2026-07-24 23:12:35,0.3799705250310942,0.0,0.0,0.0,0.0,0.0,0.0,product-reviews,1
2026-07-24 23:17:35,0.3799705250310942,0.0,0.0,0.0,0.0,0.0,0.0,product-reviews,1
2026-07-24 23:22:35,0.3799705250310942,0.0,0.0,0.0,0.0,0.0,0.0,product-reviews,1
2026-07-24 23:27:35,0.3799705250310942,0.0,0.0,0.0,0.0,0.0,0.0,product-reviews,1
2026-07-24 23:32:35,0.3799705250310942,0.0,0.0,0.0,0.0,0.0,0.0,product-reviews,1
2026-07-24 23:37:35,0.3799705250310942,0.0,0.0,0.0,0.0,0.0,0.0,product-reviews,1
2026-07-24 23:42:35,0.3799705250310942,0.0,0.0,0.0,0.0,0.0,0.0,product-reviews,1
2026-07-24 23:47:35,0.3799705250310942,0.0,0.0,0.0,0.0,0.0,0.0,product-reviews,1
2026-07-24 23:52:35,0.3799705250310942,0.0,0.0,0.0,0.0,0.0,0.0,product-reviews,1
2026-07-24 23:57:35,0.3799705250310942,0.0,0.0,0.0,0.0,0.0,0.0,product-reviews,1
2026-07-25 00:02:35,0.3799705250310942,0.0,0.0,0.0,0.0,0.0,0.0,product-reviews,1
2026-07-25 00:07:35,0.3799705250310942,0.0,0.0,0.0,0.0,0.0,0.0,product-reviews,1
2026-07-25 00:12:35,0.3799705250310942,0.0,0.0,0.0,0.0,0.0,0.0,product-reviews,1
2026-07-25 00:17:35,0.3799705250310942,0.0,0.0,0.0,0.0,0.0,0.0,product-reviews,1
2026-07-25 00:22:35,0.3799705250310942,0.0,0.0,0.0,0.0,0.0,0.0,product-reviews,1
2026-07-25 00:27:35,0.3799705250310942,0.0,0.0,0.0,0.0,0.0,0.0,product-reviews,1
2026-07-25 00:32:35,0.3799705250310942,0.0,0.0,0.0,0.0,0.0,0.0,product-reviews,1
2026-07-25 00:37:35,0.3799705250310942,0.0,0.0,0.0,0.0,0.0,0.0,product-reviews,1
2026-07-25 00:42:35,0.3799705250310942,0.0,0.0,0.0,0.0,0.0,0.0,product-reviews,1
2026-07-25 00:47:35,0.3799705250310942,0.0,0.0,0.0,0.0,0.0,0.0,product-reviews,1
2026-07-25 00:52:35,0.3799705250310942,0.0,0.0,0.0,0.0,0.0,0.0,product-reviews,1
2026-07-25 00:57:35,0.3799705250310942,0.0,0.0,0.0,0.0,0.0,0.0,product-reviews,1
2026-07-25 01:02:35,0.3799705250310942,0.0,0.0,0.0,0.0,0.0,0.0,product-reviews,1
2026-07-25 01:07:35,0.3799705250310942,0.0,0.0,0.0,0.0,0.0,0.0,product-reviews,1
2026-07-25 01:12:35,0.3799705250310942,0.0,0.0,0.0,0.0,0.0,0.0,product-reviews,1
2026-07-25 01:17:35,0.3799705250310942,0.0,0.0,0.0,0.0,0.0,0.0,product-reviews,1
2026-07-25 01:22:35,0.3799705250310942,0.0,0.0,0.0,0.0,0.0,0.0,product-reviews,1
2026-07-25 01:27:35,0.3799705250310942,0.0,0.0,0.0,0.0,0.0,0.0,product-reviews,1
2026-07-25 01:32:35,0.3799705250310942,0.0,0.0,0.0,0.0,0.0,0.0,product-reviews,1
2026-07-25 01:37:35,0.3799705250310942,0.0,0.0,0.0,0.0,0.0,0.0,product-reviews,1
2026-07-25 01:42:35,0.3799705250310942,0.0,0.0,0.0,0.0,0.0,0.0,product-reviews,1
2026-07-25 01:47:35,0.3799705250310942,0.0,0.0,0.0,0.0,0.0,0.0,product-reviews,1
2026-07-25 01:52:35,0.3799705250310942,0.0,0.0,0.0,0.0,0.0,0.0,product-reviews,1
2026-07-25 01:57:35,0.3799705250310942,0.0,0.0,0.0,0.0,0.0,0.0,product-reviews,1
2026-07-25 02:02:35,0.3799705250310942,0.0,0.0,0.0,0.0,0.0,0.0,product-reviews,1
2026-07-25 02:07:35,0.3799705250310942,0.0,0.0,0.0,0.0,0.0,0.0,product-reviews,1
2026-07-25 02:12:35,0.3799705250310942,0.0,0.0,0.0,0.0,0.0,0.0,product-reviews,1
2026-07-25 02:17:35,0.3799705250310942,0.0,0.0,0.0,0.0,0.0,0.0,product-reviews,1
2026-07-25 02:22:35,0.3799705250310942,0.0,0.0,0.0,0.0,0.0,0.0,product-reviews,1
2026-07-25 02:27:35,0.3799705250310942,0.0,0.0,0.0,0.0,0.0,0.0,product-reviews,1
2026-07-25 02:32:35,0.3799705250310942,0.0,0.0,0.0,0.0,0.0,0.0,product-reviews,1
2026-07-25 02:37:35,0.3799705250310942,0.0,0.0,0.0,0.0,0.0,0.0,product-reviews,1
2026-07-25 02:42:35,0.3799705250310942,0.0,0.0,0.0,0.0,0.0,0.0,product-reviews,1
2026-07-25 02:47:35,0.3799705250310942,0.0,0.0,0.0,0.0,0.0,0.0,product-reviews,1
2026-07-25 02:52:35,0.3799705250310942,0.0,0.0,0.0,0.0,0.0,0.0,product-reviews,1
2026-07-25 02:57:35,0.3799705250310942,0.0,0.0,0.0,0.0,0.0,0.0,product-reviews,1
2026-07-25 03:02:35,0.3799705250310942,0.0,0.0,0.0,0.0,0.0,0.0,product-reviews,1
2026-07-25 03:07:35,0.3799705250310942,0.0,0.0,0.0,0.0,0.0,0.0,product-reviews,1
2026-07-25 03:12:35,0.3799705250310942,0.0,0.0,0.0,0.0,0.0,0.0,product-reviews,1
2026-07-25 03:17:35,0.3799705250310942,0.0,0.0,0.0,0.0,0.0,0.0,product-reviews,1
2026-07-25 03:22:35,0.3799705250310942,0.0,0.0,0.0,0.0,0.0,0.0,product-reviews,1
2026-07-25 03:27:35,0.3799705250310942,0.0,0.0,0.0,0.0,0.0,0.0,product-reviews,1
2026-07-25 03:32:35,0.3799705250310942,0.0,0.0,0.0,0.0,0.0,0.0,product-reviews,1
2026-07-25 03:37:35,0.3799705250310942,0.0,0.0,0.0,0.0,0.0,0.0,product-reviews,1
2026-07-25 03:42:35,0.3799705250310942,0.0,0.0,0.0,0.0,0.0,0.0,product-reviews,1
2026-07-25 03:47:35,0.3799705250310942,0.0,0.0,0.0,0.0,0.0,0.0,product-reviews,1
2026-07-25 03:52:35,0.3799705250310942,0.0,0.0,0.0,0.0,0.0,0.0,product-reviews,1
2026-07-25 03:57:35,0.3799705250310942,0.0,0.0,0.0,0.0,0.0,0.0,product-reviews,1
2026-07-25 04:02:35,0.3799705250310942,0.0,0.0,0.0,0.0,0.0,0.0,product-reviews,1
2026-07-25 04:07:35,0.3799705250310942,0.0,0.0,0.0,0.0,0.0,0.0,product-reviews,1
2026-07-25 04:12:35,0.3799705250310942,0.0,0.0,0.0,0.0,0.0,0.0,product-reviews,1
2026-07-25 04:17:35,0.3799705250310942,0.0,0.0,0.0,0.0,0.0,0.0,product-reviews,1
2026-07-25 04:22:35,0.3799705250310942,0.0,0.0,0.0,0.0,0.0,0.0,product-reviews,1
2026-07-25 04:27:35,0.3799705250310942,0.0,0.0,0.0,0.0,0.0,0.0,product-reviews,1
2026-07-25 04:32:35,0.3799705250310942,0.0,0.0,0.0,0.0,0.0,0.0,product-reviews,1
2026-07-25 04:37:35,0.3799705250310942,0.0,0.0,0.0,0.0,0.0,0.0,product-reviews,1
2026-07-25 04:42:35,0.3799705250310942,0.0,0.0,0.0,0.0,0.0,0.0,product-reviews,1
2026-07-25 04:47:35,0.3799705250310942,0.0,0.0,0.0,0.0,0.0,0.0,product-reviews,1
2026-07-25 04:52:35,0.3799705250310942,0.0,0.0,0.0,0.0,0.0,0.0,product-reviews,1
2026-07-25 04:57:35,0.3799705250310942,0.0,0.0,0.0,0.0,0.0,0.0,product-reviews,1
2026-07-25 05:02:35,0.3799705250310942,0.0,0.0,0.0,0.0,0.0,0.0,product-reviews,1
2026-07-25 05:07:35,0.3799705250310942,0.0,0.0,0.0,0.0,0.0,0.0,product-reviews,1
2026-07-25 05:12:35,0.3799705250310942,0.0,0.0,0.0,0.0,0.0,0.0,product-reviews,1
2026-07-25 05:17:35,0.3799705250310942,0.0,0.0,0.0,0.0,0.0,0.0,product-reviews,1
2026-07-25 05:22:35,0.3799705250310942,0.0,0.0,0.0,0.0,0.0,0.0,product-reviews,1
2026-07-25 05:27:35,0.3799705250310942,0.0,0.0,0.0,0.0,0.0,0.0,product-reviews,1
2026-07-25 05:32:35,0.3799705250310942,0.0,0.0,0.0,0.0,0.0,0.0,product-reviews,1
2026-07-25 05:37:35,0.3799705250310942,0.0,0.0,0.0,0.0,0.0,0.0,product-reviews,1
2026-07-25 05:42:35,0.3799705250310942,0.0,0.0,0.0,0.0,0.0,0.0,product-reviews,1
2026-07-25 05:47:35,0.3799705250310942,0.0,0.0,0.0,0.0,0.0,0.0,product-reviews,1
2026-07-25 05:52:35,0.3799705250310942,0.0,0.0,0.0,0.0,0.0,0.0,product-reviews,1
2026-07-25 05:57:35,0.3799705250310942,0.0,0.0,0.0,0.0,0.0,0.0,product-reviews,1
2026-07-25 06:02:35,0.3799705250310942,0.0,0.0,0.0,0.0,0.0,0.0,product-reviews,1
2026-07-25 06:07:35,0.3799705250310942,0.0,0.0,0.0,0.0,0.0,0.0,product-reviews,1
2026-07-25 06:12:35,0.3799705250310942,0.0,0.0,0.0,0.0,0.0,0.0,product-reviews,1
2026-07-25 06:17:35,0.3799705250310942,0.0,0.0,0.0,0.0,0.0,0.0,product-reviews,1
2026-07-25 06:22:35,0.3799705250310942,0.0,0.0,0.0,0.0,0.0,0.0,product-reviews,1
2026-07-25 06:27:35,0.3799705250310942,0.0,0.0,0.0,0.0,0.0,0.0,product-reviews,1
2026-07-25 06:32:35,0.3799705250310942,0.0,0.0,0.0,0.0,0.0,0.0,product-reviews,1
2026-07-25 06:37:35,0.3799705250310942,0.0,0.0,0.0,0.0,0.0,0.0,product-reviews,1
2026-07-25 06:42:35,0.3799705250310942,0.0,0.0,0.0,0.0,0.0,0.0,product-reviews,1
2026-07-25 06:47:35,0.3799705250310942,0.0,0.0,0.0,0.0,0.0,0.0,product-reviews,1
2026-07-25 06:52:35,0.3799705250310942,0.0,0.0,0.0,0.0,0.0,0.0,product-reviews,1
2026-07-25 06:57:35,0.3799705250310942,0.0,0.0,0.0,0.0,0.0,0.0,product-reviews,1
2026-07-25 07:02:35,0.3799705250310942,0.0,0.0,0.0,0.0,0.0,0.0,product-reviews,1
2026-07-25 07:07:35,0.3799705250310942,0.0,0.0,0.0,0.0,0.0,0.0,product-reviews,1
2026-07-25 07:12:35,0.3799705250310942,0.0,0.0,0.0,0.0,0.0,0.0,product-reviews,1
2026-07-25 07:17:35,0.3799705250310942,0.0,0.0,0.0,0.0,0.0,0.0,product-reviews,1
2026-07-25 07:22:35,0.3799705250310942,0.0,0.0,0.0,0.0,0.0,0.0,product-reviews,1
2026-07-25 07:27:35,0.3799705250310942,0.0,0.0,0.0,0.0,0.0,0.0,product-reviews,1
2026-07-25 07:32:35,0.3799705250310942,0.0,0.0,0.0,0.0,0.0,0.0,product-reviews,1
2026-07-25 07:37:35,0.3799705250310942,0.0,0.0,0.0,0.0,0.0,0.0,product-reviews,1
2026-07-25 07:42:35,0.3799705250310942,0.0,0.0,0.0,0.0,0.0,0.0,product-reviews,1
2026-07-25 07:47:35,0.3799705250310942,0.0,0.0,0.0,0.0,0.0,0.0,product-reviews,1
2026-07-25 07:52:35,0.3799705250310942,0.0,0.0,0.0,0.0,0.0,0.0,product-reviews,1
2026-07-25 07:57:35,0.3799705250310942,0.0,0.0,0.0,0.0,0.0,0.0,product-reviews,1
2026-07-25 08:02:35,0.3799705250310942,0.0,0.0,0.0,0.0,0.0,0.0,product-reviews,1
2026-07-25 08:07:35,0.3799705250310942,0.0,0.0,0.0,0.0,0.0,0.0,product-reviews,1
2026-07-25 08:12:35,0.3799705250310942,0.0,0.0,0.0,0.0,0.0,0.0,product-reviews,1
2026-07-25 08:17:35,0.3799705250310942,0.0,0.0,0.0,0.0,0.0,0.0,product-reviews,1
2026-07-25 08:22:35,0.3799705250310942,0.0,0.0,0.0,0.0,0.0,0.0,product-reviews,1
2026-07-25 08:27:35,0.3799705250310942,0.0,0.0,0.0,0.0,0.0,0.0,product-reviews,1
2026-07-25 08:32:35,0.3799705250310942,0.0,0.0,0.0,0.0,0.0,0.0,product-reviews,1
2026-07-25 08:37:35,0.3799705250310942,0.0,0.0,0.0,0.0,0.0,0.0,product-reviews,1
2026-07-25 08:42:35,0.3799705250310942,0.0,0.0,0.0,0.0,0.0,0.0,product-reviews,1
2026-07-25 08:47:35,0.3799705250310942,0.0,0.0,0.0,0.0,0.0,0.0,product-reviews,1
2026-07-25 08:52:35,0.3799705250310942,0.0,0.0,0.0,0.0,0.0,0.0,product-reviews,1
2026-07-25 08:57:35,0.3799705250310942,0.0,0.0,0.0,0.0,0.0,0.0,product-reviews,1
2026-07-25 09:02:35,0.3799705250310942,0.0,0.0,0.0,0.0,0.0,0.0,product-reviews,1
2026-07-25 09:07:35,0.3799705250310942,0.0,0.0,0.0,0.0,0.0,0.0,product-reviews,1
2026-07-25 09:12:35,0.3799705250310942,0.0,0.0,0.0,0.0,0.0,0.0,product-reviews,1
2026-07-25 09:17:35,0.3799705250310942,0.0,0.0,0.0,0.0,0.0,0.0,product-reviews,1
2026-07-25 09:22:35,0.3799705250310942,0.0,0.0,0.0,0.0,0.0,0.0,product-reviews,1
2026-07-25 09:27:35,0.3799705250310942,0.0,0.0,0.0,0.0,0.0,0.0,product-reviews,1
2026-07-25 09:32:35,0.3799705250310942,0.0,0.0,0.0,0.0,0.0,0.0,product-reviews,1
2026-07-25 09:37:35,0.3799705250310942,0.0,0.0,0.0,0.0,0.0,0.0,product-reviews,1
2026-07-25 09:42:35,0.3799705250310942,0.0,0.0,0.0,0.0,0.0,0.0,product-reviews,1
2026-07-25 09:47:35,0.3799705250310942,0.0,0.0,0.0,0.0,0.0,0.0,product-reviews,1
2026-07-25 09:52:35,0.3799705250310942,0.0,0.0,0.0,0.0,0.0,0.0,product-reviews,1
2026-07-25 09:57:35,0.3799705250310942,0.0,0.0,0.0,0.0,0.0,0.0,product-reviews,1
2026-07-25 10:02:35,0.3799705250310942,0.0,0.0,0.0,0.0,0.0,0.0,product-reviews,1
2026-07-25 10:07:35,0.3799705250310942,0.0,0.0,0.0,0.0,0.0,0.0,product-reviews,1
2026-07-25 10:12:35,0.3799705250310942,0.0,0.0,0.0,0.0,0.0,0.0,product-reviews,1
2026-07-25 10:17:35,0.3799705250310942,0.0,0.0,0.0,0.0,0.0,0.0,product-reviews,1
2026-07-25 10:22:35,0.3799705250310942,0.0,0.0,0.0,0.0,0.0,0.0,product-reviews,1
2026-07-25 10:27:35,0.3799705250310942,0.0,0.0,0.0,0.0,0.0,0.0,product-reviews,1
2026-07-25 10:32:35,0.3799705250310942,0.0,0.0,0.0,0.0,0.0,0.0,product-reviews,1
2026-07-25 10:37:35,0.3799705250310942,0.0,0.0,0.0,0.0,0.0,0.0,product-reviews,1
2026-07-25 10:42:35,0.3799705250310942,0.0,0.0,0.0,0.0,0.0,0.0,product-reviews,1
2026-07-25 10:47:35,0.3799705250310942,0.0,0.0,0.0,0.0,0.0,0.0,product-reviews,1
2026-07-25 10:52:35,0.3799705250310942,0.0,0.0,0.0,0.0,0.0,0.0,product-reviews,1
2026-07-25 10:57:35,0.3799705250310942,0.0,0.0,0.0,0.0,0.0,0.0,product-reviews,1
2026-07-25 11:02:35,0.3799705250310942,0.0,0.0,0.0,0.0,0.0,0.0,product-reviews,1
2026-07-25 11:07:35,0.3799705250310942,0.0,0.0,0.0,0.0,0.0,0.0,product-reviews,1
2026-07-25 11:12:35,0.3799705250310942,0.0,0.0,0.0,0.0,0.0,0.0,product-reviews,1
2026-07-25 11:17:35,0.3799705250310942,0.0,0.0,0.0,0.0,0.0,0.0,product-reviews,1
2026-07-25 11:22:35,0.3799705250310942,0.0,0.0,0.0,0.0,0.0,0.0,product-reviews,1
2026-07-25 11:27:35,0.3799705250310942,0.0,0.0,0.0,0.0,0.0,0.0,product-reviews,1
2026-07-25 11:32:35,0.3799705250310942,0.0,0.0,0.0,0.0,0.0,0.0,product-reviews,1
2026-07-25 11:37:35,0.3799705250310942,0.0,0.0,0.0,0.0,0.0,0.0,product-reviews,1
2026-07-25 11:42:35,0.3799705250310942,0.0,0.0,0.0,0.0,0.0,0.0,product-reviews,1
2026-07-25 11:47:35,0.3799705250310942,0.0,0.0,0.0,0.0,0.0,0.0,product-reviews,1
2026-07-25 11:52:35,0.3799705250310942,0.0,0.0,0.0,0.0,0.0,0.0,product-reviews,1
2026-07-25 11:57:35,0.3799705250310942,0.0,0.0,0.0,0.0,0.0,0.0,product-reviews,1
2026-07-25 12:02:35,0.3799705250310942,0.0,0.0,0.0,0.0,0.0,0.0,product-reviews,1
2026-07-25 12:07:35,0.3799705250310942,0.0,0.0,0.0,0.0,0.0,0.0,product-reviews,1
2026-07-25 12:12:35,0.3799705250310942,0.0,0.0,0.0,0.0,0.0,0.0,product-reviews,1
2026-07-25 12:17:35,0.3799705250310942,0.0,0.0,0.0,0.0,0.0,0.0,product-reviews,1
2026-07-25 12:22:35,0.3799705250310942,0.0,0.0,0.0,0.0,0.0,0.0,product-reviews,1
2026-07-25 12:27:35,0.3799705250310942,0.0,0.0,0.0,0.0,0.0,0.0,product-reviews,1
2026-07-25 12:32:35,0.3799705250310942,0.0,0.0,0.0,0.0,0.0,0.0,product-reviews,1
2026-07-25 12:37:35,0.3799705250310942,0.0,0.0,0.0,0.0,0.0,0.0,product-reviews,1
2026-07-25 12:42:35,0.3799705250310942,0.0,0.0,0.0,0.0,0.0,0.0,product-reviews,1
2026-07-25 12:47:35,0.3799705250310942,0.0,0.0,0.0,0.0,0.0,0.0,product-reviews,1
2026-07-25 12:52:35,0.3799705250310942,0.0,0.0,0.0,0.0,0.0,0.0,product-reviews,1
2026-07-25 12:57:35,0.3799705250310942,0.0,0.0,0.0,0.0,0.0,0.0,product-reviews,1
2026-07-25 13:02:35,0.3799705250310942,0.0,0.0,0.0,0.0,0.0,0.0,product-reviews,1
2026-07-25 13:07:35,0.3799705250310942,0.0,0.0,0.0,0.0,0.0,0.0,product-reviews,1
2026-07-25 13:12:35,0.3799705250310942,0.0,0.0,0.0,0.0,0.0,0.0,product-reviews,1
2026-07-25 13:17:35,0.3799705250310942,0.0,0.0,0.0,0.0,0.0,0.0,product-reviews,1
2026-07-25 13:22:35,0.3799705250310942,0.0,0.0,0.0,0.0,0.0,0.0,product-reviews,1
2026-07-25 13:27:35,0.3799705250310942,0.0,0.0,0.0,0.0,0.0,0.0,product-reviews,1
2026-07-25 13:32:35,0.3799705250310942,0.0,0.0,0.0,0.0,0.0,0.0,product-reviews,1
2026-07-25 13:37:35,0.3799705250310942,0.0,0.0,0.0,0.0,0.0,0.0,product-reviews,1
2026-07-25 13:42:35,0.3799705250310942,0.0,0.0,0.0,0.0,0.0,0.0,product-reviews,1
2026-07-25 13:47:35,0.3799705250310942,0.0,0.0,0.0,0.0,0.0,0.0,product-reviews,1
2026-07-25 13:52:35,0.3799705250310942,0.0,0.0,0.0,0.0,0.0,0.0,product-reviews,1
2026-07-25 13:57:35,0.3799705250310942,0.0,0.0,0.0,0.0,0.0,0.0,product-reviews,1
2026-07-25 14:02:35,0.3799705250310942,0.0,0.0,0.0,0.0,0.0,0.0,product-reviews,1
2026-07-25 14:07:35,0.3799705250310942,0.0,0.0,0.0,0.0,0.0,0.0,product-reviews,1
2026-07-25 14:12:35,0.3799705250310942,0.0,0.0,0.0,0.0,0.0,0.0,product-reviews,1
2026-07-25 14:17:35,0.3799705250310942,0.0,0.0,0.0,0.0,0.0,0.0,product-reviews,1
2026-07-25 14:22:35,0.3799705250310942,0.0,0.0,0.0,0.0,0.0,0.0,product-reviews,1
2026-07-25 14:27:35,0.3799705250310942,0.0,0.0,0.0,0.0,0.0,0.0,product-reviews,1
2026-07-25 14:32:35,0.3799705250310942,0.0,0.0,0.0,0.0,0.0,0.0,product-reviews,1
2026-07-25 14:37:35,0.3799705250310942,0.0,0.0,0.0,0.0,0.0,0.0,product-reviews,1
2026-07-25 14:42:35,0.3799705250310942,0.0,0.0,0.0,0.0,0.0,0.0,product-reviews,1
2026-07-25 14:47:35,0.3799705250310942,0.0,0.0,0.0,0.0,0.0,0.0,product-reviews,1
2026-07-25 14:52:35,0.3799705250310942,0.0,0.0,0.0,0.0,0.0,0.0,product-reviews,1
2026-07-25 14:57:35,0.3799705250310942,0.0,0.0,0.0,0.0,0.0,0.0,product-reviews,1
2026-07-25 15:02:35,0.3799705250310942,0.0,0.0,0.0,0.0,0.0,0.0,product-reviews,1
2026-07-25 15:07:35,0.3799705250310942,0.0,0.0,0.0,0.0,0.0,0.0,product-reviews,1
2026-07-25 15:12:35,0.3799705250310942,0.0,0.0,0.0,0.0,0.0,0.0,product-reviews,1
2026-07-25 15:17:35,0.3799705250310942,0.0,0.0,0.0,0.0,0.0,0.0,product-reviews,1
2026-07-25 15:22:35,0.3799705250310942,0.0,0.0,0.0,0.0,0.0,0.0,product-reviews,1
2026-07-25 15:27:35,0.3799705250310942,0.0,0.0,0.0,0.0,0.0,0.0,product-reviews,1
2026-07-25 15:32:35,0.3799705250310942,0.0,0.0,0.0,0.0,0.0,0.0,product-reviews,1
2026-07-25 15:37:35,0.3799705250310942,0.0,0.0,0.0,0.0,0.0,0.0,product-reviews,1
2026-07-25 15:42:35,0.3799705250310942,0.0,0.0,0.0,0.0,0.0,0.0,product-reviews,1
2026-07-25 15:47:35,0.3799705250310942,0.0,0.0,0.0,0.0,0.0,0.0,product-reviews,1
2026-07-25 15:52:35,0.3799705250310942,0.0,0.0,0.0,0.0,0.0,0.0,product-reviews,1
2026-07-25 15:57:35,0.3799705250310942,0.0,0.0,0.0,0.0,0.0,0.0,product-reviews,1
2026-07-25 16:02:35,0.3799705250310942,0.0,0.0,0.0,0.0,0.0,0.0,product-reviews,1
2026-07-25 16:07:35,0.3799705250310942,0.0,0.0,0.0,0.0,0.0,0.0,product-reviews,1
2026-07-25 16:12:35,0.3799705250310942,0.0,0.0,0.0,0.0,0.0,0.0,product-reviews,1
2026-07-25 16:17:35,0.3799705250310942,0.0,0.0,0.0,0.0,0.0,0.0,product-reviews,1
2026-07-25 16:22:35,0.3799705250310942,0.0,0.0,0.0,0.0,0.0,0.0,product-reviews,1
2026-07-25 16:27:35,0.3799705250310942,0.0,0.0,0.0,0.0,0.0,0.0,product-reviews,1
2026-07-25 16:32:35,0.3799705250310942,0.0,0.0,0.0,0.0,0.0,0.0,product-reviews,1
2026-07-25 16:37:35,0.3799705250310942,0.0,0.0,0.0,0.0,0.0,0.0,product-reviews,1
2026-07-25 16:42:35,0.3799705250310942,0.0,0.0,0.0,0.0,0.0,0.0,product-reviews,1
2026-07-25 16:47:35,0.3799705250310942,0.0,0.0,0.0,0.0,0.0,0.0,product-reviews,1
2026-07-25 16:52:35,0.3799705250310942,0.0,0.0,0.0,0.0,0.0,0.0,product-reviews,1
2026-07-25 16:57:35,0.3799705250310942,0.0,0.0,0.0,0.0,0.0,0.0,product-reviews,1
2026-07-25 17:02:35,0.3799705250310942,0.0,0.0,0.0,0.0,0.0,0.0,product-reviews,1
2026-07-25 17:07:35,0.3799705250310942,0.0,0.0,0.0,0.0,0.0,0.0,product-reviews,1
2026-07-25 17:12:35,0.3799705250310942,0.0,0.0,0.0,0.0,0.0,0.0,product-reviews,1
2026-07-25 17:17:35,0.3799705250310942,0.0,0.0,0.0,0.0,0.0,0.0,product-reviews,1
2026-07-25 17:22:35,0.3799705250310942,0.0,0.0,0.0,0.0,0.0,0.0,product-reviews,1
2026-07-25 17:27:35,0.3799705250310942,0.0,0.0,0.0,0.0,0.0,0.0,product-reviews,1
2026-07-25 17:32:35,0.3799705250310942,0.0,0.0,0.0,0.0,0.0,0.0,product-reviews,1
2026-07-25 17:37:35,0.3799705250310942,0.0,0.0,0.0,0.0,0.0,0.0,product-reviews,1
2026-07-25 17:42:35,0.3799705250310942,0.0,0.0,0.0,0.0,0.0,0.0,product-reviews,1
2026-07-25 17:47:35,0.3799705250310942,0.0,0.0,0.0,0.0,0.0,0.0,product-reviews,1
2026-07-25 17:52:35,0.3799705250310942,0.0,0.0,0.0,0.0,0.0,0.0,product-reviews,1
2026-07-25 17:57:35,0.3799705250310942,0.0,0.0,0.0,0.0,0.0,0.0,product-reviews,1
2026-07-25 18:02:35,0.3799705250310942,0.0,0.0,0.0,0.0,0.0,0.0,product-reviews,1
2026-07-25 18:07:35,0.3799705250310942,0.0,0.0,0.0,0.0,0.0,0.0,product-reviews,1
2026-07-25 18:12:35,0.3799705250310942,0.0,0.0,0.0,0.0,0.0,0.0,product-reviews,1
2026-07-25 18:17:35,0.3799705250310942,0.0,0.0,0.0,0.0,0.0,0.0,product-reviews,1
2026-07-25 18:22:35,0.3799705250310942,0.0,0.0,0.0,0.0,0.0,0.0,product-reviews,1
2026-07-25 18:27:35,0.3799705250310942,0.0,0.0,0.0,0.0,0.0,0.0,product-reviews,1
2026-07-25 18:32:35,0.3799705250310942,0.0,0.0,0.0,0.0,0.0,0.0,product-reviews,1
2026-07-25 18:37:35,0.3799705250310942,0.0,0.0,0.0,0.0,0.0,0.0,product-reviews,1
2026-07-25 18:42:35,0.3799705250310942,0.0,0.0,0.0,0.0,0.0,0.0,product-reviews,1
2026-07-25 18:47:35,0.3799705250310942,0.0,0.0,0.0,0.0,0.0,0.0,product-reviews,1
2026-07-25 18:52:35,0.3799705250310942,0.0,0.0,0.0,0.0,0.0,0.0,product-reviews,1
2026-07-25 18:57:35,0.3799705250310942,0.0,0.0,0.0,0.0,0.0,0.0,product-reviews,1
2026-07-25 19:02:35,0.3799705250310942,0.0,0.0,0.0,0.0,0.0,0.0,product-reviews,1
2026-07-25 19:07:35,0.3799705250310942,0.0,0.0,0.0,0.0,0.0,0.0,product-reviews,1
2026-07-25 19:12:35,0.3799705250310942,0.0,0.0,0.0,0.0,0.0,0.0,product-reviews,1
2026-07-25 19:17:35,0.3799705250310942,0.0,0.0,0.0,0.0,0.0,0.0,product-reviews,1
2026-07-25 19:22:35,0.3799705250310942,0.0,0.0,0.0,0.0,0.0,0.0,product-reviews,1
2026-07-25 19:27:35,0.3799705250310942,0.0,0.0,0.0,0.0,0.0,0.0,product-reviews,1
2026-07-25 19:32:35,0.3799705250310942,0.0,0.0,0.0,0.0,0.0,0.0,product-reviews,1
2026-07-25 19:37:35,0.3799705250310942,0.0,0.0,0.0,0.0,0.0,0.0,product-reviews,1
2026-07-25 19:42:35,0.3799705250310942,0.0,0.0,0.0,0.0,0.0,0.0,product-reviews,1
2026-07-25 19:47:35,0.3799705250310942,0.0,0.0,0.0,0.0,0.0,0.0,product-reviews,1
2026-07-25 19:52:35,0.3799705250310942,0.0,0.0,0.0,0.0,0.0,0.0,product-reviews,1
2026-07-25 19:57:35,0.3799705250310942,0.0,0.0,0.0,0.0,0.0,0.0,product-reviews,1
2026-07-25 20:02:35,0.3799705250310942,0.0,0.0,0.0,0.0,0.0,0.0,product-reviews,1
2026-07-25 20:07:35,0.3799705250310942,0.0,0.0,0.0,0.0,0.0,0.0,product-reviews,1
2026-07-25 20:12:35,0.3799705250310942,0.0,0.0,0.0,0.0,0.0,0.0,product-reviews,1
2026-07-25 20:17:35,0.3799705250310942,0.0,0.0,0.0,0.0,0.0,0.0,product-reviews,1
2026-07-25 20:22:35,0.3799705250310942,0.0,0.0,0.0,0.0,0.0,0.0,product-reviews,1
2026-07-25 20:27:35,0.3799705250310942,0.0,0.0,0.0,0.0,0.0,0.0,product-reviews,1
2026-07-25 20:32:35,0.3799705250310942,0.0,0.0,0.0,0.0,0.0,0.0,product-reviews,1
2026-07-25 20:37:35,0.3799705250310942,0.0,0.0,0.0,0.0,0.0,0.0,product-reviews,1
2026-07-25 20:42:35,0.3799705250310942,0.0,0.0,0.0,0.0,0.0,0.0,product-reviews,1
2026-07-25 20:47:35,0.3799705250310942,0.0,0.0,0.0,0.0,0.0,0.0,product-reviews,1
2026-07-25 20:52:35,0.3799705250310942,0.0,0.0,0.0,0.0,0.0,0.0,product-reviews,1
2026-07-25 20:57:35,0.3799705250310942,0.0,0.0,0.0,0.0,0.0,0.0,product-reviews,1
2026-07-25 21:02:35,0.3799705250310942,0.0,0.0,0.0,0.0,0.0,0.0,product-reviews,1
2026-07-25 21:07:35,0.3799705250310942,0.0,0.0,0.0,0.0,0.0,0.0,product-reviews,1
2026-07-25 21:12:35,0.3799705250310942,0.0,0.0,0.0,0.0,0.0,0.0,product-reviews,1
2026-07-25 21:17:35,0.3799705250310942,0.0,0.0,0.0,0.0,0.0,0.0,product-reviews,1
2026-07-25 21:22:35,0.3799705250310942,0.0,0.0,0.0,0.0,0.0,0.0,product-reviews,1
2026-07-25 21:27:35,0.3799705250310942,0.0,0.0,0.0,0.0,0.0,0.0,product-reviews,1
2026-07-25 21:32:35,0.3799705250310942,0.0,0.0,0.0,0.0,0.0,0.0,product-reviews,1
2026-07-25 21:37:35,0.3799705250310942,0.0,0.0,0.0,0.0,0.0,0.0,product-reviews,1
2026-07-25 21:42:35,0.3799705250310942,0.0,0.0,0.0,0.0,0.0,0.0,product-reviews,1
2026-07-25 21:47:35,0.3799705250310942,0.0,0.0,0.0,0.0,0.0,0.0,product-reviews,1
2026-07-25 21:52:35,0.3799705250310942,0.0,0.0,0.0,0.0,0.0,0.0,product-reviews,1
2026-07-25 21:57:35,0.3799705250310942,0.0,0.0,0.0,0.0,0.0,0.0,product-reviews,1
2026-07-25 22:02:35,0.3799705250310942,0.0,0.0,0.0,0.0,0.0,0.0,product-reviews,1
2026-07-25 22:07:35,0.3799705250310942,0.0,0.0,0.0,0.0,0.0,0.0,product-reviews,1
2026-07-25 22:12:35,0.3799705250310942,0.0,0.0,0.0,0.0,0.0,0.0,product-reviews,1
2026-07-25 22:17:35,0.3799705250310942,0.0,0.0,0.0,0.0,0.0,0.0,product-reviews,1
2026-07-25 22:22:35,0.3799705250310942,0.0,0.0,0.0,0.0,0.0,0.0,product-reviews,1
2026-07-25 22:27:35,0.3799705250310942,0.0,0.0,0.0,0.0,0.0,0.0,product-reviews,1
2026-07-25 22:32:35,0.3799705250310942,0.0,0.0,0.0,0.0,0.0,0.0,product-reviews,1
2026-07-25 22:37:35,0.3799705250310942,0.0,0.0,0.0,0.0,0.0,0.0,product-reviews,1
2026-07-25 22:42:35,0.3799705250310942,0.0,0.0,0.0,0.0,0.0,0.0,product-reviews,1
2026-07-25 22:47:35,0.3799705250310942,0.0,0.0,0.0,0.0,0.0,0.0,product-reviews,1
2026-07-25 22:52:35,0.3799705250310942,0.0,0.0,0.0,0.0,0.0,0.0,product-reviews,1
2026-07-25 22:57:35,0.3799705250310942,0.0,0.0,0.0,0.0,0.0,0.0,product-reviews,1
2026-07-25 23:02:35,0.3799705250310942,0.0,0.0,0.0,0.0,0.0,0.0,product-reviews,1
2026-07-25 23:07:35,0.3799705250310942,0.0,0.0,0.0,0.0,0.0,0.0,product-reviews,1
2026-07-25 23:12:35,0.3799705250310942,0.0,0.0,0.0,0.0,0.0,0.0,product-reviews,1
2026-07-25 23:17:35,0.3799705250310942,0.0,0.0,0.0,0.0,0.0,0.0,product-reviews,1
2026-07-25 23:22:35,0.3799705250310942,0.0,0.0,0.0,0.0,0.0,0.0,product-reviews,1
2026-07-25 23:27:35,0.3799705250310942,0.0,0.0,0.0,0.0,0.0,0.0,product-reviews,1
2026-07-25 23:32:35,0.3799705250310942,0.0,0.0,0.0,0.0,0.0,0.0,product-reviews,1
2026-07-25 23:37:35,0.3799705250310942,0.0,0.0,0.0,0.0,0.0,0.0,product-reviews,1
2026-07-25 23:42:35,0.3799705250310942,0.0,0.0,0.0,0.0,0.0,0.0,product-reviews,1
2026-07-25 23:47:35,0.3799705250310942,0.0,0.0,0.0,0.0,0.0,0.0,product-reviews,1
2026-07-25 23:52:35,0.3799705250310942,0.0,0.0,0.0,0.0,0.0,0.0,product-reviews,1
2026-07-25 23:57:35,0.3799705250310942,0.0,0.0,0.0,0.0,0.0,0.0,product-reviews,1
2026-07-26 00:02:35,0.3799705250310942,0.0,0.0,0.0,0.0,0.0,0.0,product-reviews,1
2026-07-26 00:07:35,0.3799705250310942,0.0,0.0,0.0,0.0,0.0,0.0,product-reviews,1
2026-07-26 00:12:35,0.3799705250310942,0.0,0.0,0.0,0.0,0.0,0.0,product-reviews,1
2026-07-26 00:17:35,0.3799705250310942,0.0,0.0,0.0,0.0,0.0,0.0,product-reviews,1
2026-07-26 00:22:35,0.3799705250310942,0.0,0.0,0.0,0.0,0.0,0.0,product-reviews,1
2026-07-26 00:27:35,0.3799705250310942,0.0,0.0,0.0,0.0,0.0,0.0,product-reviews,1
2026-07-26 00:32:35,0.3799705250310942,0.0,0.0,0.0,0.0,0.0,0.0,product-reviews,1
2026-07-26 00:37:35,0.3799705250310942,0.0,0.0,0.0,0.0,0.0,0.0,product-reviews,1
2026-07-26 00:42:35,0.3799705250310942,0.0,0.0,0.0,0.0,0.0,0.0,product-reviews,1
2026-07-26 00:47:35,0.3799705250310942,0.0,0.0,0.0,0.0,0.0,0.0,product-reviews,1
2026-07-26 00:52:35,0.3799705250310942,0.0,0.0,0.0,0.0,0.0,0.0,product-reviews,1
2026-07-26 00:57:35,0.3799705250310942,0.0,0.0,0.0,0.0,0.0,0.0,product-reviews,1
2026-07-26 01:02:35,0.3799705250310942,0.0,0.0,0.0,0.0,0.0,0.0,product-reviews,1
2026-07-26 01:07:35,0.3799705250310942,0.0,0.0,0.0,0.0,0.0,0.0,product-reviews,1
2026-07-26 01:12:35,0.3799705250310942,0.0,0.0,0.0,0.0,0.0,0.0,product-reviews,1
2026-07-26 01:17:35,0.3799705250310942,0.0,0.0,0.0,0.0,0.0,0.0,product-reviews,1
2026-07-26 01:22:35,0.3799705250310942,0.0,0.0,0.0,0.0,0.0,0.0,product-reviews,1
2026-07-26 01:27:35,0.3799705250310942,0.0,0.0,0.0,0.0,0.0,0.0,product-reviews,1
2026-07-26 01:32:35,0.3799705250310942,0.0,0.0,0.0,0.0,0.0,0.0,product-reviews,1
2026-07-26 01:37:35,0.3799705250310942,0.0,0.0,0.0,0.0,0.0,0.0,product-reviews,1
2026-07-26 01:42:35,0.3799705250310942,0.0,0.0,0.0,0.0,0.0,0.0,product-reviews,1
2026-07-26 01:47:35,0.3799705250310942,0.0,0.0,0.0,0.0,0.0,0.0,product-reviews,1
2026-07-26 01:52:35,0.3799705250310942,0.0,0.0,0.0,0.0,0.0,0.0,product-reviews,1
2026-07-26 01:57:35,0.3799705250310942,0.0,0.0,0.0,0.0,0.0,0.0,product-reviews,1
2026-07-26 02:02:35,0.3799705250310942,0.0,0.0,0.0,0.0,0.0,0.0,product-reviews,1
2026-07-26 02:07:35,0.3799705250310942,0.0,0.0,0.0,0.0,0.0,0.0,product-reviews,1
2026-07-26 02:12:35,0.3799705250310942,0.0,0.0,0.0,0.0,0.0,0.0,product-reviews,1
2026-07-26 02:17:35,0.3799705250310942,0.0,0.0,0.0,0.0,0.0,0.0,product-reviews,1
2026-07-26 02:22:35,0.3799705250310942,0.0,0.0,0.0,0.0,0.0,0.0,product-reviews,1
2026-07-26 02:27:35,0.3799705250310942,0.0,0.0,0.0,0.0,0.0,0.0,product-reviews,1
2026-07-26 02:32:35,0.3799705250310942,0.0,0.0,0.0,0.0,0.0,0.0,product-reviews,1
2026-07-26 02:37:35,0.3799705250310942,0.0,0.0,0.0,0.0,0.0,0.0,product-reviews,1
2026-07-26 02:42:35,0.3799705250310942,0.0,0.0,0.0,0.0,0.0,0.0,product-reviews,1
2026-07-26 02:47:35,0.3799705250310942,0.0,0.0,0.0,0.0,0.0,0.0,product-reviews,1
2026-07-26 02:52:35,0.3799705250310942,0.0,0.0,0.0,0.0,0.0,0.0,product-reviews,1
2026-07-26 02:57:35,0.3799705250310942,0.0,0.0,0.0,0.0,0.0,0.0,product-reviews,1
2026-07-26 03:02:35,0.3799705250310942,0.0,0.0,0.0,0.0,0.0,0.0,product-reviews,1
2026-07-26 03:07:35,0.3799705250310942,0.0,0.0,0.0,0.0,0.0,0.0,product-reviews,1
2026-07-26 03:12:35,0.3799705250310942,0.0,0.0,0.0,0.0,0.0,0.0,product-reviews,1
2026-07-26 03:17:35,0.3799705250310942,0.0,0.0,0.0,0.0,0.0,0.0,product-reviews,1
2026-07-26 03:22:35,0.3799705250310942,0.0,0.0,0.0,0.0,0.0,0.0,product-reviews,1
2026-07-26 03:27:35,0.3799705250310942,0.0,0.0,0.0,0.0,0.0,0.0,product-reviews,1
2026-07-26 03:32:35,0.3799705250310942,0.0,0.0,0.0,0.0,0.0,0.0,product-reviews,1
2026-07-26 03:37:35,0.3799705250310942,0.0,0.0,0.0,0.0,0.0,0.0,product-reviews,1
2026-07-26 03:42:35,0.3799705250310942,0.0,0.0,0.0,0.0,0.0,0.0,product-reviews,1
2026-07-26 03:47:35,0.3799705250310942,0.0,0.0,0.0,0.0,0.0,0.0,product-reviews,1
2026-07-26 03:52:35,0.3799705250310942,0.0,0.0,0.0,0.0,0.0,0.0,product-reviews,1
2026-07-26 03:57:35,0.3799705250310942,0.0,0.0,0.0,0.0,0.0,0.0,product-reviews,1
2026-07-26 04:02:35,0.3799705250310942,0.0,0.0,0.0,0.0,0.0,0.0,product-reviews,1
2026-07-26 04:07:35,0.3799705250310942,0.0,0.0,0.0,0.0,0.0,0.0,product-reviews,1
2026-07-26 04:12:35,0.3799705250310942,0.0,0.0,0.0,0.0,0.0,0.0,product-reviews,1
2026-07-26 04:17:35,0.3799705250310942,0.0,0.0,0.0,0.0,0.0,0.0,product-reviews,1
2026-07-26 04:22:35,0.3799705250310942,0.0,0.0,0.0,0.0,0.0,0.0,product-reviews,1
2026-07-26 04:27:35,0.3799705250310942,0.0,0.0,0.0,0.0,0.0,0.0,product-reviews,1
2026-07-26 04:32:35,0.3799705250310942,0.0,0.0,0.0,0.0,0.0,0.0,product-reviews,1
2026-07-26 04:37:35,0.3799705250310942,0.0,0.0,0.0,0.0,0.0,0.0,product-reviews,1
2026-07-26 04:42:35,0.3799705250310942,0.0,0.0,0.0,0.0,0.0,0.0,product-reviews,1
2026-07-26 04:47:35,0.3799705250310942,0.0,0.0,0.0,0.0,0.0,0.0,product-reviews,1
2026-07-26 04:52:35,0.3799705250310942,0.0,0.0,0.0,0.0,0.0,0.0,product-reviews,1
2026-07-26 04:57:35,0.3799705250310942,0.0,0.0,0.0,0.0,0.0,0.0,product-reviews,1
2026-07-26 05:02:35,0.3799705250310942,0.0,0.0,0.0,0.0,0.0,0.0,product-reviews,1
2026-07-26 05:07:35,0.3799705250310942,0.0,0.0,0.0,0.0,0.0,0.0,product-reviews,1
2026-07-26 05:12:35,0.3799705250310942,0.0,0.0,0.0,0.0,0.0,0.0,product-reviews,1
2026-07-26 05:17:35,0.3799705250310942,0.0,0.0,0.0,0.0,0.0,0.0,product-reviews,1
2026-07-26 05:22:35,0.3799705250310942,0.0,0.0,0.0,0.0,0.0,0.0,product-reviews,1
2026-07-26 05:27:35,0.3799705250310942,0.0,0.0,0.0,0.0,0.0,0.0,product-reviews,1
2026-07-26 05:32:35,0.3799705250310942,0.0,0.0,0.0,0.0,0.0,0.0,product-reviews,1
2026-07-26 05:37:35,0.3799705250310942,0.0,0.0,0.0,0.0,0.0,0.0,product-reviews,1
2026-07-26 05:42:35,0.3799705250310942,0.0,0.0,0.0,0.0,0.0,0.0,product-reviews,1
2026-07-26 05:47:35,0.3799705250310942,0.0,0.0,0.0,0.0,0.0,0.0,product-reviews,1
2026-07-26 05:52:35,0.3799705250310942,0.0,0.0,0.0,0.0,0.0,0.0,product-reviews,1
2026-07-26 05:57:35,0.3799705250310942,0.0,0.0,0.0,0.0,0.0,0.0,product-reviews,1
2026-07-26 06:02:35,0.3799705250310942,0.0,0.0,0.0,0.0,0.0,0.0,product-reviews,1
2026-07-26 06:07:35,0.3799705250310942,0.0,0.0,0.0,0.0,0.0,0.0,product-reviews,1
2026-07-26 06:12:35,0.3799705250310942,0.0,0.0,0.0,0.0,0.0,0.0,product-reviews,1
2026-07-26 06:17:35,0.3799705250310942,0.0,0.0,0.0,0.0,0.0,0.0,product-reviews,1
2026-07-26 06:22:35,0.3799705250310942,0.0,0.0,0.0,0.0,0.0,0.0,product-reviews,1
2026-07-26 06:27:35,0.3799705250310942,0.0,0.0,0.0,0.0,0.0,0.0,product-reviews,1
2026-07-26 06:32:35,0.3799705250310942,0.0,0.0,0.0,0.0,0.0,0.0,product-reviews,1
2026-07-26 06:37:35,0.3799705250310942,0.0,0.0,0.0,0.0,0.0,0.0,product-reviews,1
2026-07-26 06:42:35,0.3799705250310942,0.0,0.0,0.0,0.0,0.0,0.0,product-reviews,1
2026-07-26 06:47:35,0.3799705250310942,0.0,0.0,0.0,0.0,0.0,0.0,product-reviews,1
2026-07-26 06:52:35,0.3799705250310942,0.0,0.0,0.0,0.0,0.0,0.0,product-reviews,1
2026-07-26 06:57:35,0.3799705250310942,0.0,0.0,0.0,0.0,0.0,0.0,product-reviews,1
2026-07-26 07:02:35,0.3799705250310942,0.0,0.0,0.0,0.0,0.0,0.0,product-reviews,1
2026-07-26 07:07:35,0.3799705250310942,0.0,0.0,0.0,0.0,0.0,0.0,product-reviews,1
2026-07-26 07:12:35,0.3799705250310942,0.0,0.0,0.0,0.0,0.0,0.0,product-reviews,1
2026-07-26 07:17:35,0.3799705250310942,0.0,0.0,0.0,0.0,0.0,0.0,product-reviews,1
2026-07-26 07:22:35,0.3799705250310942,0.0,0.0,0.0,0.0,0.0,0.0,product-reviews,1
2026-07-26 07:27:35,0.3799705250310942,0.0,0.0,0.0,0.0,0.0,0.0,product-reviews,1
2026-07-26 07:32:35,0.3799705250310942,0.0,0.0,0.0,0.0,0.0,0.0,product-reviews,1
2026-07-26 07:37:35,0.3799705250310942,0.0,0.0,0.0,0.0,0.0,0.0,product-reviews,1
2026-07-26 07:42:35,0.3799705250310942,0.0,0.0,0.0,0.0,0.0,0.0,product-reviews,1
2026-07-26 07:47:35,0.3799705250310942,0.0,0.0,0.0,0.0,0.0,0.0,product-reviews,1
2026-07-26 07:52:35,0.3799705250310942,0.0,0.0,0.0,0.0,0.0,0.0,product-reviews,1
2026-07-26 07:57:35,0.3799705250310942,0.0,0.0,0.0,0.0,0.0,0.0,product-reviews,1
2026-07-26 08:02:35,0.3799705250310942,0.0,0.0,0.0,0.0,0.0,0.0,product-reviews,1
2026-07-26 08:07:35,0.3799705250310942,0.0,0.0,0.0,0.0,0.0,0.0,product-reviews,1
2026-07-26 08:12:35,0.3799705250310942,0.0,0.0,0.0,0.0,0.0,0.0,product-reviews,1
2026-07-26 08:17:35,0.3799705250310942,0.0,0.0,0.0,0.0,0.0,0.0,product-reviews,1
2026-07-26 08:22:35,0.3799705250310942,0.0,0.0,0.0,0.0,0.0,0.0,product-reviews,1
2026-07-26 08:27:35,0.3799705250310942,0.0,0.0,0.0,0.0,0.0,0.0,product-reviews,1
2026-07-26 08:32:35,0.3799705250310942,0.0,0.0,0.0,0.0,0.0,0.0,product-reviews,1
2026-07-26 08:37:35,0.3799705250310942,0.0,0.0,0.0,0.0,0.0,0.0,product-reviews,1
2026-07-26 08:42:35,0.3799705250310942,0.0,0.0,0.0,0.0,0.0,0.0,product-reviews,1
2026-07-26 08:47:35,0.3799705250310942,0.0,0.0,0.0,0.0,0.0,0.0,product-reviews,1
2026-07-26 08:52:35,0.3799705250310942,0.0,0.0,0.0,0.0,0.0,0.0,product-reviews,1
2026-07-26 08:57:35,0.3799705250310942,0.0,0.0,0.0,0.0,0.0,0.0,product-reviews,1
2026-07-26 09:02:35,0.3799705250310942,0.0,0.0,0.0,0.0,0.0,0.0,product-reviews,1
2026-07-26 09:07:35,0.3799705250310942,0.0,0.0,0.0,0.0,0.0,0.0,product-reviews,1
2026-07-26 09:12:35,0.3799705250310942,0.0,0.0,0.0,0.0,0.0,0.0,product-reviews,1
2026-07-26 09:17:35,0.3799705250310942,0.0,0.0,0.0,0.0,0.0,0.0,product-reviews,1
2026-07-26 09:22:35,0.3799705250310942,0.0,0.0,0.0,0.0,0.0,0.0,product-reviews,1
2026-07-26 09:27:35,0.3799705250310942,0.0,0.0,0.0,0.0,0.0,0.0,product-reviews,1
2026-07-26 09:32:35,0.3799705250310942,0.0,0.0,0.0,0.0,0.0,0.0,product-reviews,1
2026-07-26 09:37:35,0.3799705250310942,0.0,0.0,0.0,0.0,0.0,0.0,product-reviews,1
2026-07-26 09:42:35,0.3799705250310942,0.0,0.0,0.0,0.0,0.0,0.0,product-reviews,1
2026-07-26 09:47:35,0.3799705250310942,0.0,0.0,0.0,0.0,0.0,0.0,product-reviews,1
2026-07-26 09:52:35,0.3799705250310942,0.0,0.0,0.0,0.0,0.0,0.0,product-reviews,1
2026-07-26 09:57:35,0.3799705250310942,0.0,0.0,0.0,0.0,0.0,0.0,product-reviews,1
2026-07-26 10:02:35,0.3799705250310942,0.0,0.0,0.0,0.0,0.0,0.0,product-reviews,1
2026-07-26 10:07:35,0.3799705250310942,0.0,0.0,0.0,0.0,0.0,0.0,product-reviews,1
2026-07-26 10:12:35,0.3799705250310942,0.0,0.0,0.0,0.0,0.0,0.0,product-reviews,1
2026-07-26 10:17:35,0.3799705250310942,0.0,0.0,0.0,0.0,0.0,0.0,product-reviews,1
2026-07-26 10:22:35,0.3799705250310942,0.0,0.0,0.0,0.0,0.0,0.0,product-reviews,1
2026-07-26 10:27:35,0.3799705250310942,0.0,0.0,0.0,0.0,0.0,0.0,product-reviews,1
2026-07-26 10:32:35,0.3799705250310942,0.0,0.0,0.0,0.0,0.0,0.0,product-reviews,1
2026-07-26 10:37:35,0.3799705250310942,0.0,0.0,0.0,0.0,0.0,0.0,product-reviews,1
2026-07-26 10:42:35,0.3799705250310942,0.0,0.0,0.0,0.0,0.0,0.0,product-reviews,1
2026-07-26 10:47:35,0.3799705250310942,0.0,0.0,0.0,0.0,0.0,0.0,product-reviews,1
2026-07-26 10:52:35,0.3799705250310942,0.0,0.0,0.0,0.0,0.0,0.0,product-reviews,1
2026-07-26 10:57:35,0.3799705250310942,0.0,0.0,0.0,0.0,0.0,0.0,product-reviews,1
2026-07-26 11:02:35,0.3799705250310942,0.0,0.0,0.0,0.0,0.0,0.0,product-reviews,1
2026-07-26 11:07:35,0.3799705250310942,0.0,0.0,0.0,0.0,0.0,0.0,product-reviews,1
2026-07-26 11:12:35,0.3799705250310942,0.0,0.0,0.0,0.0,0.0,0.0,product-reviews,1
2026-07-26 11:17:35,0.3799705250310942,0.0,0.0,0.0,0.0,0.0,0.0,product-reviews,1
2026-07-26 11:22:35,0.3799705250310942,0.0,0.0,0.0,0.0,0.0,0.0,product-reviews,1
2026-07-26 11:27:35,0.3799705250310942,0.0,0.0,0.0,0.0,0.0,0.0,product-reviews,1
2026-07-26 11:32:35,0.3799705250310942,0.0,0.0,0.0,0.0,0.0,0.0,product-reviews,1
2026-07-26 11:37:35,0.3799705250310942,0.0,0.0,0.0,0.0,0.0,0.0,product-reviews,1
2026-07-26 11:42:35,0.3799705250310942,0.0,0.0,0.0,0.0,0.0,0.0,product-reviews,1
2026-07-26 11:47:35,0.3799705250310942,0.0,0.0,0.0,0.0,0.0,0.0,product-reviews,1
2026-07-26 11:52:35,0.3799705250310942,0.0,0.0,0.0,0.0,0.0,0.0,product-reviews,1
2026-07-26 11:57:35,0.3799705250310942,0.0,0.0,0.0,0.0,0.0,0.0,product-reviews,1
2026-07-26 12:02:35,0.3799705250310942,0.0,0.0,0.0,0.0,0.0,0.0,product-reviews,1
2026-07-26 12:07:35,0.3799705250310942,0.0,0.0,0.0,0.0,0.0,0.0,product-reviews,1
2026-07-26 12:12:35,0.3799705250310942,0.0,0.0,0.0,0.0,0.0,0.0,product-reviews,1
2026-07-26 12:17:35,0.3799705250310942,0.0,0.0,0.0,0.0,0.0,0.0,product-reviews,1
2026-07-26 12:22:35,0.3799705250310942,0.0,0.0,0.0,0.0,0.0,0.0,product-reviews,1
2026-07-26 12:27:35,0.3799705250310942,0.0,0.0,0.0,0.0,0.0,0.0,product-reviews,1
2026-07-26 12:32:35,0.3799705250310942,0.0,0.0,0.0,0.0,0.0,0.0,product-reviews,1
2026-07-26 12:37:35,0.3799705250310942,0.0,0.0,0.0,0.0,0.0,0.0,product-reviews,1
2026-07-26 12:42:35,0.3799705250310942,0.0,0.0,0.0,0.0,0.0,0.0,product-reviews,1
2026-07-26 12:47:35,0.3799705250310942,0.0,0.0,0.0,0.0,0.0,0.0,product-reviews,1
2026-07-26 12:52:35,0.3799705250310942,0.0,0.0,0.0,0.0,0.0,0.0,product-reviews,1
2026-07-26 12:57:35,0.3799705250310942,0.0,0.0,0.0,0.0,0.0,0.0,product-reviews,1
2026-07-26 13:02:35,0.3799705250310942,0.0,0.0,0.0,0.0,0.0,0.0,product-reviews,1
2026-07-26 13:07:35,0.3799705250310942,0.0,0.0,0.0,0.0,0.0,0.0,product-reviews,1
2026-07-26 13:12:35,0.3799705250310942,0.0,0.0,0.0,0.0,0.0,0.0,product-reviews,1
2026-07-26 13:17:35,0.3799705250310942,0.0,0.0,0.0,0.0,0.0,0.0,product-reviews,1
2026-07-26 13:22:35,0.3799705250310942,0.0,0.0,0.0,0.0,0.0,0.0,product-reviews,1
2026-07-26 13:27:35,0.3799705250310942,0.0,0.0,0.0,0.0,0.0,0.0,product-reviews,1
2026-07-26 13:32:35,0.3799705250310942,0.0,0.0,0.0,0.0,0.0,0.0,product-reviews,1
2026-07-26 13:37:35,0.3799705250310942,0.0,0.0,0.0,0.0,0.0,0.0,product-reviews,1
2026-07-26 13:42:35,0.3799705250310942,0.0,0.0,0.0,0.0,0.0,0.0,product-reviews,1
2026-07-26 13:47:35,0.3799705250310942,0.0,0.0,0.0,0.0,0.0,0.0,product-reviews,1
2026-07-26 13:52:35,0.3799705250310942,0.0,0.0,0.0,0.0,0.0,0.0,product-reviews,1
2026-07-26 13:57:35,0.3799705250310942,0.0,0.0,0.0,0.0,0.0,0.0,product-reviews,1
2026-07-26 14:02:35,0.3799705250310942,0.0,0.0,0.0,0.0,0.0,0.0,product-reviews,1
2026-07-26 14:07:35,0.3799705250310942,0.0,0.0,0.0,0.0,0.0,0.0,product-reviews,1
2026-07-26 14:12:35,0.3799705250310942,0.0,0.0,0.0,0.0,0.0,0.0,product-reviews,1
2026-07-26 14:17:35,0.3799705250310942,0.0,0.0,0.0,0.0,0.0,0.0,product-reviews,1
2026-07-26 14:22:35,0.3799705250310942,0.0,0.0,0.0,0.0,0.0,0.0,product-reviews,1
2026-07-26 14:27:35,0.3799705250310942,0.0,0.0,0.0,0.0,0.0,0.0,product-reviews,1
2026-07-26 14:32:35,0.3799705250310942,0.0,0.0,0.0,0.0,0.0,0.0,product-reviews,1
2026-07-26 14:37:35,0.3799705250310942,0.0,0.0,0.0,0.0,0.0,0.0,product-reviews,1
2026-07-26 14:42:35,0.3799705250310942,0.0,0.0,0.0,0.0,0.0,0.0,product-reviews,1
2026-07-26 14:47:35,0.3799705250310942,0.0,0.0,0.0,0.0,0.0,0.0,product-reviews,1
2026-07-26 14:52:35,0.3799705250310942,0.0,0.0,0.0,0.0,0.0,0.0,product-reviews,1
2026-07-26 14:57:35,0.3799705250310942,0.0,0.0,0.0,0.0,0.0,0.0,product-reviews,1
2026-07-26 15:02:35,0.3799705250310942,0.0,0.0,0.0,0.0,0.0,0.0,product-reviews,1
2026-07-26 15:07:35,0.3799705250310942,0.0,0.0,0.0,0.0,0.0,0.0,product-reviews,1
2026-07-26 15:12:35,0.3799705250310942,0.0,0.0,0.0,0.0,0.0,0.0,product-reviews,1
2026-07-26 15:17:35,0.3799705250310942,0.0,0.0,0.0,0.0,0.0,0.0,product-reviews,1
2026-07-26 15:22:35,0.3799705250310942,0.0,0.0,0.0,0.0,0.0,0.0,product-reviews,1
2026-07-26 15:27:35,0.3799705250310942,0.0,0.0,0.0,0.0,0.0,0.0,product-reviews,1
2026-07-26 15:32:35,0.3799705250310942,0.0,0.0,0.0,0.0,0.0,0.0,product-reviews,1
2026-07-26 15:37:35,0.3799705250310942,0.0,0.0,0.0,0.0,0.0,0.0,product-reviews,1
2026-07-26 15:42:35,0.3799705250310942,0.0,0.0,0.0,0.0,0.0,0.0,product-reviews,1
2026-07-26 15:47:35,0.3799705250310942,0.0,0.0,0.0,0.0,0.0,0.0,product-reviews,1
2026-07-26 15:52:35,0.3799705250310942,0.0,0.0,0.0,0.0,0.0,0.0,product-reviews,1
2026-07-26 15:57:35,0.3799705250310942,0.0,0.0,0.0,0.0,0.0,0.0,product-reviews,1
2026-07-26 16:02:35,0.3799705250310942,0.0,0.0,0.0,0.0,0.0,0.0,product-reviews,1
2026-07-26 16:07:35,0.3799705250310942,0.0,0.0,0.0,0.0,0.0,0.0,product-reviews,1
2026-07-26 16:12:35,0.3799705250310942,0.0,0.0,0.0,0.0,0.0,0.0,product-reviews,1
2026-07-26 16:17:35,0.3799705250310942,0.0,0.0,0.0,0.0,0.0,0.0,product-reviews,1
2026-07-26 16:22:35,0.3799705250310942,0.0,0.0,0.0,0.0,0.0,0.0,product-reviews,1
2026-07-26 16:27:35,0.3799705250310942,0.0,0.0,0.0,0.0,0.0,0.0,product-reviews,1
2026-07-26 16:32:35,0.3799705250310942,0.0,0.0,0.0,0.0,0.0,0.0,product-reviews,1
2026-07-26 16:37:35,0.3799705250310942,0.0,0.0,0.0,0.0,0.0,0.0,product-reviews,1
2026-07-26 16:42:35,0.3799705250310942,0.0,0.0,0.0,0.0,0.0,0.0,product-reviews,1
2026-07-26 16:47:35,0.3799705250310942,0.0,0.0,0.0,0.0,0.0,0.0,product-reviews,1
2026-07-26 16:52:35,0.3799705250310942,0.0,0.0,0.0,0.0,0.0,0.0,product-reviews,1
2026-07-26 16:57:35,0.3799705250310942,0.0,0.0,0.0,0.0,0.0,0.0,product-reviews,1
2026-07-26 17:02:35,0.3799705250310942,0.0,0.0,0.0,0.0,0.0,0.0,product-reviews,1
2026-07-26 17:07:35,0.3799705250310942,0.0,0.0,0.0,0.0,0.0,0.0,product-reviews,1
2026-07-26 17:12:35,0.3799705250310942,0.0,0.0,0.0,0.0,0.0,0.0,product-reviews,1
2026-07-26 17:17:35,0.3799705250310942,0.0,0.0,0.0,0.0,0.0,0.0,product-reviews,1
2026-07-26 17:22:35,0.3799705250310942,0.0,0.0,0.0,0.0,0.0,0.0,product-reviews,1
2026-07-26 17:27:35,0.3799705250310942,0.0,0.0,0.0,0.0,0.0,0.0,product-reviews,1
2026-07-26 17:32:35,0.3799705250310942,0.0,0.0,0.0,0.0,0.0,0.0,product-reviews,1
2026-07-26 17:37:35,0.3799705250310942,0.0,0.0,0.0,0.0,0.0,0.0,product-reviews,1
2026-07-26 17:42:35,0.3799705250310942,0.0,0.0,0.0,0.0,0.0,0.0,product-reviews,1
2026-07-26 17:47:35,0.3799705250310942,0.0,0.0,0.0,0.0,0.0,0.0,product-reviews,1
2026-07-26 17:52:35,0.3799705250310942,0.0,0.0,0.0,0.0,0.0,0.0,product-reviews,1
2026-07-26 17:57:35,0.3799705250310942,0.0,0.0,0.0,0.0,0.0,0.0,product-reviews,1
2026-07-26 18:02:35,0.3799705250310942,0.0,0.0,0.0,0.0,0.0,0.0,product-reviews,1
2026-07-26 18:07:35,0.3799705250310942,0.0,0.0,0.0,0.0,0.0,0.0,product-reviews,1
2026-07-26 18:12:35,0.3799705250310942,0.0,0.0,0.0,0.0,0.0,0.0,product-reviews,1
2026-07-26 18:17:35,0.3799705250310942,0.0,0.0,0.0,0.0,0.0,0.0,product-reviews,1
2026-07-26 18:22:35,0.3799705250310942,0.0,0.0,0.0,0.0,0.0,0.0,product-reviews,1
2026-07-26 18:27:35,0.3799705250310942,0.0,0.0,0.0,0.0,0.0,0.0,product-reviews,1
2026-07-26 18:32:35,0.3799705250310942,0.0,0.0,0.0,0.0,0.0,0.0,product-reviews,1
2026-07-26 18:37:35,0.3799705250310942,0.0,0.0,0.0,0.0,0.0,0.0,product-reviews,1
2026-07-26 18:42:35,0.3799705250310942,0.0,0.0,0.0,0.0,0.0,0.0,product-reviews,1
2026-07-26 18:47:35,0.3799705250310942,0.0,0.0,0.0,0.0,0.0,0.0,product-reviews,1
2026-07-26 18:52:35,0.3799705250310942,0.0,0.0,0.0,0.0,0.0,0.0,product-reviews,1
2026-07-26 18:57:35,0.3799705250310942,0.0,0.0,0.0,0.0,0.0,0.0,product-reviews,1
2026-07-26 19:02:35,0.3799705250310942,0.0,0.0,0.0,0.0,0.0,0.0,product-reviews,1
2026-07-26 19:07:35,0.3799705250310942,0.0,0.0,0.0,0.0,0.0,0.0,product-reviews,1
2026-07-26 19:12:35,0.3799705250310942,0.0,0.0,0.0,0.0,0.0,0.0,product-reviews,1
2026-07-26 19:17:35,0.3799705250310942,0.0,0.0,0.0,0.0,0.0,0.0,product-reviews,1
2026-07-26 19:22:35,0.3799705250310942,0.0,0.0,0.0,0.0,0.0,0.0,product-reviews,1
2026-07-26 19:27:35,0.3799705250310942,0.0,0.0,0.0,0.0,0.0,0.0,product-reviews,1
2026-07-26 19:32:35,0.3799705250310942,0.0,0.0,0.0,0.0,0.0,0.0,product-reviews,1
2026-07-26 19:37:35,0.3799705250310942,0.0,0.0,0.0,0.0,0.0,0.0,product-reviews,1
2026-07-26 19:42:35,0.3799705250310942,0.0,0.0,0.0,0.0,0.0,0.0,product-reviews,1
2026-07-26 19:47:35,0.3799705250310942,0.0,0.0,0.0,0.0,0.0,0.0,product-reviews,1
2026-07-26 19:52:35,0.3799705250310942,0.0,0.0,0.0,0.0,0.0,0.0,product-reviews,1
2026-07-26 19:57:35,0.3799705250310942,0.0,0.0,0.0,0.0,0.0,0.0,product-reviews,1
2026-07-26 20:02:35,0.3799705250310942,0.0,0.0,0.0,0.0,0.0,0.0,product-reviews,1
2026-07-26 20:07:35,0.3799705250310942,0.0,0.0,0.0,0.0,0.0,0.0,product-reviews,1
2026-07-26 20:12:35,0.3799705250310942,0.0,0.0,0.0,0.0,0.0,0.0,product-reviews,1
2026-07-26 20:17:35,0.3799705250310942,0.0,0.0,0.0,0.0,0.0,0.0,product-reviews,1
2026-07-26 20:22:35,0.3799705250310942,0.0,0.0,0.0,0.0,0.0,0.0,product-reviews,1
2026-07-26 20:27:35,0.3799705250310942,0.0,0.0,0.0,0.0,0.0,0.0,product-reviews,1
2026-07-26 20:32:35,0.3799705250310942,0.0,0.0,0.0,0.0,0.0,0.0,product-reviews,1
2026-07-26 20:37:35,0.3799705250310942,0.0,0.0,0.0,0.0,0.0,0.0,product-reviews,1
2026-07-26 20:42:35,0.3799705250310942,0.0,0.0,0.0,0.0,0.0,0.0,product-reviews,1
2026-07-26 20:47:35,0.3799705250310942,0.0,0.0,0.0,0.0,0.0,0.0,product-reviews,1
2026-07-26 20:52:35,0.3799705250310942,0.0,0.0,0.0,0.0,0.0,0.0,product-reviews,1
2026-07-26 20:57:35,0.3799705250310942,0.0,0.0,0.0,0.0,0.0,0.0,product-reviews,1
2026-07-26 21:02:35,0.3799705250310942,0.0,0.0,0.0,0.0,0.0,0.0,product-reviews,1
2026-07-26 21:07:35,0.3799705250310942,0.0,0.0,0.0,0.0,0.0,0.0,product-reviews,1
2026-07-26 21:12:35,0.3799705250310942,0.0,0.0,0.0,0.0,0.0,0.0,product-reviews,1
2026-07-26 21:17:35,0.3799705250310942,0.0,0.0,0.0,0.0,0.0,0.0,product-reviews,1
2026-07-26 21:22:35,0.3799705250310942,0.0,0.0,0.0,0.0,0.0,0.0,product-reviews,1
2026-07-26 21:27:35,0.3799705250310942,0.0,0.0,0.0,0.0,0.0,0.0,product-reviews,1
2026-07-26 21:32:35,0.3799705250310942,0.0,0.0,0.0,0.0,0.0,0.0,product-reviews,1
2026-07-26 21:37:35,0.3799705250310942,0.0,0.0,0.0,0.0,0.0,0.0,product-reviews,1
2026-07-26 21:42:35,0.3799705250310942,0.0,0.0,0.0,0.0,0.0,0.0,product-reviews,1
2026-07-26 21:47:35,0.3799705250310942,0.0,0.0,0.0,0.0,0.0,0.0,product-reviews,1
2026-07-26 21:52:35,0.3799705250310942,0.0,0.0,0.0,0.0,0.0,0.0,product-reviews,1
2026-07-26 21:57:35,0.3799705250310942,0.0,0.0,0.0,0.0,0.0,0.0,product-reviews,1
2026-07-26 22:02:35,0.3799705250310942,0.0,0.0,0.0,0.0,0.0,0.0,product-reviews,1
2026-07-26 22:07:35,0.3799705250310942,0.0,0.0,0.0,0.0,0.0,0.0,product-reviews,1
2026-07-26 22:12:35,0.3799705250310942,0.0,0.0,0.0,0.0,0.0,0.0,product-reviews,1
2026-07-26 22:17:35,0.3799705250310942,0.0,0.0,0.0,0.0,0.0,0.0,product-reviews,1
2026-07-26 22:22:35,0.3799705250310942,0.0,0.0,0.0,0.0,0.0,0.0,product-reviews,1
2026-07-26 22:27:35,0.3799705250310942,0.0,0.0,0.0,0.0,0.0,0.0,product-reviews,1
2026-07-26 22:32:35,0.3799705250310942,0.0,0.0,0.0,0.0,0.0,0.0,product-reviews,1
2026-07-26 22:37:35,0.3799705250310942,0.0,0.0,0.0,0.0,0.0,0.0,product-reviews,1
2026-07-26 22:42:35,0.3799705250310942,0.0,0.0,0.0,0.0,0.0,0.0,product-reviews,1
2026-07-26 22:47:35,0.3799705250310942,0.0,0.0,0.0,0.0,0.0,0.0,product-reviews,1
2026-07-26 22:52:35,0.3799705250310942,0.0,0.0,0.0,0.0,0.0,0.0,product-reviews,1
2026-07-26 22:57:35,0.3799705250310942,0.0,0.0,0.0,0.0,0.0,0.0,product-reviews,1
2026-07-26 23:02:35,0.3799705250310942,0.0,0.0,0.0,0.0,0.0,0.0,product-reviews,1
2026-07-26 23:07:35,0.3799705250310942,0.0,0.0,0.0,0.0,0.0,0.0,product-reviews,1
2026-07-26 23:12:35,0.3799705250310942,0.0,0.0,0.0,0.0,0.0,0.0,product-reviews,1
2026-07-26 23:17:35,0.3799705250310942,0.0,0.0,0.0,0.0,0.0,0.0,product-reviews,1
2026-07-26 23:22:35,0.3799705250310942,0.0,0.0,0.0,0.0,0.0,0.0,product-reviews,1
2026-07-26 23:27:35,0.3799705250310942,0.0,0.0,0.0,0.0,0.0,0.0,product-reviews,1
2026-07-26 23:32:35,0.3799705250310942,0.0,0.0,0.0,0.0,0.0,0.0,product-reviews,1
2026-07-26 23:37:35,0.3799705250310942,0.0,0.0,0.0,0.0,0.0,0.0,product-reviews,1
2026-07-26 23:42:35,0.3799705250310942,0.0,0.0,0.0,0.0,0.0,0.0,product-reviews,1
2026-07-26 23:47:35,0.3799705250310942,0.0,0.0,0.0,0.0,0.0,0.0,product-reviews,1
2026-07-26 23:52:35,0.3799705250310942,0.0,0.0,0.0,0.0,0.0,0.0,product-reviews,1
2026-07-26 23:57:35,0.3799705250310942,0.0,0.0,0.0,0.0,0.0,0.0,product-reviews,1
2026-07-27 00:02:35,0.3799705250310942,0.0,0.0,0.0,0.0,0.0,0.0,product-reviews,1
2026-07-27 00:07:35,0.3799705250310942,0.0,0.0,0.0,0.0,0.0,0.0,product-reviews,1
2026-07-27 00:12:35,0.3799705250310942,0.0,0.0,0.0,0.0,0.0,0.0,product-reviews,1
2026-07-27 00:17:35,0.3799705250310942,0.0,0.0,0.0,0.0,0.0,0.0,product-reviews,1
2026-07-27 00:22:35,0.3799705250310942,0.0,0.0,0.0,0.0,0.0,0.0,product-reviews,1
2026-07-27 00:27:35,0.3799705250310942,0.0,0.0,0.0,0.0,0.0,0.0,product-reviews,1
2026-07-27 00:32:35,0.3799705250310942,0.0,0.0,0.0,0.0,0.0,0.0,product-reviews,1
2026-07-27 00:37:35,0.3799705250310942,0.0,0.0,0.0,0.0,0.0,0.0,product-reviews,1
2026-07-27 00:42:35,0.3799705250310942,0.0,0.0,0.0,0.0,0.0,0.0,product-reviews,1
2026-07-27 00:47:35,0.3799705250310942,0.0,0.0,0.0,0.0,0.0,0.0,product-reviews,1
2026-07-27 00:52:35,0.3799705250310942,0.0,0.0,0.0,0.0,0.0,0.0,product-reviews,1
2026-07-27 00:57:35,0.3799705250310942,0.0,0.0,0.0,0.0,0.0,0.0,product-reviews,1
2026-07-27 01:02:35,0.3799705250310942,0.0,0.0,0.0,0.0,0.0,0.0,product-reviews,1
2026-07-27 01:07:35,0.3799705250310942,0.0,0.0,0.0,0.0,0.0,0.0,product-reviews,1
2026-07-27 01:12:35,0.3799705250310942,0.0,0.0,0.0,0.0,0.0,0.0,product-reviews,1
2026-07-27 01:17:35,0.3799705250310942,0.0,0.0,0.0,0.0,0.0,0.0,product-reviews,1
2026-07-27 01:22:35,0.3799705250310942,0.0,0.0,0.0,0.0,0.0,0.0,product-reviews,1
2026-07-27 01:27:35,0.3799705250310942,0.0,0.0,0.0,0.0,0.0,0.0,product-reviews,1
2026-07-27 01:32:35,0.3799705250310942,0.0,0.0,0.0,0.0,0.0,0.0,product-reviews,1
2026-07-27 01:37:35,0.3799705250310942,0.0,0.0,0.0,0.0,0.0,0.0,product-reviews,1
2026-07-27 01:42:35,0.3799705250310942,0.0,0.0,0.0,0.0,0.0,0.0,product-reviews,1
2026-07-27 01:47:35,0.3799705250310942,0.0,0.0,0.0,0.0,0.0,0.0,product-reviews,1
2026-07-27 01:52:35,0.3799705250310942,0.0,0.0,0.0,0.0,0.0,0.0,product-reviews,1
2026-07-27 01:57:35,0.3799705250310942,0.0,0.0,0.0,0.0,0.0,0.0,product-reviews,1
2026-07-27 02:02:35,0.3799705250310942,0.0,0.0,0.0,0.0,0.0,0.0,product-reviews,1
2026-07-27 02:07:35,0.3799705250310942,0.0,0.0,0.0,0.0,0.0,0.0,product-reviews,1
2026-07-27 02:12:35,0.3799705250310942,0.0,0.0,0.0,0.0,0.0,0.0,product-reviews,1
2026-07-27 02:17:35,0.3799705250310942,0.0,0.0,0.0,0.0,0.0,0.0,product-reviews,1
2026-07-27 02:22:35,0.3799705250310942,0.0,0.0,0.0,0.0,0.0,0.0,product-reviews,1
2026-07-27 02:27:35,0.3799705250310942,0.0,0.0,0.0,0.0,0.0,0.0,product-reviews,1
2026-07-27 02:32:35,0.3799705250310942,0.0,0.0,0.0,0.0,0.0,0.0,product-reviews,1
2026-07-27 02:37:35,0.3799705250310942,0.0,0.0,0.0,0.0,0.0,0.0,product-reviews,1
2026-07-27 02:42:35,0.3799705250310942,0.0,0.0,0.0,0.0,0.0,0.0,product-reviews,1
2026-07-27 02:47:35,0.3799705250310942,0.0,0.0,0.0,0.0,0.0,0.0,product-reviews,1
2026-07-27 02:52:35,0.3799705250310942,0.0,0.0,0.0,0.0,0.0,0.0,product-reviews,1
2026-07-27 02:57:35,0.3799705250310942,0.0,0.0,0.0,0.0,0.0,0.0,product-reviews,1
2026-07-27 03:02:35,0.3799705250310942,0.0,0.0,0.0,0.0,0.0,0.0,product-reviews,1
2026-07-27 03:07:35,0.3799705250310942,0.0,0.0,0.0,0.0,0.0,0.0,product-reviews,1
2026-07-27 03:12:35,0.3799705250310942,0.0,0.0,0.0,0.0,0.0,0.0,product-reviews,1
2026-07-27 03:17:35,0.3799705250310942,0.0,0.0,0.0,0.0,0.0,0.0,product-reviews,1
2026-07-27 03:22:35,0.3799705250310942,0.0,0.0,0.0,0.0,0.0,0.0,product-reviews,1
2026-07-27 03:27:35,0.3799705250310942,0.0,0.0,0.0,0.0,0.0,0.0,product-reviews,1
2026-07-27 03:32:35,0.3799705250310942,0.0,0.0,0.0,0.0,0.0,0.0,product-reviews,1
2026-07-27 03:37:35,0.3799705250310942,0.0,0.0,0.0,0.0,0.0,0.0,product-reviews,1
2026-07-27 03:42:35,0.3799705250310942,0.0,0.0,0.0,0.0,0.0,0.0,product-reviews,1
2026-07-27 03:47:35,0.3799705250310942,0.0,0.0,0.0,0.0,0.0,0.0,product-reviews,1
2026-07-27 03:52:35,0.3799705250310942,0.0,0.0,0.0,0.0,0.0,0.0,product-reviews,1
2026-07-27 03:57:35,0.3799705250310942,0.0,0.0,0.0,0.0,0.0,0.0,product-reviews,1
2026-07-27 04:02:35,0.3799705250310942,0.0,0.0,0.0,0.0,0.0,0.0,product-reviews,1
2026-07-27 04:07:35,0.3799705250310942,0.0,0.0,0.0,0.0,0.0,0.0,product-reviews,1
2026-07-27 04:12:35,0.3799705250310942,0.0,0.0,0.0,0.0,0.0,0.0,product-reviews,1
2026-07-27 04:17:35,0.3799705250310942,0.0,0.0,0.0,0.0,0.0,0.0,product-reviews,1
2026-07-27 04:22:35,0.3799705250310942,0.0,0.0,0.0,0.0,0.0,0.0,product-reviews,1
2026-07-27 04:27:35,0.3799705250310942,0.0,0.0,0.0,0.0,0.0,0.0,product-reviews,1
2026-07-27 04:32:35,0.3799705250310942,0.0,0.0,0.0,0.0,0.0,0.0,product-reviews,1
2026-07-27 04:37:35,0.3799705250310942,0.0,0.0,0.0,0.0,0.0,0.0,product-reviews,1
2026-07-27 04:42:35,0.3799705250310942,0.0,0.0,0.0,0.0,0.0,0.0,product-reviews,1
2026-07-27 04:47:35,0.3799705250310942,0.0,0.0,0.0,0.0,0.0,0.0,product-reviews,1
2026-07-27 04:52:35,0.3799705250310942,0.0,0.0,0.0,0.0,0.0,0.0,product-reviews,1
2026-07-27 04:57:35,0.3799705250310942,0.0,0.0,0.0,0.0,0.0,0.0,product-reviews,1
2026-07-27 05:02:35,0.3799705250310942,0.0,0.0,0.0,0.0,0.0,0.0,product-reviews,1
2026-07-27 05:07:35,0.3799705250310942,0.0,0.0,0.0,0.0,0.0,0.0,product-reviews,1
2026-07-27 05:12:35,0.3799705250310942,0.0,0.0,0.0,0.0,0.0,0.0,product-reviews,1
2026-07-27 05:17:35,0.3799705250310942,0.0,0.0,0.0,0.0,0.0,0.0,product-reviews,1
2026-07-27 05:22:35,0.3799705250310942,0.0,0.0,0.0,0.0,0.0,0.0,product-reviews,1
2026-07-27 05:27:35,0.3799705250310942,0.0,0.0,0.0,0.0,0.0,0.0,product-reviews,1
2026-07-27 05:32:35,0.3799705250310942,0.0,0.0,0.0,0.0,0.0,0.0,product-reviews,1
2026-07-27 05:37:35,0.3799705250310942,0.0,0.0,0.0,0.0,0.0,0.0,product-reviews,1
2026-07-27 05:42:35,0.3799705250310942,0.0,0.0,0.0,0.0,0.0,0.0,product-reviews,1
2026-07-27 05:47:35,0.3799705250310942,0.0,0.0,0.0,0.0,0.0,0.0,product-reviews,1
2026-07-27 05:52:35,0.3799705250310942,0.0,0.0,0.0,0.0,0.0,0.0,product-reviews,1
2026-07-27 05:57:35,0.3799705250310942,0.0,0.0,0.0,0.0,0.0,0.0,product-reviews,1
2026-07-27 06:02:35,0.3799705250310942,0.0,0.0,0.0,0.0,0.0,0.0,product-reviews,1
2026-07-27 06:07:35,0.3799705250310942,0.0,0.0,0.0,0.0,0.0,0.0,product-reviews,1
2026-07-27 06:12:35,0.3799705250310942,0.0,0.0,0.0,0.0,0.0,0.0,product-reviews,1
2026-07-27 06:17:35,0.3799705250310942,0.0,0.0,0.0,0.0,0.0,0.0,product-reviews,1
2026-07-27 06:22:35,0.3799705250310942,0.0,0.0,0.0,0.0,0.0,0.0,product-reviews,1
2026-07-27 06:27:35,0.3799705250310942,0.0,0.0,0.0,0.0,0.0,0.0,product-reviews,1
2026-07-27 06:32:35,0.3799705250310942,0.0,0.0,0.0,0.0,0.0,0.0,product-reviews,1
2026-07-27 06:37:35,0.3799705250310942,0.0,0.0,0.0,0.0,0.0,0.0,product-reviews,1
2026-07-27 06:42:35,0.3799705250310942,0.0,0.0,0.0,0.0,0.0,0.0,product-reviews,1
2026-07-27 06:47:35,0.3799705250310942,0.0,0.0,0.0,0.0,0.0,0.0,product-reviews,1
2026-07-27 06:52:35,0.3799705250310942,0.0,0.0,0.0,0.0,0.0,0.0,product-reviews,1
2026-07-27 06:57:35,0.3799705250310942,0.0,0.0,0.0,0.0,0.0,0.0,product-reviews,1
2026-07-27 07:02:35,0.3799705250310942,0.0,0.0,0.0,0.0,0.0,0.0,product-reviews,1
2026-07-27 07:07:35,0.3799705250310942,0.0,0.0,0.0,0.0,0.0,0.0,product-reviews,1
2026-07-27 07:12:35,0.3799705250310942,0.0,0.0,0.0,0.0,0.0,0.0,product-reviews,1
2026-07-27 07:17:35,0.3799705250310942,0.0,0.0,0.0,0.0,0.0,0.0,product-reviews,1
2026-07-27 07:22:35,0.3799705250310942,0.0,0.0,0.0,0.0,0.0,0.0,product-reviews,1
2026-07-27 07:27:35,0.3799705250310942,0.0,0.0,0.0,0.0,0.0,0.0,product-reviews,1
2026-07-27 07:32:35,0.3799705250310942,0.0,0.0,0.0,0.0,0.0,0.0,product-reviews,1
2026-07-27 07:37:35,0.3799705250310942,0.0,0.0,0.0,0.0,0.0,0.0,product-reviews,1
2026-07-27 07:42:35,0.3799705250310942,0.0,0.0,0.0,0.0,0.0,0.0,product-reviews,1
2026-07-27 07:47:35,0.3799705250310942,0.0,0.0,0.0,0.0,0.0,0.0,product-reviews,1
2026-07-27 07:52:35,0.3799705250310942,0.0,0.0,0.0,0.0,0.0,0.0,product-reviews,1
2026-07-27 07:57:35,0.3799705250310942,0.0,0.0,0.0,0.0,0.0,0.0,product-reviews,1
2026-07-27 08:02:35,0.3799705250310942,0.0,0.0,0.0,0.0,0.0,0.0,product-reviews,1
2026-07-27 08:07:35,0.3799705250310942,0.0,0.0,0.0,0.0,0.0,0.0,product-reviews,1
2026-07-27 08:12:35,0.3799705250310942,0.0,0.0,0.0,0.0,0.0,0.0,product-reviews,1
2026-07-27 08:17:35,0.3799705250310942,0.0,0.0,0.0,0.0,0.0,0.0,product-reviews,1
2026-07-27 08:22:35,0.3799705250310942,0.0,0.0,0.0,0.0,0.0,0.0,product-reviews,1
2026-07-27 08:27:35,0.3799705250310942,0.0,0.0,0.0,0.0,0.0,0.0,product-reviews,1
2026-07-27 08:32:35,0.3799705250310942,0.0,0.0,0.0,0.0,0.0,0.0,product-reviews,1
2026-07-27 08:37:35,0.3799705250310942,0.0,0.0,0.0,0.0,0.0,0.0,product-reviews,1
2026-07-27 08:42:35,0.3799705250310942,0.0,0.0,0.0,0.0,0.0,0.0,product-reviews,1
2026-07-27 08:47:35,0.3799705250310942,0.0,0.0,0.0,0.0,0.0,0.0,product-reviews,1
2026-07-27 08:52:35,0.3799705250310942,0.0,0.0,0.0,0.0,0.0,0.0,product-reviews,1
2026-07-27 08:57:35,0.3799705250310942,0.0,0.0,0.0,0.0,0.0,0.0,product-reviews,1
2026-07-27 09:02:35,0.3799705250310942,0.0,0.0,0.0,0.0,0.0,0.0,product-reviews,1
2026-07-27 09:07:35,0.3799705250310942,0.0,0.0,0.0,0.0,0.0,0.0,product-reviews,1
2026-07-27 09:12:35,0.3799705250310942,0.0,0.0,0.0,0.0,0.0,0.0,product-reviews,1
2026-07-27 09:17:35,0.3799705250310942,0.0,0.0,0.0,0.0,0.0,0.0,product-reviews,1
2026-07-27 09:22:35,0.3799705250310942,0.0,0.0,0.0,0.0,0.0,0.0,product-reviews,1
2026-07-27 09:27:35,0.3799705250310942,0.0,0.0,0.0,0.0,0.0,0.0,product-reviews,1
2026-07-27 09:32:35,0.3799705250310942,0.0,0.0,0.0,0.0,0.0,0.0,product-reviews,1
2026-07-27 09:37:35,0.3799705250310942,0.0,0.0,0.0,0.0,0.0,0.0,product-reviews,1
2026-07-27 09:42:35,0.3799705250310942,0.0,0.0,0.0,0.0,0.0,0.0,product-reviews,1
2026-07-27 09:47:35,0.3799705250310942,0.0,0.0,0.0,0.0,0.0,0.0,product-reviews,1
2026-07-27 09:52:35,0.3799705250310942,0.0,0.0,0.0,0.0,0.0,0.0,product-reviews,1
2026-07-27 09:57:35,0.3799705250310942,0.0,0.0,0.0,0.0,0.0,0.0,product-reviews,1
2026-07-27 10:02:35,0.3799705250310942,0.0,0.0,0.0,0.0,0.0,0.0,product-reviews,1
2026-07-27 10:07:35,0.3799705250310942,0.0,0.0,0.0,0.0,0.0,0.0,product-reviews,1
2026-07-27 10:12:35,0.3799705250310942,0.0,0.0,0.0,0.0,0.0,0.0,product-reviews,1
2026-07-27 10:17:35,0.3799705250310942,0.0,0.0,0.0,0.0,0.0,0.0,product-reviews,1
2026-07-27 10:22:35,0.3799705250310942,0.0,0.0,0.0,0.0,0.0,0.0,product-reviews,1
2026-07-27 10:27:35,0.3799705250310942,0.0,0.0,0.0,0.0,0.0,0.0,product-reviews,1
2026-07-27 10:32:35,0.3799705250310942,0.0,0.0,0.0,0.0,0.0,0.0,product-reviews,1
2026-07-27 10:37:35,0.3799705250310942,0.0,0.0,0.0,0.0,0.0,0.0,product-reviews,1
2026-07-27 10:42:35,0.3799705250310942,0.0,0.0,0.0,0.0,0.0,0.0,product-reviews,1
2026-07-27 10:47:35,0.3799705250310942,0.0,0.0,0.0,0.0,0.0,0.0,product-reviews,1
2026-07-27 10:52:35,0.3799705250310942,0.0,0.0,0.0,0.0,0.0,0.0,product-reviews,1
2026-07-27 10:57:35,0.3799705250310942,0.0,0.0,0.0,0.0,0.0,0.0,product-reviews,1
2026-07-27 11:02:35,0.3799705250310942,0.0,0.0,0.0,0.0,0.0,0.0,product-reviews,1
2026-07-27 11:07:35,0.3799705250310942,0.0,0.0,0.0,0.0,0.0,0.0,product-reviews,1
2026-07-27 11:12:35,0.3799705250310942,0.0,0.0,0.0,0.0,0.0,0.0,product-reviews,1
2026-07-27 11:17:35,0.3799705250310942,0.0,0.0,0.0,0.0,0.0,0.0,product-reviews,1
2026-07-27 11:22:35,0.3799705250310942,0.0,0.0,0.0,0.0,0.0,0.0,product-reviews,1
2026-07-27 11:27:35,0.3799705250310942,0.0,0.0,0.0,0.0,0.0,0.0,product-reviews,1
2026-07-27 11:32:35,0.3799705250310942,0.0,0.0,0.0,0.0,0.0,0.0,product-reviews,1
2026-07-27 11:37:35,0.3799705250310942,0.0,0.0,0.0,0.0,0.0,0.0,product-reviews,1
2026-07-27 11:42:35,0.3799705250310942,0.0,0.0,0.0,0.0,0.0,0.0,product-reviews,1
2026-07-27 11:47:35,0.3799705250310942,0.0,0.0,0.0,0.0,0.0,0.0,product-reviews,1
2026-07-27 11:52:35,0.3799705250310942,0.0,0.0,0.0,0.0,0.0,0.0,product-reviews,1
2026-07-27 11:57:35,0.3799705250310942,0.0,0.0,0.0,0.0,0.0,0.0,product-reviews,1
2026-07-27 12:02:35,0.3799705250310942,0.0,0.0,0.0,0.0,0.0,0.0,product-reviews,1
2026-07-27 12:07:35,0.3799705250310942,0.0,0.0,0.0,0.0,0.0,0.0,product-reviews,1
2026-07-27 12:12:35,0.3799705250310942,0.0,0.0,0.0,0.0,0.0,0.0,product-reviews,1
2026-07-27 12:17:35,0.3799705250310942,0.0,0.0,0.0,0.0,0.0,0.0,product-reviews,1
2026-07-27 12:22:35,0.3799705250310942,0.0,0.0,0.0,0.0,0.0,0.0,product-reviews,1
2026-07-27 12:27:35,0.3799705250310942,0.0,0.0,0.0,0.0,0.0,0.0,product-reviews,1
2026-07-27 12:32:35,0.3799705250310942,0.0,0.0,0.0,0.0,0.0,0.0,product-reviews,1
2026-07-27 12:37:35,0.3799705250310942,0.0,0.0,0.0,0.0,0.0,0.0,product-reviews,1
2026-07-27 12:42:35,0.3799705250310942,0.0,0.0,0.0,0.0,0.0,0.0,product-reviews,1
2026-07-27 12:47:35,0.3799705250310942,0.0,0.0,0.0,0.0,0.0,0.0,product-reviews,1
2026-07-27 12:52:35,0.3799705250310942,0.0,0.0,0.0,0.0,0.0,0.0,product-reviews,1
2026-07-27 12:57:35,0.3799705250310942,0.0,0.0,0.0,0.0,0.0,0.0,product-reviews,1
2026-07-27 13:02:35,0.3799705250310942,0.0,0.0,0.0,0.0,0.0,0.0,product-reviews,1
2026-07-27 13:07:35,0.3799705250310942,0.0,0.0,0.0,0.0,0.0,0.0,product-reviews,1
2026-07-27 13:12:35,0.3799705250310942,0.0,0.0,0.0,0.0,0.0,0.0,product-reviews,1
2026-07-27 13:17:35,0.3799705250310942,0.0,0.0,0.0,0.0,0.0,0.0,product-reviews,1
2026-07-27 13:22:35,0.3799705250310942,0.0,0.0,0.0,0.0,0.0,0.0,product-reviews,1
2026-07-27 13:27:35,0.3799705250310942,0.0,0.0,0.0,0.0,0.0,0.0,product-reviews,1
2026-07-27 13:32:35,0.3799705250310942,0.0,0.0,0.0,0.0,0.0,0.0,product-reviews,1
2026-07-27 13:37:35,0.3799705250310942,0.0,0.0,0.0,0.0,0.0,0.0,product-reviews,1
2026-07-27 13:42:35,0.3799705250310942,0.0,0.0,0.0,0.0,0.0,0.0,product-reviews,1
2026-07-27 13:47:35,0.3799705250310942,0.0,0.0,0.0,0.0,0.0,0.0,product-reviews,1
2026-07-27 13:52:35,0.3799705250310942,0.0,0.0,0.0,0.0,0.0,0.0,product-reviews,1
2026-07-27 13:57:35,0.3799705250310942,0.0,0.0,0.0,0.0,0.0,0.0,product-reviews,1
2026-07-27 14:02:35,0.3799705250310942,0.0,0.0,0.0,0.0,0.0,0.0,product-reviews,1
2026-07-27 14:07:35,0.3799705250310942,0.0,0.0,0.0,0.0,0.0,0.0,product-reviews,1
2026-07-27 14:12:35,0.3799705250310942,0.0,0.0,0.0,0.0,0.0,0.0,product-reviews,1
2026-07-27 14:17:35,0.3799705250310942,0.0,0.0,0.0,0.0,0.0,0.0,product-reviews,1
2026-07-27 14:22:35,0.3799705250310942,0.0,0.0,0.0,0.0,0.0,0.0,product-reviews,1
2026-07-27 14:27:35,0.3799705250310942,0.0,0.0,0.0,0.0,0.0,0.0,product-reviews,1
2026-07-27 14:32:35,0.3799705250310942,0.0,0.0,0.0,0.0,0.0,0.0,product-reviews,1
2026-07-27 14:37:35,0.3799705250310942,0.0,0.0,0.0,0.0,0.0,0.0,product-reviews,1
2026-07-27 14:42:35,0.3799705250310942,0.0,0.0,0.0,0.0,0.0,0.0,product-reviews,1
2026-07-27 14:47:35,0.3799705250310942,0.0,0.0,0.0,0.0,0.0,0.0,product-reviews,1
2026-07-27 14:52:35,0.3799705250310942,0.0,0.0,0.0,0.0,0.0,0.0,product-reviews,1
2026-07-27 14:57:35,0.3799705250310942,0.0,0.0,0.0,0.0,0.0,0.0,product-reviews,1
2026-07-27 15:02:35,0.3799705250310942,0.0,0.0,0.0,0.0,0.0,0.0,product-reviews,1
2026-07-27 15:07:35,0.3799705250310942,0.0,0.0,0.0,0.0,0.0,0.0,product-reviews,1
2026-07-27 15:12:35,0.3799705250310942,0.0,0.0,0.0,0.0,0.0,0.0,product-reviews,1
2026-07-27 15:17:35,0.3799705250310942,0.0,0.0,0.0,0.0,0.0,0.0,product-reviews,1
2026-07-27 15:22:35,0.3799705250310942,0.0,0.0,0.0,0.0,0.0,0.0,product-reviews,1
2026-07-27 15:27:35,0.3799705250310942,0.0,0.0,0.0,0.0,0.0,0.0,product-reviews,1
2026-07-27 15:32:35,0.3799705250310942,0.0,0.0,0.0,0.0,0.0,0.0,product-reviews,1
2026-07-27 15:37:35,0.3799705250310942,0.0,0.0,0.0,0.0,0.0,0.0,product-reviews,1
2026-07-27 15:42:35,0.3799705250310942,0.0,0.0,0.0,0.0,0.0,0.0,product-reviews,1
2026-07-27 15:47:35,0.3799705250310942,0.0,0.0,0.0,0.0,0.0,0.0,product-reviews,1
2026-07-27 15:52:35,0.3799705250310942,0.0,0.0,0.0,0.0,0.0,0.0,product-reviews,1
2026-07-27 15:57:35,0.3799705250310942,0.0,0.0,0.0,0.0,0.0,0.0,product-reviews,1
2026-07-27 16:02:35,0.3799705250310942,0.0,0.0,0.0,0.0,0.0,0.0,product-reviews,1
2026-07-27 16:07:35,0.3799705250310942,0.0,0.0,0.0,0.0,0.0,0.0,product-reviews,1
2026-07-27 16:12:35,0.3799705250310942,0.0,0.0,0.0,0.0,0.0,0.0,product-reviews,1
2026-07-27 16:17:35,0.3799705250310942,0.0,0.0,0.0,0.0,0.0,0.0,product-reviews,1
2026-07-27 16:22:35,0.3799705250310942,0.0,0.0,0.0,0.0,0.0,0.0,product-reviews,1
2026-07-27 16:27:35,0.3799705250310942,0.0,0.0,0.0,0.0,0.0,0.0,product-reviews,1
2026-07-27 16:32:35,0.3799705250310942,0.0,0.0,0.0,0.0,0.0,0.0,product-reviews,1
2026-07-27 16:37:35,0.3799705250310942,0.0,0.0,0.0,0.0,0.0,0.0,product-reviews,1
2026-07-27 16:42:35,0.3799705250310942,0.0,0.0,0.0,0.0,0.0,0.0,product-reviews,1
2026-07-27 16:47:35,0.3799705250310942,0.0,0.0,0.0,0.0,0.0,0.0,product-reviews,1
2026-07-27 16:52:35,0.3799705250310942,0.0,0.0,0.0,0.0,0.0,0.0,product-reviews,1
2026-07-27 16:57:35,0.3799705250310942,0.0,0.0,0.0,0.0,0.0,0.0,product-reviews,1
2026-07-27 17:02:35,0.3799705250310942,0.0,0.0,0.0,0.0,0.0,0.0,product-reviews,1
2026-07-27 17:07:35,0.3799705250310942,0.0,0.0,0.0,0.0,0.0,0.0,product-reviews,1
2026-07-27 17:12:35,0.3799705250310942,0.0,0.0,0.0,0.0,0.0,0.0,product-reviews,1
2026-07-27 17:17:35,0.3799705250310942,0.0,0.0,0.0,0.0,0.0,0.0,product-reviews,1
2026-07-27 17:22:35,0.3799705250310942,0.0,0.0,0.0,0.0,0.0,0.0,product-reviews,1
2026-07-27 17:27:35,0.3799705250310942,0.0,0.0,0.0,0.0,0.0,0.0,product-reviews,1
2026-07-27 17:32:35,0.3799705250310942,0.0,0.0,0.0,0.0,0.0,0.0,product-reviews,1
2026-07-27 17:37:35,0.3799705250310942,0.0,0.0,0.0,0.0,0.0,0.0,product-reviews,1
2026-07-27 17:42:35,0.3799705250310942,0.0,0.0,0.0,0.0,0.0,0.0,product-reviews,1
2026-07-27 17:47:35,0.3799705250310942,0.0,0.0,0.0,0.0,0.0,0.0,product-reviews,1
2026-07-27 17:52:35,0.3799705250310942,0.0,0.0,0.0,0.0,0.0,0.0,product-reviews,1
2026-07-27 17:57:35,0.3799705250310942,0.0,0.0,0.0,0.0,0.0,0.0,product-reviews,1
2026-07-27 18:02:35,0.3799705250310942,0.0,0.0,0.0,0.0,0.0,0.0,product-reviews,1
2026-07-27 18:07:35,0.3799705250310942,0.0,0.0,0.0,0.0,0.0,0.0,product-reviews,1
2026-07-27 18:12:35,0.3799705250310942,0.0,0.0,0.0,0.0,0.0,0.0,product-reviews,1
2026-07-27 18:17:35,0.3799705250310942,0.0,0.0,0.0,0.0,0.0,0.0,product-reviews,1
2026-07-27 18:22:35,0.3799705250310942,0.0,0.0,0.0,0.0,0.0,0.0,product-reviews,1
2026-07-27 18:27:35,0.3799705250310942,0.0,0.0,0.0,0.0,0.0,0.0,product-reviews,1
2026-07-27 18:32:35,0.3799705250310942,0.0,0.0,0.0,0.0,0.0,0.0,product-reviews,1
2026-07-27 18:37:35,0.3799705250310942,0.0,0.0,0.0,0.0,0.0,0.0,product-reviews,1
2026-07-27 18:42:35,0.3799705250310942,0.0,0.0,0.0,0.0,0.0,0.0,product-reviews,1
2026-07-27 18:47:35,0.3799705250310942,0.0,0.0,0.0,0.0,0.0,0.0,product-reviews,1
2026-07-27 18:52:35,0.3799705250310942,0.0,0.0,0.0,0.0,0.0,0.0,product-reviews,1
2026-07-27 18:57:35,0.3799705250310942,0.0,0.0,0.0,0.0,0.0,0.0,product-reviews,1
2026-07-27 19:02:35,0.3799705250310942,0.0,0.0,0.0,0.0,0.0,0.0,product-reviews,1
2026-07-27 19:07:35,0.3799705250310942,0.0,0.0,0.0,0.0,0.0,0.0,product-reviews,1
2026-07-27 19:12:35,0.3799705250310942,0.0,0.0,0.0,0.0,0.0,0.0,product-reviews,1
2026-07-27 19:17:35,0.3799705250310942,0.0,0.0,0.0,0.0,0.0,0.0,product-reviews,1
2026-07-27 19:22:35,0.3799705250310942,0.0,0.0,0.0,0.0,0.0,0.0,product-reviews,1
2026-07-27 19:27:35,0.3799705250310942,0.0,0.0,0.0,0.0,0.0,0.0,product-reviews,1
2026-07-27 19:32:35,0.3799705250310942,0.0,0.0,0.0,0.0,0.0,0.0,product-reviews,1
2026-07-27 19:37:35,0.3799705250310942,0.0,0.0,0.0,0.0,0.0,0.0,product-reviews,1
2026-07-27 19:42:35,0.3799705250310942,0.0,0.0,0.0,0.0,0.0,0.0,product-reviews,1
2026-07-27 19:47:35,0.3799705250310942,0.0,0.0,0.0,0.0,0.0,0.0,product-reviews,1
2026-07-27 19:52:35,0.3799705250310942,0.0,0.0,0.0,0.0,0.0,0.0,product-reviews,1
2026-07-27 19:57:35,0.3799705250310942,0.0,0.0,0.0,0.0,0.0,0.0,product-reviews,1
2026-07-27 20:02:35,0.3799705250310942,0.0,0.0,0.0,0.0,0.0,0.0,product-reviews,1
2026-07-27 20:07:35,0.3799705250310942,0.0,0.0,0.0,0.0,0.0,0.0,product-reviews,1
2026-07-27 20:12:35,0.3799705250310942,0.0,0.0,0.0,0.0,0.0,0.0,product-reviews,1
2026-07-27 20:17:35,0.3799705250310942,0.0,0.0,0.0,0.0,0.0,0.0,product-reviews,1
2026-07-27 20:22:35,0.3799705250310942,0.0,0.0,0.0,0.0,0.0,0.0,product-reviews,1
2026-07-27 20:27:35,0.3799705250310942,0.0,0.0,0.0,0.0,0.0,0.0,product-reviews,1
2026-07-27 20:32:35,0.3799705250310942,0.0,0.0,0.0,0.0,0.0,0.0,product-reviews,1
2026-07-27 20:37:35,0.3799705250310942,0.0,0.0,0.0,0.0,0.0,0.0,product-reviews,1
2026-07-27 20:42:35,0.3799705250310942,0.0,0.0,0.0,0.0,0.0,0.0,product-reviews,1
2026-07-27 20:47:35,0.3799705250310942,0.0,0.0,0.0,0.0,0.0,0.0,product-reviews,1
2026-07-27 20:52:35,0.3799705250310942,0.0,0.0,0.0,0.0,0.0,0.0,product-reviews,1
2026-07-27 20:57:35,0.3799705250310942,0.0,0.0,0.0,0.0,0.0,0.0,product-reviews,1
2026-07-27 21:02:35,0.3799705250310942,0.0,0.0,0.0,0.0,0.0,0.0,product-reviews,1
2026-07-27 21:07:35,0.3799705250310942,0.0,0.0,0.0,0.0,0.0,0.0,product-reviews,1
2026-07-27 21:12:35,0.3799705250310942,0.0,0.0,0.0,0.0,0.0,0.0,product-reviews,1
2026-07-27 21:17:35,0.3799705250310942,0.0,0.0,0.0,0.0,0.0,0.0,product-reviews,1
2026-07-27 21:22:35,0.3799705250310942,0.0,0.0,0.0,0.0,0.0,0.0,product-reviews,1
2026-07-27 21:27:35,0.3799705250310942,0.0,0.0,0.0,0.0,0.0,0.0,product-reviews,1
2026-07-27 21:32:35,0.3799705250310942,0.0,0.0,0.0,0.0,0.0,0.0,product-reviews,1
2026-07-27 21:37:35,0.3799705250310942,0.0,0.0,0.0,0.0,0.0,0.0,product-reviews,1
2026-07-27 21:42:35,0.3799705250310942,0.0,0.0,0.0,0.0,0.0,0.0,product-reviews,1
2026-07-27 21:47:35,0.3799705250310942,0.0,0.0,0.0,0.0,0.0,0.0,product-reviews,1
2026-07-27 21:52:35,0.3799705250310942,0.0,0.0,0.0,0.0,0.0,0.0,product-reviews,1
2026-07-27 21:57:35,0.3799705250310942,0.0,0.0,0.0,0.0,0.0,0.0,product-reviews,1
2026-07-27 22:02:35,0.3799705250310942,0.0,0.0,0.0,0.0,0.0,0.0,product-reviews,1
2026-07-27 22:07:35,0.3799705250310942,0.0,0.0,0.0,0.0,0.0,0.0,product-reviews,1
2026-07-27 22:12:35,0.3799705250310942,0.0,0.0,0.0,0.0,0.0,0.0,product-reviews,1
2026-07-27 22:17:35,0.3799705250310942,0.0,0.0,0.0,0.0,0.0,0.0,product-reviews,1
2026-07-27 22:22:35,0.3799705250310942,0.0,0.0,0.0,0.0,0.0,0.0,product-reviews,1
2026-07-27 22:27:35,0.3799705250310942,0.0,0.0,0.0,0.0,0.0,0.0,product-reviews,1
2026-07-27 22:32:35,0.3799705250310942,0.0,0.0,0.0,0.0,0.0,0.0,product-reviews,1
2026-07-27 22:37:35,0.3799705250310942,0.0,0.0,0.0,0.0,0.0,0.0,product-reviews,1
2026-07-27 22:42:35,0.3799705250310942,0.0,0.0,0.0,0.0,0.0,0.0,product-reviews,1
2026-07-27 22:47:35,0.3799705250310942,0.0,0.0,0.0,0.0,0.0,0.0,product-reviews,1
2026-07-27 22:52:35,0.3799705250310942,0.0,0.0,0.0,0.0,0.0,0.0,product-reviews,1
2026-07-27 22:57:35,0.3799705250310942,0.0,0.0,0.0,0.0,0.0,0.0,product-reviews,1
2026-07-27 23:02:35,0.3799705250310942,0.0,0.0,0.0,0.0,0.0,0.0,product-reviews,1
2026-07-27 23:07:35,0.3799705250310942,0.0,0.0,0.0,0.0,0.0,0.0,product-reviews,1
2026-07-27 23:12:35,0.3799705250310942,0.0,0.0,0.0,0.0,0.0,0.0,product-reviews,1
2026-07-27 23:17:35,0.3799705250310942,0.0,0.0,0.0,0.0,0.0,0.0,product-reviews,1
2026-07-27 23:22:35,0.3799705250310942,0.0,0.0,0.0,0.0,0.0,0.0,product-reviews,1
2026-07-27 23:27:35,0.3799705250310942,0.0,0.0,0.0,0.0,0.0,0.0,product-reviews,1
2026-07-27 23:32:35,0.3799705250310942,0.0,0.0,0.0,0.0,0.0,0.0,product-reviews,1
2026-07-27 23:37:35,0.3799705250310942,0.0,0.0,0.0,0.0,0.0,0.0,product-reviews,1
2026-07-27 23:42:35,0.3799705250310942,0.0,0.0,0.0,0.0,0.0,0.0,product-reviews,1
2026-07-27 23:47:35,0.3799705250310942,0.0,0.0,0.0,0.0,0.0,0.0,product-reviews,1
2026-07-27 23:52:35,0.3799705250310942,0.0,0.0,0.0,0.0,0.0,0.0,product-reviews,1
2026-07-27 23:57:35,0.3799705250310942,0.0,0.0,0.0,0.0,0.0,0.0,product-reviews,1
2026-07-28 00:02:35,0.3799705250310942,0.0,0.0,0.0,0.0,0.0,0.0,product-reviews,1
2026-07-28 00:07:35,0.3799705250310942,0.0,0.0,0.0,0.0,0.0,0.0,product-reviews,1
2026-07-28 00:12:35,0.3799705250310942,0.0,0.0,0.0,0.0,0.0,0.0,product-reviews,1
2026-07-28 00:17:35,0.3799705250310942,0.0,0.0,0.0,0.0,0.0,0.0,product-reviews,1
2026-07-28 00:22:35,0.3799705250310942,0.0,0.0,0.0,0.0,0.0,0.0,product-reviews,1
2026-07-28 00:27:35,0.3799705250310942,0.0,0.0,0.0,0.0,0.0,0.0,product-reviews,1
2026-07-28 00:32:35,0.3799705250310942,0.0,0.0,0.0,0.0,0.0,0.0,product-reviews,1
2026-07-28 00:37:35,0.3799705250310942,0.0,0.0,0.0,0.0,0.0,0.0,product-reviews,1
2026-07-28 00:42:35,0.3799705250310942,0.0,0.0,0.0,0.0,0.0,0.0,product-reviews,1
2026-07-28 00:47:35,0.3799705250310942,0.0,0.0,0.0,0.0,0.0,0.0,product-reviews,1
2026-07-28 00:52:35,0.3799705250310942,0.0,0.0,0.0,0.0,0.0,0.0,product-reviews,1
2026-07-28 00:57:35,0.3799705250310942,0.0,0.0,0.0,0.0,0.0,0.0,product-reviews,1
2026-07-28 01:02:35,0.3799705250310942,0.0,0.0,0.0,0.0,0.0,0.0,product-reviews,1
2026-07-28 01:07:35,0.3799705250310942,0.0,0.0,0.0,0.0,0.0,0.0,product-reviews,1
2026-07-28 01:12:35,0.3799705250310942,0.0,0.0,0.0,0.0,0.0,0.0,product-reviews,1
2026-07-28 01:17:35,0.3799705250310942,0.0,0.0,0.0,0.0,0.0,0.0,product-reviews,1
2026-07-28 01:22:35,0.3799705250310942,0.0,0.0,0.0,0.0,0.0,0.0,product-reviews,1
2026-07-28 01:27:35,0.3799705250310942,0.0,0.0,0.0,0.0,0.0,0.0,product-reviews,1
2026-07-28 01:32:35,0.3799705250310942,0.0,0.0,0.0,0.0,0.0,0.0,product-reviews,1
2026-07-28 01:37:35,0.3799705250310942,0.0,0.0,0.0,0.0,0.0,0.0,product-reviews,1
2026-07-28 01:42:35,0.3799705250310942,0.0,0.0,0.0,0.0,0.0,0.0,product-reviews,1
2026-07-28 01:47:35,0.3799705250310942,0.0,0.0,0.0,0.0,0.0,0.0,product-reviews,1
2026-07-28 01:52:35,0.3799705250310942,0.0,0.0,0.0,0.0,0.0,0.0,product-reviews,1
2026-07-28 01:57:35,0.3799705250310942,0.0,0.0,0.0,0.0,0.0,0.0,product-reviews,1
2026-07-28 02:02:35,0.3799705250310942,0.0,0.0,0.0,0.0,0.0,0.0,product-reviews,1
2026-07-28 02:07:35,0.3799705250310942,0.0,0.0,0.0,0.0,0.0,0.0,product-reviews,1
2026-07-28 02:12:35,0.3799705250310942,0.0,0.0,0.0,0.0,0.0,0.0,product-reviews,1
2026-07-28 02:17:35,0.3799705250310942,0.0,0.0,0.0,0.0,0.0,0.0,product-reviews,1
2026-07-28 02:22:35,0.3799705250310942,0.0,0.0,0.0,0.0,0.0,0.0,product-reviews,1
2026-07-28 02:27:35,0.3799705250310942,0.0,0.0,0.0,0.0,0.0,0.0,product-reviews,1
2026-07-28 02:32:35,0.3799705250310942,0.0,0.0,0.0,0.0,0.0,0.0,product-reviews,1
2026-07-28 02:37:35,0.3799705250310942,0.0,0.0,0.0,0.0,0.0,0.0,product-reviews,1
2026-07-28 02:42:35,0.3799705250310942,0.0,0.0,0.0,0.0,0.0,0.0,product-reviews,1
2026-07-28 02:47:35,0.3799705250310942,0.0,0.0,0.0,0.0,0.0,0.0,product-reviews,1
2026-07-28 02:52:35,0.3799705250310942,0.0,0.0,0.0,0.0,0.0,0.0,product-reviews,1
2026-07-28 02:57:35,0.3799705250310942,0.0,0.0,0.0,0.0,0.0,0.0,product-reviews,1
2026-07-28 03:02:35,0.3799705250310942,0.0,0.0,0.0,0.0,0.0,0.0,product-reviews,1
2026-07-28 03:07:35,0.3799705250310942,0.0,0.0,0.0,0.0,0.0,0.0,product-reviews,1
2026-07-28 03:12:35,0.3799705250310942,0.0,0.0,0.0,0.0,0.0,0.0,product-reviews,1
2026-07-28 03:17:35,0.3799705250310942,0.0,0.0,0.0,0.0,0.0,0.0,product-reviews,1
2026-07-28 03:22:35,0.3799705250310942,0.0,0.0,0.0,0.0,0.0,0.0,product-reviews,1
2026-07-28 03:27:35,0.3799705250310942,0.0,0.0,0.0,0.0,0.0,0.0,product-reviews,1
2026-07-28 03:32:35,0.3799705250310942,0.0,0.0,0.0,0.0,0.0,0.0,product-reviews,1
2026-07-28 03:37:35,0.3799705250310942,0.0,0.0,0.0,0.0,0.0,0.0,product-reviews,1
2026-07-28 03:42:35,0.3799705250310942,0.0,0.0,0.0,0.0,0.0,0.0,product-reviews,1
2026-07-28 03:47:35,0.3799705250310942,0.0,0.0,0.0,0.0,0.0,0.0,product-reviews,1
2026-07-28 03:52:35,0.3799705250310942,0.0,0.0,0.0,0.0,0.0,0.0,product-reviews,1
2026-07-28 03:57:35,0.3799705250310942,0.0,0.0,0.0,0.0,0.0,0.0,product-reviews,1
2026-07-28 04:02:35,0.3799705250310942,0.0,0.0,0.0,0.0,0.0,0.0,product-reviews,1
2026-07-28 04:07:35,0.3799705250310942,0.0,0.0,0.0,0.0,0.0,0.0,product-reviews,1
2026-07-28 04:12:35,0.3799705250310942,0.0,0.0,0.0,0.0,0.0,0.0,product-reviews,1
2026-07-28 04:17:35,0.3799705250310942,0.0,0.0,0.0,0.0,0.0,0.0,product-reviews,1
2026-07-28 04:22:35,0.3799705250310942,0.0,0.0,0.0,0.0,0.0,0.0,product-reviews,1
2026-07-28 04:27:35,0.3799705250310942,0.0,0.0,0.0,0.0,0.0,0.0,product-reviews,1
2026-07-28 04:32:35,0.3799705250310942,0.0,0.0,0.0,0.0,0.0,0.0,product-reviews,1
2026-07-28 04:37:35,0.3799705250310942,0.0,0.0,0.0,0.0,0.0,0.0,product-reviews,1
2026-07-28 04:42:35,0.3799705250310942,0.0,0.0,0.0,0.0,0.0,0.0,product-reviews,1
2026-07-28 04:47:35,0.3799705250310942,0.0,0.0,0.0,0.0,0.0,0.0,product-reviews,1
2026-07-28 04:52:35,0.3799705250310942,0.0,0.0,0.0,0.0,0.0,0.0,product-reviews,1
2026-07-28 04:57:35,0.3799705250310942,0.0,0.0,0.0,0.0,0.0,0.0,product-reviews,1
2026-07-28 05:02:35,0.3799705250310942,0.0,0.0,0.0,0.0,0.0,0.0,product-reviews,1
2026-07-28 05:07:35,0.3799705250310942,0.0,0.0,0.0,0.0,0.0,0.0,product-reviews,1
2026-07-28 05:12:35,0.3799705250310942,0.0,0.0,0.0,0.0,0.0,0.0,product-reviews,1
2026-07-28 05:17:35,0.3799705250310942,0.0,0.0,0.0,0.0,0.0,0.0,product-reviews,1
2026-07-28 05:22:35,0.3799705250310942,0.0,0.0,0.0,0.0,0.0,0.0,product-reviews,1
2026-07-28 05:27:35,0.3799705250310942,0.0,0.0,0.0,0.0,0.0,0.0,product-reviews,1
2026-07-28 05:32:35,0.3799705250310942,0.0,0.0,0.0,0.0,0.0,0.0,product-reviews,1
2026-07-28 05:37:35,0.3799705250310942,0.0,0.0,0.0,0.0,0.0,0.0,product-reviews,1
2026-07-28 05:42:35,0.3799705250310942,0.0,0.0,0.0,0.0,0.0,0.0,product-reviews,1
2026-07-28 05:47:35,0.3799705250310942,0.0,0.0,0.0,0.0,0.0,0.0,product-reviews,1
2026-07-28 05:52:35,0.3799705250310942,0.0,0.0,0.0,0.0,0.0,0.0,product-reviews,1
2026-07-28 05:57:35,0.3799705250310942,0.0,0.0,0.0,0.0,0.0,0.0,product-reviews,1
2026-07-28 06:02:35,0.3799705250310942,0.0,0.0,0.0,0.0,0.0,0.0,product-reviews,1
2026-07-28 06:07:35,0.3799705250310942,0.0,0.0,0.0,0.0,0.0,0.0,product-reviews,1
2026-07-28 06:12:35,0.3799705250310942,0.0,0.0,0.0,0.0,0.0,0.0,product-reviews,1
2026-07-28 06:17:35,0.3799705250310942,0.0,0.0,0.0,0.0,0.0,0.0,product-reviews,1
2026-07-28 06:22:35,0.3799705250310942,0.0,0.0,0.0,0.0,0.0,0.0,product-reviews,1
2026-07-28 06:27:35,0.3799705250310942,0.0,0.0,0.0,0.0,0.0,0.0,product-reviews,1
2026-07-28 06:32:35,0.3799705250310942,0.0,0.0,0.0,0.0,0.0,0.0,product-reviews,1
2026-07-28 06:37:35,0.3799705250310942,0.0,0.0,0.0,0.0,0.0,0.0,product-reviews,1
2026-07-28 06:42:35,0.3799705250310942,0.0,0.0,0.0,0.0,0.0,0.0,product-reviews,1
2026-07-28 06:47:35,0.3799705250310942,0.0,0.0,0.0,0.0,0.0,0.0,product-reviews,1
2026-07-28 06:52:35,0.3799705250310942,0.0,0.0,0.0,0.0,0.0,0.0,product-reviews,1
2026-07-28 06:57:35,0.3799705250310942,0.0,0.0,0.0,0.0,0.0,0.0,product-reviews,1
2026-07-28 07:02:35,0.3799705250310942,0.0,0.0,0.0,0.0,0.0,0.0,product-reviews,1
2026-07-28 07:07:35,0.3799705250310942,0.0,0.0,0.0,0.0,0.0,0.0,product-reviews,1
2026-07-28 07:12:35,0.3799705250310942,0.0,0.0,0.0,0.0,0.0,0.0,product-reviews,1
2026-07-28 07:17:35,0.3799705250310942,0.0,0.0,0.0,0.0,0.0,0.0,product-reviews,1
2026-07-28 07:22:35,0.3799705250310942,0.0,0.0,0.0,0.0,0.0,0.0,product-reviews,1
2026-07-28 07:27:35,0.3799705250310942,0.0,0.0,0.0,0.0,0.0,0.0,product-reviews,1
2026-07-28 07:32:35,0.3799705250310942,0.0,0.0,0.0,0.0,0.0,0.0,product-reviews,1
2026-07-28 07:37:35,0.3799705250310942,0.0,0.0,0.0,0.0,0.0,0.0,product-reviews,1
2026-07-28 07:42:35,0.3799705250310942,0.0,0.0,0.0,0.0,0.0,0.0,product-reviews,1
2026-07-28 07:47:35,0.3799705250310942,0.0,0.0,0.0,0.0,0.0,0.0,product-reviews,1
2026-07-28 07:52:35,0.3799705250310942,0.0,0.0,0.0,0.0,0.0,0.0,product-reviews,1
2026-07-28 07:57:35,0.3799705250310942,0.0,0.0,0.0,0.0,0.0,0.0,product-reviews,1
2026-07-28 08:02:35,0.3799705250310942,0.0,0.0,0.0,0.0,0.0,0.0,product-reviews,1
2026-07-28 08:07:35,0.3799705250310942,0.0,0.0,0.0,0.0,0.0,0.0,product-reviews,1
2026-07-28 08:12:35,0.3799705250310942,0.0,0.0,0.0,0.0,0.0,0.0,product-reviews,1
2026-07-28 08:17:35,0.3799705250310942,0.0,0.0,0.0,0.0,0.0,0.0,product-reviews,1
2026-07-28 08:22:35,0.3799705250310942,0.0,0.0,0.0,0.0,0.0,0.0,product-reviews,1
2026-07-28 08:27:35,0.3799705250310942,0.0,0.0,0.0,0.0,0.0,0.0,product-reviews,1
2026-07-28 08:32:35,0.3799705250310942,0.0,0.0,0.0,0.0,0.0,0.0,product-reviews,1
2026-07-28 08:37:35,0.3799705250310942,0.0,0.0,0.0,0.0,0.0,0.0,product-reviews,1
2026-07-28 08:42:35,0.3799705250310942,0.0,0.0,0.0,0.0,0.0,0.0,product-reviews,1
2026-07-28 08:47:35,0.3799705250310942,0.0,0.0,0.0,0.0,0.0,0.0,product-reviews,1
2026-07-28 08:52:35,0.3799705250310942,0.0,0.0,0.0,0.0,0.0,0.0,product-reviews,1
2026-07-28 08:57:35,0.3799705250310942,0.0,0.0,0.0,0.0,0.0,0.0,product-reviews,1
2026-07-28 09:02:35,0.3799705250310942,0.0,0.0,0.0,0.0,0.0,0.0,product-reviews,1
2026-07-28 09:07:35,0.3799705250310942,0.0,0.0,0.0,0.0,0.0,0.0,product-reviews,1
2026-07-28 09:12:35,0.3799705250310942,0.0,0.0,0.0,0.0,0.0,0.0,product-reviews,1
2026-07-28 09:17:35,0.3799705250310942,0.0,0.0,0.0,0.0,0.0,0.0,product-reviews,1
2026-07-28 09:22:35,0.3799705250310942,0.0,0.0,0.0,0.0,0.0,0.0,product-reviews,1
2026-07-28 09:27:35,0.3799705250310942,0.0,0.0,0.0,0.0,0.0,0.0,product-reviews,1
2026-07-28 09:32:35,0.3799705250310942,0.0,0.0,0.0,0.0,0.0,0.0,product-reviews,1
2026-07-28 09:37:35,0.3799705250310942,0.0,0.0,0.0,0.0,0.0,0.0,product-reviews,1
2026-07-28 09:42:35,0.3799705250310942,0.0,0.0,0.0,0.0,0.0,0.0,product-reviews,1
2026-07-28 09:47:35,0.3799705250310942,0.0,0.0,0.0,0.0,0.0,0.0,product-reviews,1
2026-07-28 09:52:35,0.3799705250310942,0.0,0.0,0.0,0.0,0.0,0.0,product-reviews,1
2026-07-28 09:57:35,0.3799705250310942,0.0,0.0,0.0,0.0,0.0,0.0,product-reviews,1
2026-07-28 10:02:35,0.3799705250310942,0.0,0.0,0.0,0.0,0.0,0.0,product-reviews,1
2026-07-28 10:07:35,0.3799705250310942,0.0,0.0,0.0,0.0,0.0,0.0,product-reviews,1
2026-07-28 10:12:35,0.3799705250310942,0.0,0.0,0.0,0.0,0.0,0.0,product-reviews,1
2026-07-28 10:17:35,0.3799705250310942,0.0,0.0,0.0,0.0,0.0,0.0,product-reviews,1
2026-07-28 10:22:35,0.3799705250310942,0.0,0.0,0.0,0.0,0.0,0.0,product-reviews,1
2026-07-28 10:27:35,0.3799705250310942,0.0,0.0,0.0,0.0,0.0,0.0,product-reviews,1
2026-07-28 10:32:35,0.3799705250310942,0.0,0.0,0.0,0.0,0.0,0.0,product-reviews,1
2026-07-28 10:37:35,0.3799705250310942,0.0,0.0,0.0,0.0,0.0,0.0,product-reviews,1
2026-07-28 10:42:35,0.3799705250310942,0.0,0.0,0.0,0.0,0.0,0.0,product-reviews,1
2026-07-28 10:47:35,0.3799705250310942,0.0,0.0,0.0,0.0,0.0,0.0,product-reviews,1
2026-07-28 10:52:35,0.3799705250310942,0.0,0.0,0.0,0.0,0.0,0.0,product-reviews,1
2026-07-28 10:57:35,0.3799705250310942,0.0,0.0,0.0,0.0,0.0,0.0,product-reviews,1
2026-07-28 11:02:35,0.3799705250310942,0.0,0.0,0.0,0.0,0.0,0.0,product-reviews,1
2026-07-28 11:07:35,0.3799705250310942,0.0,0.0,0.0,0.0,0.0,0.0,product-reviews,1
2026-07-28 11:12:35,0.3799705250310942,0.0,0.0,0.0,0.0,0.0,0.0,product-reviews,1
2026-07-28 11:17:35,0.3799705250310942,0.0,0.0,0.0,0.0,0.0,0.0,product-reviews,1
2026-07-28 11:22:35,0.3799705250310942,0.0,0.0,0.0,0.0,0.0,0.0,product-reviews,1
2026-07-28 11:27:35,0.3799705250310942,0.0,0.0,0.0,0.0,0.0,0.0,product-reviews,1
2026-07-28 11:32:35,0.3799705250310942,0.0,0.0,0.0,0.0,0.0,0.0,product-reviews,1
2026-07-28 11:37:35,0.3799705250310942,0.0,0.0,0.0,0.0,0.0,0.0,product-reviews,1
2026-07-28 11:42:35,0.3799705250310942,0.0,0.0,0.0,0.0,0.0,0.0,product-reviews,1
2026-07-28 11:47:35,0.3799705250310942,0.0,0.0,0.0,0.0,0.0,0.0,product-reviews,1
2026-07-28 11:52:35,0.3799705250310942,0.0,0.0,0.0,0.0,0.0,0.0,product-reviews,1
2026-07-28 11:57:35,0.3799705250310942,0.0,0.0,0.0,0.0,0.0,0.0,product-reviews,1
2026-07-28 12:02:35,0.3799705250310942,0.0,0.0,0.0,0.0,0.0,0.0,product-reviews,1
2026-07-28 12:07:35,0.3799705250310942,0.0,0.0,0.0,0.0,0.0,0.0,product-reviews,1
2026-07-28 12:12:35,0.3799705250310942,0.0,0.0,0.0,0.0,0.0,0.0,product-reviews,1
2026-07-28 12:17:35,0.3799705250310942,0.0,0.0,0.0,0.0,0.0,0.0,product-reviews,1
2026-07-28 12:22:35,0.3799705250310942,0.0,0.0,0.0,0.0,0.0,0.0,product-reviews,1
2026-07-28 12:27:35,0.3799705250310942,0.0,0.0,0.0,0.0,0.0,0.0,product-reviews,1
2026-07-28 12:32:35,0.3799705250310942,0.0,0.0,0.0,0.0,0.0,0.0,product-reviews,1
2026-07-28 12:37:35,0.3799705250310942,0.0,0.0,0.0,0.0,0.0,0.0,product-reviews,1
2026-07-28 12:42:35,0.3799705250310942,0.0,0.0,0.0,0.0,0.0,0.0,product-reviews,1
2026-07-28 12:47:35,0.3799705250310942,0.0,0.0,0.0,0.0,0.0,0.0,product-reviews,1
2026-07-28 12:52:35,0.3799705250310942,0.0,0.0,0.0,0.0,0.0,0.0,product-reviews,1
2026-07-28 12:57:35,0.3799705250310942,0.0,0.0,0.0,0.0,0.0,0.0,product-reviews,1
2026-07-28 13:02:35,0.3799705250310942,0.0,0.0,0.0,0.0,0.0,0.0,product-reviews,1
2026-07-28 13:07:35,0.3799705250310942,0.0,0.0,0.0,0.0,0.0,0.0,product-reviews,1
2026-07-28 13:12:35,0.3799705250310942,0.0,0.0,0.0,0.0,0.0,0.0,product-reviews,1
2026-07-28 13:17:35,0.3799705250310942,0.0,0.0,0.0,0.0,0.0,0.0,product-reviews,1
2026-07-28 13:22:35,0.3799705250310942,0.0,0.0,0.0,0.0,0.0,0.0,product-reviews,1
2026-07-28 13:27:35,0.3799705250310942,0.0,0.0,0.0,0.0,0.0,0.0,product-reviews,1
2026-07-28 13:32:35,0.3799705250310942,0.0,0.0,0.0,0.0,0.0,0.0,product-reviews,1
2026-07-28 13:37:35,0.3799705250310942,0.0,0.0,0.0,0.0,0.0,0.0,product-reviews,1
2026-07-28 13:42:35,0.3799705250310942,0.0,0.0,0.0,0.0,0.0,0.0,product-reviews,1
2026-07-28 13:47:35,0.3799705250310942,0.0,0.0,0.0,0.0,0.0,0.0,product-reviews,1
2026-07-28 13:52:35,0.3799705250310942,0.0,0.0,0.0,0.0,0.0,0.0,product-reviews,1
2026-07-28 13:57:35,0.3799705250310942,0.0,0.0,0.0,0.0,0.0,0.0,product-reviews,1
2026-07-28 14:02:35,0.3799705250310942,0.0,0.0,0.0,0.0,0.0,0.0,product-reviews,1
2026-07-28 14:07:35,0.3799705250310942,0.0,0.0,0.0,0.0,0.0,0.0,product-reviews,1
2026-07-28 14:12:35,0.3799705250310942,0.0,0.0,0.0,0.0,0.0,0.0,product-reviews,1
2026-07-28 14:17:35,0.3799705250310942,0.0,0.0,0.0,0.0,0.0,0.0,product-reviews,1
2026-07-28 14:22:35,0.3799705250310942,0.0,0.0,0.0,0.0,0.0,0.0,product-reviews,1
2026-07-28 14:27:35,0.3799705250310942,0.0,0.0,0.0,0.0,0.0,0.0,product-reviews,1
2026-07-28 14:32:35,0.3799705250310942,0.0,0.0,0.0,0.0,0.0,0.0,product-reviews,1
2026-07-28 14:37:35,0.3799705250310942,0.0,0.0,0.0,0.0,0.0,0.0,product-reviews,1
2026-07-28 14:42:35,0.3799705250310942,0.0,0.0,0.0,0.0,0.0,0.0,product-reviews,1
2026-07-28 14:47:35,0.3799705250310942,0.0,0.0,0.0,0.0,0.0,0.0,product-reviews,1
2026-07-28 14:52:35,0.3799705250310942,0.0,0.0,0.0,0.0,0.0,0.0,product-reviews,1
2026-07-28 14:57:35,0.3799705250310942,0.0,0.0,0.0,0.0,0.0,0.0,product-reviews,1
2026-07-28 15:02:35,0.3799705250310942,0.0,0.0,0.0,0.0,0.0,0.0,product-reviews,1
2026-07-28 15:07:35,0.3799705250310942,0.0,0.0,0.0,0.0,0.0,0.0,product-reviews,1
2026-07-28 15:12:35,0.3799705250310942,0.0,0.0,0.0,0.0,0.0,0.0,product-reviews,1
2026-07-28 15:17:35,0.3799705250310942,0.0,0.0,0.0,0.0,0.0,0.0,product-reviews,1
2026-07-28 15:22:35,0.3799705250310942,0.0,0.0,0.0,0.0,0.0,0.0,product-reviews,1
2026-07-28 15:27:35,0.3799705250310942,0.0,0.0,0.0,0.0,0.0,0.0,product-reviews,1
2026-07-28 15:32:35,0.3799705250310942,0.0,0.0,1608.7054835341175,0.0,0.0,0.0,product-reviews,1
2026-07-28 15:37:35,0.6079226175079928,0.0,0.0,1757.440640713878,0.0,0.0,0.0,product-reviews,1
2026-07-28 15:42:35,2.2249907292052957,0.0,0.0,1746.451612903226,0.0,0.0,0.0,product-reviews,1
2026-07-28 15:47:35,3.2979254865271086,0.0,0.0,1769.0849353502326,0.0,0.0,0.0,product-reviews,1
2026-07-28 15:52:35,4.625749719457674,0.0,0.0,1773.3154558884444,0.0,0.0,0.0,product-reviews,1
2026-07-28 15:57:35,5.691665833340277,0.0,0.0,1786.306342342042,0.0,0.0,0.0,product-reviews,1
2026-07-28 16:02:35,6.4749995833350695,0.0,0.0,1799.252355140109,0.0,0.0,0.0,product-reviews,1
2026-07-28 16:07:35,2.5083345833489585,0.0,0.0,15000.0,0.0,0.0,0.0,product-reviews,1
2026-07-28 16:12:35,3.676959084551741,0.0,0.0,1769.5884095847937,0.0,0.0,0.0,product-reviews,1
2026-07-28 16:17:35,3.753493538254703,0.0,0.0,1791.9331101344756,0.0,0.0,0.0,product-reviews,1
2026-07-28 16:22:35,3.7708333333333335,0.0,0.0,1768.3035714285716,0.0,0.0,0.0,product-reviews,1
2026-07-28 16:27:35,3.945820572969836,0.0,0.0,1705.6543525671495,0.0,0.0,0.0,product-reviews,1
2026-07-28 16:32:35,3.9875,0.0,0.0,1744.9289099526068,0.0,0.0,0.0,product-reviews,1
2026-07-28 16:37:35,3.9541666666666666,0.0,0.0,1749.7938144329896,0.0,0.0,0.0,product-reviews,1
2026-07-28 16:42:35,3.3837612037037035,0.0,0.0,1784.968258499838,0.0,0.0,0.0,product-reviews,1
2026-07-28 16:47:35,0.9291693402889178,0.0,0.0,1680.5000651563246,0.0,0.0,0.0,product-reviews,1
2026-07-28 16:52:35,0.4031300972222222,0.0,0.0,1685.4850516375543,0.0,0.0,0.0,product-reviews,1
2026-07-28 16:57:35,0.4375,0.0,0.0,1550.0,0.0,0.0,0.0,product-reviews,1
2026-07-28 17:02:35,0.425,0.0,0.0,1498.181818181819,0.0,0.0,0.0,product-reviews,1
2026-07-28 17:07:35,4.245774541666667,0.0,0.0,1890.0666956989248,0.0,0.0,0.0,product-reviews,1
2026-07-28 17:12:35,0.9812548055555556,0.0,0.0,1814.0,0.0,0.0,0.0,product-reviews,1
2026-07-28 17:17:35,0.5166666666666667,0.0,0.0,1676.521739130435,0.0,0.0,0.0,product-reviews,1
2026-07-28 17:22:35,0.4916666666666667,0.0,0.0,1583.5294117647063,0.0,0.0,0.0,product-reviews,1
2026-07-28 17:27:35,0.5083337500017361,0.0,0.0,1741.5382307682692,0.0,0.0,0.0,product-reviews,1
2026-07-28 17:32:35,0.5124995833350694,0.0,0.0,1643.1582105249995,0.0,0.0,0.0,product-reviews,1
2026-07-28 17:37:35,0.5750004166684028,0.0,0.0,1679.9997499989584,0.0,0.0,0.0,product-reviews,1
2026-07-28 17:42:35,0.4583352430635127,0.0,0.0,1528.5714285714282,0.0,0.0,0.0,product-reviews,1
2026-07-28 17:47:35,0.5208333333333334,0.0,0.0,1423.0769230769235,0.0,0.0,0.0,product-reviews,1
2026-07-28 17:52:35,2.99169034742477,0.0,0.0,1785.9091931813923,0.0,0.0,0.0,product-reviews,1
2026-07-28 17:57:35,3.0291544618564097,0.0,0.0,1761.0587882352943,0.0,0.0,0.0,product-reviews,1
2026-07-28 18:02:35,2.8458447743532265,0.0,0.0,1783.3533293413177,0.0,0.0,0.0,product-reviews,1
2026-07-28 18:07:35,2.924988229215712,0.0,0.0,1767.361926380368,0.0,0.0,0.0,product-reviews,1
2026-07-28 18:12:35,3.0499872917196185,0.0,0.0,1770.1123595505617,0.0,0.0,0.0,product-reviews,1
2026-07-28 18:17:35,2.7291670833350694,0.0,0.0,1768.7897707004777,0.0,0.0,0.0,product-reviews,1
2026-07-28 18:22:35,2.7374995833350693,0.0,0.0,1771.1377604788922,0.0,0.0,0.0,product-reviews,1
2026-07-28 18:27:35,2.7374995833350697,0.0,0.0,1744.689696551552,0.0,0.0,0.0,product-reviews,1
2026-07-28 18:32:35,2.595833333333333,0.0,0.0,1754.0789473684213,0.0,0.0,0.0,product-reviews,1
2026-07-28 18:37:35,2.75840020999657,0.0,0.0,1783.0234302332851,0.0,0.0,0.0,product-reviews,1
2026-07-28 18:42:35,2.795821684076317,0.0,0.0,1761.1180124223602,0.0,0.0,0.0,product-reviews,1
2026-07-28 18:47:35,2.7875004166684025,0.0,0.0,1730.42852857125,0.0,0.0,0.0,product-reviews,1
2026-07-28 18:52:35,2.775000416668403,0.0,0.0,1750.588196078268,0.0,0.0,0.0,product-reviews,1
2026-07-28 18:57:35,2.8333227778321763,0.0,0.0,1781.5027861263006,0.0,0.0,0.0,product-reviews,1
2026-07-28 19:02:35,2.8083220486581317,0.0,0.0,1767.2288795180723,0.0,0.0,0.0,product-reviews,1
2026-07-28 19:07:35,2.875,0.0,0.0,1768.944099378882,0.0,0.0,0.0,product-reviews,1
2026-07-28 19:12:35,2.762500833340278,0.0,0.0,1784.073999999383,0.0,0.0,0.0,product-reviews,1
2026-07-28 19:17:35,2.9250117708823784,0.0,0.0,1770.2631973684208,0.0,0.0,0.0,product-reviews,1
2026-07-28 19:22:35,2.8166675000069445,0.0,0.0,1759.9999166659725,0.0,0.0,0.0,product-reviews,1
2026-07-28 19:27:35,2.854177725743996,0.0,0.0,1789.6342195118905,0.0,0.0,0.0,product-reviews,1
2026-07-28 19:32:35,2.8541670833350694,0.0,0.0,1783.9285357141366,0.0,0.0,0.0,product-reviews,1
2026-07-28 19:37:35,2.9166666666666665,0.0,0.0,1788.4393063583816,0.0,0.0,0.0,product-reviews,1
2026-07-28 19:42:35,2.8833449306038776,0.0,0.0,1769.9363439490448,0.0,0.0,0.0,product-reviews,1
2026-07-28 19:47:35,2.579176996570819,0.0,0.0,1780.126620253165,0.0,0.0,0.0,product-reviews,1
2026-07-28 19:52:35,2.8583214236607355,0.0,0.0,1831.0059171597632,0.0,0.0,0.0,product-reviews,1
2026-07-28 19:57:35,2.9166670833350694,0.0,0.0,1799.9999607841503,0.0,0.0,0.0,product-reviews,1
2026-07-28 20:02:35,2.720844253517723,0.0,0.0,1782.7329565217397,0.0,0.0,0.0,product-reviews,1
2026-07-28 20:07:35,2.887500416668403,0.0,0.0,1760.384576922917,0.0,0.0,0.0,product-reviews,1
2026-07-28 20:12:35,2.779177413242694,0.0,0.0,1756.447447368092,0.0,0.0,0.0,product-reviews,1
2026-07-28 20:17:35,2.741677673656973,0.0,0.0,1776.1403859649124,0.0,0.0,0.0,product-reviews,1
2026-07-28 20:22:35,2.7875111979633247,0.0,0.0,1769.615423076923,0.0,0.0,0.0,product-reviews,1
2026-07-28 20:27:35,2.908333750001736,0.0,0.0,1786.7515541399682,0.0,0.0,0.0,product-reviews,1
2026-07-28 20:32:35,2.9750004166684025,0.0,0.0,1814.7976531790464,0.0,0.0,0.0,product-reviews,1
2026-07-28 20:37:35,2.7291670833350694,0.0,0.0,1779.4701589402316,0.0,0.0,0.0,product-reviews,1
2026-07-28 20:42:35,2.7041666666666666,0.0,0.0,1803.859649122807,0.0,0.0,0.0,product-reviews,1
2026-07-28 20:47:35,2.812499583335069,0.0,0.0,1786.705236994075,0.0,0.0,0.0,product-reviews,1
2026-07-28 20:52:35,2.779166666666667,0.0,0.0,1747.0833333333337,0.0,0.0,0.0,product-reviews,1
2026-07-28 20:57:35,2.7291670833350694,0.0,0.0,1808.227810126424,0.0,0.0,0.0,product-reviews,1
2026-07-28 21:02:35,3.0166666666666666,0.0,0.0,1776.7272727272727,0.0,0.0,0.0,product-reviews,1
2026-07-28 21:07:35,2.6791774132392217,0.0,0.0,1782.7329565217392,0.0,0.0,0.0,product-reviews,1
2026-07-28 21:12:35,2.6333438889328704,0.0,0.0,1722.5000468750004,0.0,0.0,0.0,product-reviews,1
2026-07-28 21:17:35,2.7583222569905965,0.0,0.0,1784.1509056603772,0.0,0.0,0.0,product-reviews,1
2026-07-28 21:22:35,2.9875,0.0,0.0,1801.0526315789473,0.0,0.0,0.0,product-reviews,1
2026-07-28 21:27:35,2.92498906255599,0.0,0.0,1799.29814035,0.0,0.0,0.0,product-reviews,1
2026-07-28 21:32:35,2.6312636493378907,0.0,0.0,1767.778097181439,0.0,0.0,0.0,product-reviews,1
2026-07-28 21:37:35,2.826243555555556,0.0,0.0,1784.7613013393816,0.0,0.0,0.0,product-reviews,1
2026-07-28 21:42:35,3.095833333333333,0.0,0.0,1778.4864864864865,0.0,0.0,0.0,product-reviews,1
2026-07-28 21:47:35,2.9166666666666665,0.0,0.0,1769.2307692307695,0.0,0.0,0.0,product-reviews,1
2026-07-28 21:52:35,2.322354903382347,0.0,0.0,1756.5055245603144,0.0,0.0,0.0,product-reviews,1
2026-07-28 21:57:35,2.6356643326074134,0.0,0.0,1742.3816166340348,0.0,0.0,0.0,product-reviews,1
2026-07-28 22:02:35,3.7416666666666663,0.0,0.0,1775.2380952380954,0.0,0.0,0.0,product-reviews,1
2026-07-28 22:07:35,6.9875,0.0,0.0,1831.289198606272,0.0,0.0,0.0,product-reviews,1
2026-07-28 22:12:35,8.587409271967433,0.0,0.0,3069.483663076663,0.0,0.0,0.0,product-reviews,1
2026-07-28 22:17:35,2.595833333333333,0.0,0.0,2381.081081081081,0.0,0.0,0.0,product-reviews,1
2026-07-28 22:22:35,0.5541647743134405,0.0,0.0,1576.249625,0.0,0.0,0.0,product-reviews,1
2026-07-28 22:27:35,0.5833329166684028,0.0,0.0,1621.0529473671054,0.0,0.0,0.0,product-reviews,1
2026-07-28 22:32:35,0.6326764826480759,0.0,0.0,1436.0004000000008,0.0,0.0,0.0,product-reviews,1
2026-07-28 22:37:35,0.6083333333333334,0.0,0.0,1582.8571428571431,0.0,0.0,0.0,product-reviews,1
2026-07-28 22:42:35,0.6000019270913629,0.0,0.0,1473.8462352071278,0.0,0.0,0.0,product-reviews,1
2026-07-28 22:47:35,0.518131726867477,0.0,0.0,1520.1229663673396,0.0,0.0,0.0,product-reviews,1
2026-07-28 22:52:35,0.5125011111157408,0.0,0.0,1691.818096590732,0.0,0.0,0.0,product-reviews,1
2026-07-28 22:57:35,0.4583329166684028,0.0,0.0,1611.7650588220592,0.0,0.0,0.0,product-reviews,1
2026-07-28 23:02:35,0.5375014062593316,0.0,0.0,1524.0007999966672,0.0,0.0,0.0,product-reviews,1
2026-07-28 23:07:35,0.5208350868128617,0.0,0.0,1636.8424210526318,0.0,0.0,0.0,product-reviews,1
2026-07-28 23:12:35,0.4958321007030526,0.0,0.0,1615.293411761765,0.0,0.0,0.0,product-reviews,1
2026-07-28 23:17:35,0.5083333333333333,0.0,0.0,1651.428571428571,0.0,0.0,0.0,product-reviews,1
2026-07-28 23:22:35,0.5208355034812645,0.0,0.0,1642.857142857143,0.0,0.0,0.0,product-reviews,1
2026-07-28 23:27:35,0.5374977604259983,0.0,0.0,755.0000000000003,0.0,0.0,0.0,product-reviews,1
2026-07-28 23:32:35,0.5208350868128617,0.0,0.0,1726.0872173913046,0.0,0.0,0.0,product-reviews,1
2026-07-28 23:37:35,0.4032003140376865,0.0,0.0,1786.4308245559328,0.0,0.0,0.0,product-reviews,1
2026-07-28 23:42:35,0.4583333333333333,0.0,0.0,1614.285714285715,0.0,0.0,0.0,product-reviews,1
2026-07-28 23:47:35,0.4749980208415798,0.0,0.0,1619.9999999999998,0.0,0.0,0.0,product-reviews,1
