timestamp,rps,error_rate,client_error_rate,latency_p90,kafka_lag,cpu_usage,memory_usage,service
2026-07-21 23:47:31,0.07931566666666667,0.0,0.0,0.0,0.0,0.0,0.0,payment
2026-07-21 23:52:31,0.07931566666666667,0.0,0.0,0.0,0.0,0.0,0.0,payment
2026-07-21 23:57:31,0.07931566666666667,0.0,0.0,0.0,0.0,0.0,0.0,payment
2026-07-22 00:02:31,0.07931566666666667,0.0,0.0,0.0,0.0,0.0,0.0,payment
2026-07-22 00:07:31,0.07931566666666667,0.0,0.0,0.0,0.0,0.0,0.0,payment
2026-07-22 00:12:31,0.07931566666666667,0.0,0.0,0.0,0.0,0.0,0.0,payment
2026-07-22 00:17:31,0.07931566666666667,0.0,0.0,0.0,0.0,0.0,0.0,payment
2026-07-22 00:22:31,0.07931566666666667,0.0,0.0,0.0,0.0,0.0,0.0,payment
2026-07-22 00:27:31,0.07931566666666667,0.0,0.0,0.0,0.0,0.0,0.0,payment
2026-07-22 00:32:31,0.07931566666666667,0.0,0.0,0.0,0.0,0.0,0.0,payment
2026-07-22 00:37:31,0.07931566666666667,0.0,0.0,0.0,0.0,0.0,0.0,payment
2026-07-22 00:42:31,0.07931566666666667,0.0,0.0,0.0,0.0,0.0,0.0,payment
2026-07-22 00:47:31,0.07931566666666667,0.0,0.0,0.0,0.0,0.0,0.0,payment
2026-07-22 00:52:31,0.07931566666666667,0.0,0.0,0.0,0.0,0.0,0.0,payment
2026-07-22 00:57:31,0.07931566666666667,0.0,0.0,0.0,0.0,0.0,0.0,payment
2026-07-22 01:02:31,0.07931566666666667,0.0,0.0,0.0,0.0,0.0,0.0,payment
2026-07-22 01:07:31,0.07931566666666667,0.0,0.0,0.0,0.0,0.0,0.0,payment
2026-07-22 01:12:31,0.07931566666666667,0.0,0.0,0.0,0.0,0.0,0.0,payment
2026-07-22 01:17:31,0.07931566666666667,0.0,0.0,0.0,0.0,0.0,0.0,payment
2026-07-22 01:22:31,0.07931566666666667,0.0,0.0,0.0,0.0,0.0,0.0,payment
2026-07-22 01:27:31,0.07931566666666667,0.0,0.0,0.0,0.0,0.0,0.0,payment
2026-07-22 01:32:31,0.07931566666666667,0.0,0.0,0.0,0.0,0.0,0.0,payment
2026-07-22 01:37:31,0.07931566666666667,0.0,0.0,0.0,0.0,0.0,0.0,payment
2026-07-22 01:42:31,0.07931566666666667,0.0,0.0,0.0,0.0,0.0,0.0,payment
2026-07-22 01:47:31,0.07931566666666667,0.0,0.0,0.0,0.0,0.0,0.0,payment
2026-07-22 01:52:31,0.07931566666666667,0.0,0.0,0.0,0.0,0.0,0.0,payment
2026-07-22 01:57:31,0.07931566666666667,0.0,0.0,0.0,0.0,0.0,0.0,payment
2026-07-22 02:02:31,0.07931566666666667,0.0,0.0,0.0,0.0,0.0,0.0,payment
2026-07-22 02:07:31,0.07931566666666667,0.0,0.0,0.0,0.0,0.0,0.0,payment
2026-07-22 02:12:31,0.07931566666666667,0.0,0.0,0.0,0.0,0.0,0.0,payment
2026-07-22 02:17:31,0.07931566666666667,0.0,0.0,0.0,0.0,0.0,0.0,payment
2026-07-22 02:22:31,0.07931566666666667,0.0,0.0,0.0,0.0,0.0,0.0,payment
2026-07-22 02:27:31,0.07931566666666667,0.0,0.0,0.0,0.0,0.0,0.0,payment
2026-07-22 02:32:31,0.07931566666666667,0.0,0.0,0.0,0.0,0.0,0.0,payment
2026-07-22 02:37:31,0.07931566666666667,0.0,0.0,0.0,0.0,0.0,0.0,payment
2026-07-22 02:42:31,0.07931566666666667,0.0,0.0,0.0,0.0,0.0,0.0,payment
2026-07-22 02:47:31,0.07931566666666667,0.0,0.0,0.0,0.0,0.0,0.0,payment
2026-07-22 02:52:31,0.07931566666666667,0.0,0.0,0.0,0.0,0.0,0.0,payment
2026-07-22 02:57:31,0.07931566666666667,0.0,0.0,0.0,0.0,0.0,0.0,payment
2026-07-22 03:02:31,0.07931566666666667,0.0,0.0,0.0,0.0,0.0,0.0,payment
2026-07-22 03:07:31,0.07931566666666667,0.0,0.0,0.0,0.0,0.0,0.0,payment
2026-07-22 03:12:31,0.07931566666666667,0.0,0.0,0.0,0.0,0.0,0.0,payment
2026-07-22 03:17:31,0.07931566666666667,0.0,0.0,0.0,0.0,0.0,0.0,payment
2026-07-22 03:22:31,0.07931566666666667,0.0,0.0,0.0,0.0,0.0,0.0,payment
2026-07-22 03:27:31,0.07931566666666667,0.0,0.0,0.0,0.0,0.0,0.0,payment
2026-07-22 03:32:31,0.07931566666666667,0.0,0.0,0.0,0.0,0.0,0.0,payment
2026-07-22 03:37:31,0.07931566666666667,0.0,0.0,0.0,0.0,0.0,0.0,payment
2026-07-22 03:42:31,0.07931566666666667,0.0,0.0,0.0,0.0,0.0,0.0,payment
2026-07-22 03:47:31,0.07931566666666667,0.0,0.0,0.0,0.0,0.0,0.0,payment
2026-07-22 03:52:31,0.07931566666666667,0.0,0.0,0.0,0.0,0.0,0.0,payment
2026-07-22 03:57:31,0.07931566666666667,0.0,0.0,0.0,0.0,0.0,0.0,payment
2026-07-22 04:02:31,0.07931566666666667,0.0,0.0,0.0,0.0,0.0,0.0,payment
2026-07-22 04:07:31,0.07931566666666667,0.0,0.0,0.0,0.0,0.0,0.0,payment
2026-07-22 04:12:31,0.07931566666666667,0.0,0.0,0.0,0.0,0.0,0.0,payment
2026-07-22 04:17:31,0.07931566666666667,0.0,0.0,0.0,0.0,0.0,0.0,payment
2026-07-22 04:22:31,0.07931566666666667,0.0,0.0,0.0,0.0,0.0,0.0,payment
2026-07-22 04:27:31,0.07931566666666667,0.0,0.0,0.0,0.0,0.0,0.0,payment
2026-07-22 04:32:31,0.07931566666666667,0.0,0.0,0.0,0.0,0.0,0.0,payment
2026-07-22 04:37:31,0.07931566666666667,0.0,0.0,0.0,0.0,0.0,0.0,payment
2026-07-22 04:42:31,0.07931566666666667,0.0,0.0,0.0,0.0,0.0,0.0,payment
2026-07-22 04:47:31,0.07931566666666667,0.0,0.0,0.0,0.0,0.0,0.0,payment
2026-07-22 04:52:31,0.07931566666666667,0.0,0.0,0.0,0.0,0.0,0.0,payment
2026-07-22 04:57:31,0.07931566666666667,0.0,0.0,0.0,0.0,0.0,0.0,payment
2026-07-22 05:02:31,0.07931566666666667,0.0,0.0,0.0,0.0,0.0,0.0,payment
2026-07-22 05:07:31,0.07931566666666667,0.0,0.0,0.0,0.0,0.0,0.0,payment
2026-07-22 05:12:31,0.07931566666666667,0.0,0.0,0.0,0.0,0.0,0.0,payment
2026-07-22 05:17:31,0.07931566666666667,0.0,0.0,0.0,0.0,0.0,0.0,payment
2026-07-22 05:22:31,0.07931566666666667,0.0,0.0,0.0,0.0,0.0,0.0,payment
2026-07-22 05:27:31,0.07931566666666667,0.0,0.0,0.0,0.0,0.0,0.0,payment
2026-07-22 05:32:31,0.07931566666666667,0.0,0.0,0.0,0.0,0.0,0.0,payment
2026-07-22 05:37:31,0.07931566666666667,0.0,0.0,0.0,0.0,0.0,0.0,payment
2026-07-22 05:42:31,0.07931566666666667,0.0,0.0,0.0,0.0,0.0,0.0,payment
2026-07-22 05:47:31,0.07931566666666667,0.0,0.0,0.0,0.0,0.0,0.0,payment
2026-07-22 05:52:31,0.07931566666666667,0.0,0.0,0.0,0.0,0.0,0.0,payment
2026-07-22 05:57:31,0.07931566666666667,0.0,0.0,0.0,0.0,0.0,0.0,payment
2026-07-22 06:02:31,0.07931566666666667,0.0,0.0,0.0,0.0,0.0,0.0,payment
2026-07-22 06:07:31,0.07931566666666667,0.0,0.0,0.0,0.0,0.0,0.0,payment
2026-07-22 06:12:31,0.07931566666666667,0.0,0.0,0.0,0.0,0.0,0.0,payment
2026-07-22 06:17:31,0.07931566666666667,0.0,0.0,0.0,0.0,0.0,0.0,payment
2026-07-22 06:22:31,0.07931566666666667,0.0,0.0,0.0,0.0,0.0,0.0,payment
2026-07-22 06:27:31,0.07931566666666667,0.0,0.0,0.0,0.0,0.0,0.0,payment
2026-07-22 06:32:31,0.07931566666666667,0.0,0.0,0.0,0.0,0.0,0.0,payment
2026-07-22 06:37:31,0.07931566666666667,0.0,0.0,0.0,0.0,0.0,0.0,payment
2026-07-22 06:42:31,0.07931566666666667,0.0,0.0,0.0,0.0,0.0,0.0,payment
2026-07-22 06:47:31,0.07931566666666667,0.0,0.0,0.0,0.0,0.0,0.0,payment
2026-07-22 06:52:31,0.07931566666666667,0.0,0.0,0.0,0.0,0.0,0.0,payment
2026-07-22 06:57:31,0.07931566666666667,0.0,0.0,0.0,0.0,0.0,0.0,payment
2026-07-22 07:02:31,0.07931566666666667,0.0,0.0,0.0,0.0,0.0,0.0,payment
2026-07-22 07:07:31,0.07931566666666667,0.0,0.0,0.0,0.0,0.0,0.0,payment
2026-07-22 07:12:31,0.07931566666666667,0.0,0.0,0.0,0.0,0.0,0.0,payment
2026-07-22 07:17:31,0.07931566666666667,0.0,0.0,0.0,0.0,0.0,0.0,payment
2026-07-22 07:22:31,0.07931566666666667,0.0,0.0,0.0,0.0,0.0,0.0,payment
2026-07-22 07:27:31,0.07931566666666667,0.0,0.0,0.0,0.0,0.0,0.0,payment
2026-07-22 07:32:31,0.07931566666666667,0.0,0.0,0.0,0.0,0.0,0.0,payment
2026-07-22 07:37:31,0.07931566666666667,0.0,0.0,0.0,0.0,0.0,0.0,payment
2026-07-22 07:42:31,0.07931566666666667,0.0,0.0,0.0,0.0,0.0,0.0,payment
2026-07-22 07:47:31,0.07931566666666667,0.0,0.0,0.0,0.0,0.0,0.0,payment
2026-07-22 07:52:31,0.07931566666666667,0.0,0.0,0.0,0.0,0.0,0.0,payment
2026-07-22 07:57:31,0.07931566666666667,0.0,0.0,0.0,0.0,0.0,0.0,payment
2026-07-22 08:02:31,0.07931566666666667,0.0,0.0,0.0,0.0,0.0,0.0,payment
2026-07-22 08:07:31,0.07931566666666667,0.0,0.0,0.0,0.0,0.0,0.0,payment
2026-07-22 08:12:31,0.07931566666666667,0.0,0.0,0.0,0.0,0.0,0.0,payment
2026-07-22 08:17:31,0.07931566666666667,0.0,0.0,0.0,0.0,0.0,0.0,payment
2026-07-22 08:22:31,0.07931566666666667,0.0,0.0,0.0,0.0,0.0,0.0,payment
2026-07-22 08:27:31,0.07931566666666667,0.0,0.0,0.0,0.0,0.0,0.0,payment
2026-07-22 08:32:31,0.07931566666666667,0.0,0.0,0.0,0.0,0.0,0.0,payment
2026-07-22 08:37:31,0.07931566666666667,0.0,0.0,0.0,0.0,0.0,0.0,payment
2026-07-22 08:42:31,0.07931566666666667,0.0,0.0,0.0,0.0,0.0,0.0,payment
2026-07-22 08:47:31,0.07931566666666667,0.0,0.0,0.0,0.0,0.0,0.0,payment
2026-07-22 08:52:31,0.07931566666666667,0.0,0.0,0.0,0.0,0.0,0.0,payment
2026-07-22 08:57:31,0.07931566666666667,0.0,0.0,0.0,0.0,0.0,0.0,payment
2026-07-22 09:02:31,0.07931566666666667,0.0,0.0,0.0,0.0,0.0,0.0,payment
2026-07-22 09:07:31,0.07931566666666667,0.0,0.0,0.0,0.0,0.0,0.0,payment
2026-07-22 09:12:31,0.07931566666666667,0.0,0.0,0.0,0.0,0.0,0.0,payment
2026-07-22 09:17:31,0.07931566666666667,0.0,0.0,0.0,0.0,0.0,0.0,payment
2026-07-22 09:22:31,0.07931566666666667,0.0,0.0,0.0,0.0,0.0,0.0,payment
2026-07-22 09:27:31,0.07931566666666667,0.0,0.0,0.0,0.0,0.0,0.0,payment
2026-07-22 09:32:31,0.07931566666666667,0.0,0.0,0.0,0.0,0.0,0.0,payment
2026-07-22 09:37:31,0.07931566666666667,0.0,0.0,0.0,0.0,0.0,0.0,payment
2026-07-22 09:42:31,0.07931566666666667,0.0,0.0,0.0,0.0,0.0,0.0,payment
2026-07-22 09:47:31,0.07931566666666667,0.0,0.0,0.0,0.0,0.0,0.0,payment
2026-07-22 09:52:31,0.07931566666666667,0.0,0.0,0.0,0.0,0.0,0.0,payment
2026-07-22 09:57:31,0.07931566666666667,0.0,0.0,0.0,0.0,0.0,0.0,payment
2026-07-22 10:02:31,0.07931566666666667,0.0,0.0,0.0,0.0,0.0,0.0,payment
2026-07-22 10:07:31,0.07931566666666667,0.0,0.0,0.0,0.0,0.0,0.0,payment
2026-07-22 10:12:31,0.07931566666666667,0.0,0.0,0.0,0.0,0.0,0.0,payment
2026-07-22 10:17:31,0.07931566666666667,0.0,0.0,0.0,0.0,0.0,0.0,payment
2026-07-22 10:22:31,0.07931566666666667,0.0,0.0,0.0,0.0,0.0,0.0,payment
2026-07-22 10:27:31,0.07931566666666667,0.0,0.0,0.0,0.0,0.0,0.0,payment
2026-07-22 10:32:31,0.07931566666666667,0.0,0.0,0.0,0.0,0.0,0.0,payment
2026-07-22 10:37:31,0.07931566666666667,0.0,0.0,0.0,0.0,0.0,0.0,payment
2026-07-22 10:42:31,0.07931566666666667,0.0,0.0,0.0,0.0,0.0,0.0,payment
2026-07-22 10:47:31,0.07931566666666667,0.0,0.0,0.0,0.0,0.0,0.0,payment
2026-07-22 10:52:31,0.07931566666666667,0.0,0.0,0.0,0.0,0.0,0.0,payment
2026-07-22 10:57:31,0.07931566666666667,0.0,0.0,0.0,0.0,0.0,0.0,payment
2026-07-22 11:02:31,0.07931566666666667,0.0,0.0,0.0,0.0,0.0,0.0,payment
2026-07-22 11:07:31,0.07931566666666667,0.0,0.0,0.0,0.0,0.0,0.0,payment
2026-07-22 11:12:31,0.07931566666666667,0.0,0.0,0.0,0.0,0.0,0.0,payment
2026-07-22 11:17:31,0.07931566666666667,0.0,0.0,0.0,0.0,0.0,0.0,payment
2026-07-22 11:22:31,0.07931566666666667,0.0,0.0,0.0,0.0,0.0,0.0,payment
2026-07-22 11:27:31,0.07931566666666667,0.0,0.0,0.0,0.0,0.0,0.0,payment
2026-07-22 11:32:31,0.07931566666666667,0.0,0.0,0.0,0.0,0.0,0.0,payment
2026-07-22 11:37:31,0.07931566666666667,0.0,0.0,0.0,0.0,0.0,0.0,payment
2026-07-22 11:42:31,0.07931566666666667,0.0,0.0,0.0,0.0,0.0,0.0,payment
2026-07-22 11:47:31,0.07931566666666667,0.0,0.0,0.0,0.0,0.0,0.0,payment
2026-07-22 11:52:31,0.07931566666666667,0.0,0.0,0.0,0.0,0.0,0.0,payment
2026-07-22 11:57:31,0.07931566666666667,0.0,0.0,0.0,0.0,0.0,0.0,payment
2026-07-22 12:02:31,0.07931566666666667,0.0,0.0,0.0,0.0,0.0,0.0,payment
2026-07-22 12:07:31,0.07931566666666667,0.0,0.0,0.0,0.0,0.0,0.0,payment
2026-07-22 12:12:31,0.07931566666666667,0.0,0.0,0.0,0.0,0.0,0.0,payment
2026-07-22 12:17:31,0.07931566666666667,0.0,0.0,0.0,0.0,0.0,0.0,payment
2026-07-22 12:22:31,0.07931566666666667,0.0,0.0,0.0,0.0,0.0,0.0,payment
2026-07-22 12:27:31,0.07931566666666667,0.0,0.0,0.0,0.0,0.0,0.0,payment
2026-07-22 12:32:31,0.07931566666666667,0.0,0.0,0.0,0.0,0.0,0.0,payment
2026-07-22 12:37:31,0.07931566666666667,0.0,0.0,0.0,0.0,0.0,0.0,payment
2026-07-22 12:42:31,0.07931566666666667,0.0,0.0,0.0,0.0,0.0,0.0,payment
2026-07-22 12:47:31,0.07931566666666667,0.0,0.0,0.0,0.0,0.0,0.0,payment
2026-07-22 12:52:31,0.07931566666666667,0.0,0.0,0.0,0.0,0.0,0.0,payment
2026-07-22 12:57:31,0.07931566666666667,0.0,0.0,0.0,0.0,0.0,0.0,payment
2026-07-22 13:02:31,0.07931566666666667,0.0,0.0,0.0,0.0,0.0,0.0,payment
2026-07-22 13:07:31,0.07931566666666667,0.0,0.0,0.0,0.0,0.0,0.0,payment
2026-07-22 13:12:31,0.07931566666666667,0.0,0.0,0.0,0.0,0.0,0.0,payment
2026-07-22 13:17:31,0.07931566666666667,0.0,0.0,0.0,0.0,0.0,0.0,payment
2026-07-22 13:22:31,0.07931566666666667,0.0,0.0,0.0,0.0,0.0,0.0,payment
2026-07-22 13:27:31,0.07931566666666667,0.0,0.0,0.0,0.0,0.0,0.0,payment
2026-07-22 13:32:31,0.07931566666666667,0.0,0.0,0.0,0.0,0.0,0.0,payment
2026-07-22 13:37:31,0.07931566666666667,0.0,0.0,0.0,0.0,0.0,0.0,payment
2026-07-22 13:42:31,0.07931566666666667,0.0,0.0,0.0,0.0,0.0,0.0,payment
2026-07-22 13:47:31,0.07931566666666667,0.0,0.0,0.0,0.0,0.0,0.0,payment
2026-07-22 13:52:31,0.07931566666666667,0.0,0.0,0.0,0.0,0.0,0.0,payment
2026-07-22 13:57:31,0.07931566666666667,0.0,0.0,0.0,0.0,0.0,0.0,payment
2026-07-22 14:02:31,0.07931566666666667,0.0,0.0,0.0,0.0,0.0,0.0,payment
2026-07-22 14:07:31,0.07931566666666667,0.0,0.0,0.0,0.0,0.0,0.0,payment
2026-07-22 14:12:31,0.07931566666666667,0.0,0.0,0.0,0.0,0.0,0.0,payment
2026-07-22 14:17:31,0.07931566666666667,0.0,0.0,0.0,0.0,0.0,0.0,payment
2026-07-22 14:22:31,0.07931566666666667,0.0,0.0,0.0,0.0,0.0,0.0,payment
2026-07-22 14:27:31,0.07931566666666667,0.0,0.0,0.0,0.0,0.0,0.0,payment
2026-07-22 14:32:31,0.07931566666666667,0.0,0.0,0.0,0.0,0.0,0.0,payment
2026-07-22 14:37:31,0.07931566666666667,0.0,0.0,0.0,0.0,0.0,0.0,payment
2026-07-22 14:42:31,0.07931566666666667,0.0,0.0,0.0,0.0,0.0,0.0,payment
2026-07-22 14:47:31,0.07931566666666667,0.0,0.0,0.0,0.0,0.0,0.0,payment
2026-07-22 14:52:31,0.07931566666666667,0.0,0.0,0.0,0.0,0.0,0.0,payment
2026-07-22 14:57:31,0.07931566666666667,0.0,0.0,0.0,0.0,0.0,0.0,payment
2026-07-22 15:02:31,0.07931566666666667,0.0,0.0,0.0,0.0,0.0,0.0,payment
2026-07-22 15:07:31,0.07931566666666667,0.0,0.0,0.0,0.0,0.0,0.0,payment
2026-07-22 15:12:31,0.07931566666666667,0.0,0.0,0.0,0.0,0.0,0.0,payment
2026-07-22 15:17:31,0.07931566666666667,0.0,0.0,0.0,0.0,0.0,0.0,payment
2026-07-22 15:22:31,0.07931566666666667,0.0,0.0,0.0,0.0,0.0,0.0,payment
2026-07-22 15:27:31,0.07931566666666667,0.0,0.0,0.0,0.0,0.0,0.0,payment
2026-07-22 15:32:31,0.07931566666666667,0.0,0.0,0.0,0.0,0.0,0.0,payment
2026-07-22 15:37:31,0.07931566666666667,0.0,0.0,0.0,0.0,0.0,0.0,payment
2026-07-22 15:42:31,0.07931566666666667,0.0,0.0,0.0,0.0,0.0,0.0,payment
2026-07-22 15:47:31,0.07931566666666667,0.0,0.0,0.0,0.0,0.0,0.0,payment
2026-07-22 15:52:31,0.07931566666666667,0.0,0.0,0.0,0.0,0.0,0.0,payment
2026-07-22 15:57:31,0.07931566666666667,0.0,0.0,0.0,0.0,0.0,0.0,payment
2026-07-22 16:02:31,0.07931566666666667,0.0,0.0,0.0,0.0,0.0,0.0,payment
2026-07-22 16:07:31,0.07931566666666667,0.0,0.0,0.0,0.0,0.0,0.0,payment
2026-07-22 16:12:31,0.07931566666666667,0.0,0.0,0.0,0.0,0.0,0.0,payment
2026-07-22 16:17:31,0.07931566666666667,0.0,0.0,0.0,0.0,0.0,0.0,payment
2026-07-22 16:22:31,0.07931566666666667,0.0,0.0,0.0,0.0,0.0,0.0,payment
2026-07-22 16:27:31,0.07931566666666667,0.0,0.0,0.0,0.0,0.0,0.0,payment
2026-07-22 16:32:31,0.07931566666666667,0.0,0.0,0.0,0.0,0.0,0.0,payment
2026-07-22 16:37:31,0.07931566666666667,0.0,0.0,0.0,0.0,0.0,0.0,payment
2026-07-22 16:42:31,0.07931566666666667,0.0,0.0,0.0,0.0,0.0,0.0,payment
2026-07-22 16:47:31,0.07931566666666667,0.0,0.0,0.0,0.0,0.0,0.0,payment
2026-07-22 16:52:31,0.07931566666666667,0.0,0.0,0.0,0.0,0.0,0.0,payment
2026-07-22 16:57:31,0.07931566666666667,0.0,0.0,0.0,0.0,0.0,0.0,payment
2026-07-22 17:02:31,0.07931566666666667,0.0,0.0,0.0,0.0,0.0,0.0,payment
2026-07-22 17:07:31,0.07931566666666667,0.0,0.0,0.0,0.0,0.0,0.0,payment
2026-07-22 17:12:31,0.07931566666666667,0.0,0.0,0.0,0.0,0.0,0.0,payment
2026-07-22 17:17:31,0.07931566666666667,0.0,0.0,0.0,0.0,0.0,0.0,payment
2026-07-22 17:22:31,0.07931566666666667,0.0,0.0,0.0,0.0,0.0,0.0,payment
2026-07-22 17:27:31,0.07931566666666667,0.0,0.0,0.0,0.0,0.0,0.0,payment
2026-07-22 17:32:31,0.07931566666666667,0.0,0.0,0.0,0.0,0.0,0.0,payment
2026-07-22 17:37:31,0.07931566666666667,0.0,0.0,0.0,0.0,0.0,0.0,payment
2026-07-22 17:42:31,0.07931566666666667,0.0,0.0,0.0,0.0,0.0,0.0,payment
2026-07-22 17:47:31,0.07931566666666667,0.0,0.0,0.0,0.0,0.0,0.0,payment
2026-07-22 17:52:31,0.07931566666666667,0.0,0.0,0.0,0.0,0.0,0.0,payment
2026-07-22 17:57:31,0.07931566666666667,0.0,0.0,0.0,0.0,0.0,0.0,payment
2026-07-22 18:02:31,0.07931566666666667,0.0,0.0,0.0,0.0,0.0,0.0,payment
2026-07-22 18:07:31,0.07931566666666667,0.0,0.0,0.0,0.0,0.0,0.0,payment
2026-07-22 18:12:31,0.07931566666666667,0.0,0.0,0.0,0.0,0.0,0.0,payment
2026-07-22 18:17:31,0.07931566666666667,0.0,0.0,0.0,0.0,0.0,0.0,payment
2026-07-22 18:22:31,0.07931566666666667,0.0,0.0,0.0,0.0,0.0,0.0,payment
2026-07-22 18:27:31,0.07931566666666667,0.0,0.0,0.0,0.0,0.0,0.0,payment
2026-07-22 18:32:31,0.07931566666666667,0.0,0.0,0.0,0.0,0.0,0.0,payment
2026-07-22 18:37:31,0.07931566666666667,0.0,0.0,0.0,0.0,0.0,0.0,payment
2026-07-22 18:42:31,0.07931566666666667,0.0,0.0,0.0,0.0,0.0,0.0,payment
2026-07-22 18:47:31,0.07931566666666667,0.0,0.0,0.0,0.0,0.0,0.0,payment
2026-07-22 18:52:31,0.07931566666666667,0.0,0.0,0.0,0.0,0.0,0.0,payment
2026-07-22 18:57:31,0.07931566666666667,0.0,0.0,0.0,0.0,0.0,0.0,payment
2026-07-22 19:02:31,0.07931566666666667,0.0,0.0,0.0,0.0,0.0,0.0,payment
2026-07-22 19:07:31,0.07931566666666667,0.0,0.0,0.0,0.0,0.0,0.0,payment
2026-07-22 19:12:31,0.07931566666666667,0.0,0.0,0.0,0.0,0.0,0.0,payment
2026-07-22 19:17:31,0.07931566666666667,0.0,0.0,0.0,0.0,0.0,0.0,payment
2026-07-22 19:22:31,0.07931566666666667,0.0,0.0,0.0,0.0,0.0,0.0,payment
2026-07-22 19:27:31,0.07931566666666667,0.0,0.0,0.0,0.0,0.0,0.0,payment
2026-07-22 19:32:31,0.07931566666666667,0.0,0.0,0.0,0.0,0.0,0.0,payment
2026-07-22 19:37:31,0.07931566666666667,0.0,0.0,0.0,0.0,0.0,0.0,payment
2026-07-22 19:42:31,0.07931566666666667,0.0,0.0,0.0,0.0,0.0,0.0,payment
2026-07-22 19:47:31,0.07931566666666667,0.0,0.0,0.0,0.0,0.0,0.0,payment
2026-07-22 19:52:31,0.07931566666666667,0.0,0.0,0.0,0.0,0.0,0.0,payment
2026-07-22 19:57:31,0.07931566666666667,0.0,0.0,0.0,0.0,0.0,0.0,payment
2026-07-22 20:02:31,0.07931566666666667,0.0,0.0,0.0,0.0,0.0,0.0,payment
2026-07-22 20:07:31,0.07931566666666667,0.0,0.0,0.0,0.0,0.0,0.0,payment
2026-07-22 20:12:31,0.07931566666666667,0.0,0.0,0.0,0.0,0.0,0.0,payment
2026-07-22 20:17:31,0.07931566666666667,0.0,0.0,0.0,0.0,0.0,0.0,payment
2026-07-22 20:22:31,0.07931566666666667,0.0,0.0,0.0,0.0,0.0,0.0,payment
2026-07-22 20:27:31,0.07931566666666667,0.0,0.0,0.0,0.0,0.0,0.0,payment
2026-07-22 20:32:31,0.07931566666666667,0.0,0.0,0.0,0.0,0.0,0.0,payment
2026-07-22 20:37:31,0.07931566666666667,0.0,0.0,0.0,0.0,0.0,0.0,payment
2026-07-22 20:42:31,0.07931566666666667,0.0,0.0,0.0,0.0,0.0,0.0,payment
2026-07-22 20:47:31,0.07931566666666667,0.0,0.0,0.0,0.0,0.0,0.0,payment
2026-07-22 20:52:31,0.07931566666666667,0.0,0.0,0.0,0.0,0.0,0.0,payment
2026-07-22 20:57:31,0.07931566666666667,0.0,0.0,0.0,0.0,0.0,0.0,payment
2026-07-22 21:02:31,0.07931566666666667,0.0,0.0,0.0,0.0,0.0,0.0,payment
2026-07-22 21:07:31,0.07931566666666667,0.0,0.0,0.0,0.0,0.0,0.0,payment
2026-07-22 21:12:31,0.07931566666666667,0.0,0.0,0.0,0.0,0.0,0.0,payment
2026-07-22 21:17:31,0.07931566666666667,0.0,0.0,0.0,0.0,0.0,0.0,payment
2026-07-22 21:22:31,0.07931566666666667,0.0,0.0,0.0,0.0,0.0,0.0,payment
2026-07-22 21:27:31,0.07931566666666667,0.0,0.0,0.0,0.0,0.0,0.0,payment
2026-07-22 21:32:31,0.07931566666666667,0.0,0.0,0.0,0.0,0.0,0.0,payment
2026-07-22 21:37:31,0.07931566666666667,0.0,0.0,0.0,0.0,0.0,0.0,payment
2026-07-22 21:42:31,0.07931566666666667,0.0,0.0,0.0,0.0,0.0,0.0,payment
2026-07-22 21:47:31,0.07931566666666667,0.0,0.0,0.0,0.0,0.0,0.0,payment
2026-07-22 21:52:31,0.07931566666666667,0.0,0.0,0.0,0.0,0.0,0.0,payment
2026-07-22 21:57:31,0.07931566666666667,0.0,0.0,0.0,0.0,0.0,0.0,payment
2026-07-22 22:02:31,0.07931566666666667,0.0,0.0,0.0,0.0,0.0,0.0,payment
2026-07-22 22:07:31,0.07931566666666667,0.0,0.0,0.0,0.0,0.0,0.0,payment
2026-07-22 22:12:31,0.07931566666666667,0.0,0.0,0.0,0.0,0.0,0.0,payment
2026-07-22 22:17:31,0.07931566666666667,0.0,0.0,0.0,0.0,0.0,0.0,payment
2026-07-22 22:22:31,0.07931566666666667,0.0,0.0,0.0,0.0,0.0,0.0,payment
2026-07-22 22:27:31,0.07931566666666667,0.0,0.0,0.0,0.0,0.0,0.0,payment
2026-07-22 22:32:31,0.07931566666666667,0.0,0.0,0.0,0.0,0.0,0.0,payment
2026-07-22 22:37:31,0.07931566666666667,0.0,0.0,0.0,0.0,0.0,0.0,payment
2026-07-22 22:42:31,0.07931566666666667,0.0,0.0,0.0,0.0,0.0,0.0,payment
2026-07-22 22:47:31,0.07931566666666667,0.0,0.0,0.0,0.0,0.0,0.0,payment
2026-07-22 22:52:31,0.07931566666666667,0.0,0.0,0.0,0.0,0.0,0.0,payment
2026-07-22 22:57:31,0.07931566666666667,0.0,0.0,0.0,0.0,0.0,0.0,payment
2026-07-22 23:02:31,0.07931566666666667,0.0,0.0,0.0,0.0,0.0,0.0,payment
2026-07-22 23:07:31,0.07931566666666667,0.0,0.0,0.0,0.0,0.0,0.0,payment
2026-07-22 23:12:31,0.07931566666666667,0.0,0.0,0.0,0.0,0.0,0.0,payment
2026-07-22 23:17:31,0.07931566666666667,0.0,0.0,0.0,0.0,0.0,0.0,payment
2026-07-22 23:22:31,0.07931566666666667,0.0,0.0,0.0,0.0,0.0,0.0,payment
2026-07-22 23:27:31,0.07931566666666667,0.0,0.0,0.0,0.0,0.0,0.0,payment
2026-07-22 23:32:31,0.07931566666666667,0.0,0.0,0.0,0.0,0.0,0.0,payment
2026-07-22 23:37:31,0.07931566666666667,0.0,0.0,0.0,0.0,0.0,0.0,payment
2026-07-22 23:42:31,0.07931566666666667,0.0,0.0,0.0,0.0,0.0,0.0,payment
2026-07-22 23:47:31,0.07931566666666667,0.0,0.0,0.0,0.0,0.0,0.0,payment
2026-07-22 23:52:31,0.07931566666666667,0.0,0.0,0.0,0.0,0.0,0.0,payment
2026-07-22 23:57:31,0.07931566666666667,0.0,0.0,0.0,0.0,0.0,0.0,payment
2026-07-23 00:02:31,0.07931566666666667,0.0,0.0,0.0,0.0,0.0,0.0,payment
2026-07-23 00:07:31,0.07931566666666667,0.0,0.0,0.0,0.0,0.0,0.0,payment
2026-07-23 00:12:31,0.07931566666666667,0.0,0.0,0.0,0.0,0.0,0.0,payment
2026-07-23 00:17:31,0.07931566666666667,0.0,0.0,0.0,0.0,0.0,0.0,payment
2026-07-23 00:22:31,0.07931566666666667,0.0,0.0,0.0,0.0,0.0,0.0,payment
2026-07-23 00:27:31,0.07931566666666667,0.0,0.0,0.0,0.0,0.0,0.0,payment
2026-07-23 00:32:31,0.07931566666666667,0.0,0.0,0.0,0.0,0.0,0.0,payment
2026-07-23 00:37:31,0.07931566666666667,0.0,0.0,0.0,0.0,0.0,0.0,payment
2026-07-23 00:42:31,0.07931566666666667,0.0,0.0,0.0,0.0,0.0,0.0,payment
2026-07-23 00:47:31,0.07931566666666667,0.0,0.0,0.0,0.0,0.0,0.0,payment
2026-07-23 00:52:31,0.07931566666666667,0.0,0.0,0.0,0.0,0.0,0.0,payment
2026-07-23 00:57:31,0.07931566666666667,0.0,0.0,0.0,0.0,0.0,0.0,payment
2026-07-23 01:02:31,0.07931566666666667,0.0,0.0,0.0,0.0,0.0,0.0,payment
2026-07-23 01:07:31,0.07931566666666667,0.0,0.0,0.0,0.0,0.0,0.0,payment
2026-07-23 01:12:31,0.07931566666666667,0.0,0.0,0.0,0.0,0.0,0.0,payment
2026-07-23 01:17:31,0.07931566666666667,0.0,0.0,0.0,0.0,0.0,0.0,payment
2026-07-23 01:22:31,0.07931566666666667,0.0,0.0,0.0,0.0,0.0,0.0,payment
2026-07-23 01:27:31,0.07931566666666667,0.0,0.0,0.0,0.0,0.0,0.0,payment
2026-07-23 01:32:31,0.07931566666666667,0.0,0.0,0.0,0.0,0.0,0.0,payment
2026-07-23 01:37:31,0.07931566666666667,0.0,0.0,0.0,0.0,0.0,0.0,payment
2026-07-23 01:42:31,0.07931566666666667,0.0,0.0,0.0,0.0,0.0,0.0,payment
2026-07-23 01:47:31,0.07931566666666667,0.0,0.0,0.0,0.0,0.0,0.0,payment
2026-07-23 01:52:31,0.07931566666666667,0.0,0.0,0.0,0.0,0.0,0.0,payment
2026-07-23 01:57:31,0.07931566666666667,0.0,0.0,0.0,0.0,0.0,0.0,payment
2026-07-23 02:02:31,0.07931566666666667,0.0,0.0,0.0,0.0,0.0,0.0,payment
2026-07-23 02:07:31,0.07931566666666667,0.0,0.0,0.0,0.0,0.0,0.0,payment
2026-07-23 02:12:31,0.07931566666666667,0.0,0.0,0.0,0.0,0.0,0.0,payment
2026-07-23 02:17:31,0.07931566666666667,0.0,0.0,0.0,0.0,0.0,0.0,payment
2026-07-23 02:22:31,0.07931566666666667,0.0,0.0,0.0,0.0,0.0,0.0,payment
2026-07-23 02:27:31,0.07931566666666667,0.0,0.0,0.0,0.0,0.0,0.0,payment
2026-07-23 02:32:31,0.07931566666666667,0.0,0.0,0.0,0.0,0.0,0.0,payment
2026-07-23 02:37:31,0.07931566666666667,0.0,0.0,0.0,0.0,0.0,0.0,payment
2026-07-23 02:42:31,0.07931566666666667,0.0,0.0,0.0,0.0,0.0,0.0,payment
2026-07-23 02:47:31,0.07931566666666667,0.0,0.0,0.0,0.0,0.0,0.0,payment
2026-07-23 02:52:31,0.07931566666666667,0.0,0.0,0.0,0.0,0.0,0.0,payment
2026-07-23 02:57:31,0.07931566666666667,0.0,0.0,0.0,0.0,0.0,0.0,payment
2026-07-23 03:02:31,0.07931566666666667,0.0,0.0,0.0,0.0,0.0,0.0,payment
2026-07-23 03:07:31,0.07931566666666667,0.0,0.0,0.0,0.0,0.0,0.0,payment
2026-07-23 03:12:31,0.07931566666666667,0.0,0.0,0.0,0.0,0.0,0.0,payment
2026-07-23 03:17:31,0.07931566666666667,0.0,0.0,0.0,0.0,0.0,0.0,payment
2026-07-23 03:22:31,0.07931566666666667,0.0,0.0,0.0,0.0,0.0,0.0,payment
2026-07-23 03:27:31,0.07931566666666667,0.0,0.0,0.0,0.0,0.0,0.0,payment
2026-07-23 03:32:31,0.07931566666666667,0.0,0.0,0.0,0.0,0.0,0.0,payment
2026-07-23 03:37:31,0.07931566666666667,0.0,0.0,0.0,0.0,0.0,0.0,payment
2026-07-23 03:42:31,0.07931566666666667,0.0,0.0,0.0,0.0,0.0,0.0,payment
2026-07-23 03:47:31,0.07931566666666667,0.0,0.0,0.0,0.0,0.0,0.0,payment
2026-07-23 03:52:31,0.07931566666666667,0.0,0.0,0.0,0.0,0.0,0.0,payment
2026-07-23 03:57:31,0.07931566666666667,0.0,0.0,0.0,0.0,0.0,0.0,payment
2026-07-23 04:02:31,0.07931566666666667,0.0,0.0,0.0,0.0,0.0,0.0,payment
2026-07-23 04:07:31,0.07931566666666667,0.0,0.0,0.0,0.0,0.0,0.0,payment
2026-07-23 04:12:31,0.07931566666666667,0.0,0.0,0.0,0.0,0.0,0.0,payment
2026-07-23 04:17:31,0.07931566666666667,0.0,0.0,0.0,0.0,0.0,0.0,payment
2026-07-23 04:22:31,0.07931566666666667,0.0,0.0,0.0,0.0,0.0,0.0,payment
2026-07-23 04:27:31,0.07931566666666667,0.0,0.0,0.0,0.0,0.0,0.0,payment
2026-07-23 04:32:31,0.07931566666666667,0.0,0.0,0.0,0.0,0.0,0.0,payment
2026-07-23 04:37:31,0.07931566666666667,0.0,0.0,0.0,0.0,0.0,0.0,payment
2026-07-23 04:42:31,0.07931566666666667,0.0,0.0,0.0,0.0,0.0,0.0,payment
2026-07-23 04:47:31,0.07931566666666667,0.0,0.0,0.0,0.0,0.0,0.0,payment
2026-07-23 04:52:31,0.07931566666666667,0.0,0.0,0.0,0.0,0.0,0.0,payment
2026-07-23 04:57:31,0.07931566666666667,0.0,0.0,0.0,0.0,0.0,0.0,payment
2026-07-23 05:02:31,0.07931566666666667,0.0,0.0,0.0,0.0,0.0,0.0,payment
2026-07-23 05:07:31,0.07931566666666667,0.0,0.0,0.0,0.0,0.0,0.0,payment
2026-07-23 05:12:31,0.07931566666666667,0.0,0.0,0.0,0.0,0.0,0.0,payment
2026-07-23 05:17:31,0.07931566666666667,0.0,0.0,0.0,0.0,0.0,0.0,payment
2026-07-23 05:22:31,0.07931566666666667,0.0,0.0,0.0,0.0,0.0,0.0,payment
2026-07-23 05:27:31,0.07931566666666667,0.0,0.0,0.0,0.0,0.0,0.0,payment
2026-07-23 05:32:31,0.07931566666666667,0.0,0.0,0.0,0.0,0.0,0.0,payment
2026-07-23 05:37:31,0.07931566666666667,0.0,0.0,0.0,0.0,0.0,0.0,payment
2026-07-23 05:42:31,0.07931566666666667,0.0,0.0,0.0,0.0,0.0,0.0,payment
2026-07-23 05:47:31,0.07931566666666667,0.0,0.0,0.0,0.0,0.0,0.0,payment
2026-07-23 05:52:31,0.07931566666666667,0.0,0.0,0.0,0.0,0.0,0.0,payment
2026-07-23 05:57:31,0.07931566666666667,0.0,0.0,0.0,0.0,0.0,0.0,payment
2026-07-23 06:02:31,0.07931566666666667,0.0,0.0,0.0,0.0,0.0,0.0,payment
2026-07-23 06:07:31,0.07931566666666667,0.0,0.0,0.0,0.0,0.0,0.0,payment
2026-07-23 06:12:31,0.07931566666666667,0.0,0.0,0.0,0.0,0.0,0.0,payment
2026-07-23 06:17:31,0.07931566666666667,0.0,0.0,0.0,0.0,0.0,0.0,payment
2026-07-23 06:22:31,0.07931566666666667,0.0,0.0,0.0,0.0,0.0,0.0,payment
2026-07-23 06:27:31,0.07931566666666667,0.0,0.0,0.0,0.0,0.0,0.0,payment
2026-07-23 06:32:31,0.07931566666666667,0.0,0.0,0.0,0.0,0.0,0.0,payment
2026-07-23 06:37:31,0.07931566666666667,0.0,0.0,0.0,0.0,0.0,0.0,payment
2026-07-23 06:42:31,0.07931566666666667,0.0,0.0,0.0,0.0,0.0,0.0,payment
2026-07-23 06:47:31,0.07931566666666667,0.0,0.0,0.0,0.0,0.0,0.0,payment
2026-07-23 06:52:31,0.07931566666666667,0.0,0.0,0.0,0.0,0.0,0.0,payment
2026-07-23 06:57:31,0.07931566666666667,0.0,0.0,0.0,0.0,0.0,0.0,payment
2026-07-23 07:02:31,0.07931566666666667,0.0,0.0,0.0,0.0,0.0,0.0,payment
2026-07-23 07:07:31,0.07931566666666667,0.0,0.0,0.0,0.0,0.0,0.0,payment
2026-07-23 07:12:31,0.07931566666666667,0.0,0.0,0.0,0.0,0.0,0.0,payment
2026-07-23 07:17:31,0.07931566666666667,0.0,0.0,0.0,0.0,0.0,0.0,payment
2026-07-23 07:22:31,0.07931566666666667,0.0,0.0,0.0,0.0,0.0,0.0,payment
2026-07-23 07:27:31,0.07931566666666667,0.0,0.0,0.0,0.0,0.0,0.0,payment
2026-07-23 07:32:31,0.07931566666666667,0.0,0.0,0.0,0.0,0.0,0.0,payment
2026-07-23 07:37:31,0.07931566666666667,0.0,0.0,0.0,0.0,0.0,0.0,payment
2026-07-23 07:42:31,0.07931566666666667,0.0,0.0,0.0,0.0,0.0,0.0,payment
2026-07-23 07:47:31,0.07931566666666667,0.0,0.0,0.0,0.0,0.0,0.0,payment
2026-07-23 07:52:31,0.07931566666666667,0.0,0.0,0.0,0.0,0.0,0.0,payment
2026-07-23 07:57:31,0.07931566666666667,0.0,0.0,0.0,0.0,0.0,0.0,payment
2026-07-23 08:02:31,0.07931566666666667,0.0,0.0,0.0,0.0,0.0,0.0,payment
2026-07-23 08:07:31,0.07931566666666667,0.0,0.0,0.0,0.0,0.0,0.0,payment
2026-07-23 08:12:31,0.07931566666666667,0.0,0.0,0.0,0.0,0.0,0.0,payment
2026-07-23 08:17:31,0.07931566666666667,0.0,0.0,0.0,0.0,0.0,0.0,payment
2026-07-23 08:22:31,0.07931566666666667,0.0,0.0,0.0,0.0,0.0,0.0,payment
2026-07-23 08:27:31,0.07931566666666667,0.0,0.0,0.0,0.0,0.0,0.0,payment
2026-07-23 08:32:31,0.07931566666666667,0.0,0.0,0.0,0.0,0.0,0.0,payment
2026-07-23 08:37:31,0.07931566666666667,0.0,0.0,0.0,0.0,0.0,0.0,payment
2026-07-23 08:42:31,0.07931566666666667,0.0,0.0,0.0,0.0,0.0,0.0,payment
2026-07-23 08:47:31,0.07931566666666667,0.0,0.0,0.0,0.0,0.0,0.0,payment
2026-07-23 08:52:31,0.07931566666666667,0.0,0.0,0.0,0.0,0.0,0.0,payment
2026-07-23 08:57:31,0.07931566666666667,0.0,0.0,0.0,0.0,0.0,0.0,payment
2026-07-23 09:02:31,0.07931566666666667,0.0,0.0,0.0,0.0,0.0,0.0,payment
2026-07-23 09:07:31,0.07931566666666667,0.0,0.0,0.0,0.0,0.0,0.0,payment
2026-07-23 09:12:31,0.07931566666666667,0.0,0.0,0.0,0.0,0.0,0.0,payment
2026-07-23 09:17:31,0.07931566666666667,0.0,0.0,0.0,0.0,0.0,0.0,payment
2026-07-23 09:22:31,0.07931566666666667,0.0,0.0,0.0,0.0,0.0,0.0,payment
2026-07-23 09:27:31,0.07931566666666667,0.0,0.0,0.0,0.0,0.0,0.0,payment
2026-07-23 09:32:31,0.07931566666666667,0.0,0.0,0.0,0.0,0.0,0.0,payment
2026-07-23 09:37:31,0.07931566666666667,0.0,0.0,0.0,0.0,0.0,0.0,payment
2026-07-23 09:42:31,0.07931566666666667,0.0,0.0,0.0,0.0,0.0,0.0,payment
2026-07-23 09:47:31,0.07931566666666667,0.0,0.0,0.0,0.0,0.0,0.0,payment
2026-07-23 09:52:31,0.07931566666666667,0.0,0.0,0.0,0.0,0.0,0.0,payment
2026-07-23 09:57:31,0.07931566666666667,0.0,0.0,0.0,0.0,0.0,0.0,payment
2026-07-23 10:02:31,0.07931566666666667,0.0,0.0,0.0,0.0,0.0,0.0,payment
2026-07-23 10:07:31,0.07931566666666667,0.0,0.0,0.0,0.0,0.0,0.0,payment
2026-07-23 10:12:31,0.07931566666666667,0.0,0.0,0.0,0.0,0.0,0.0,payment
2026-07-23 10:17:31,0.07931566666666667,0.0,0.0,0.0,0.0,0.0,0.0,payment
2026-07-23 10:22:31,0.07931566666666667,0.0,0.0,0.0,0.0,0.0,0.0,payment
2026-07-23 10:27:31,0.07931566666666667,0.0,0.0,0.0,0.0,0.0,0.0,payment
2026-07-23 10:32:31,0.07931566666666667,0.0,0.0,0.0,0.0,0.0,0.0,payment
2026-07-23 10:37:31,0.07931566666666667,0.0,0.0,0.0,0.0,0.0,0.0,payment
2026-07-23 10:42:31,0.07931566666666667,0.0,0.0,0.0,0.0,0.0,0.0,payment
2026-07-23 10:47:31,0.07931566666666667,0.0,0.0,0.0,0.0,0.0,0.0,payment
2026-07-23 10:52:31,0.07931566666666667,0.0,0.0,0.0,0.0,0.0,0.0,payment
2026-07-23 10:57:31,0.07931566666666667,0.0,0.0,0.0,0.0,0.0,0.0,payment
2026-07-23 11:02:31,0.07931566666666667,0.0,0.0,0.0,0.0,0.0,0.0,payment
2026-07-23 11:07:31,0.07931566666666667,0.0,0.0,0.0,0.0,0.0,0.0,payment
2026-07-23 11:12:31,0.07931566666666667,0.0,0.0,0.0,0.0,0.0,0.0,payment
2026-07-23 11:17:31,0.07931566666666667,0.0,0.0,0.0,0.0,0.0,0.0,payment
2026-07-23 11:22:31,0.07931566666666667,0.0,0.0,0.0,0.0,0.0,0.0,payment
2026-07-23 11:27:31,0.07931566666666667,0.0,0.0,0.0,0.0,0.0,0.0,payment
2026-07-23 11:32:31,0.07931566666666667,0.0,0.0,0.0,0.0,0.0,0.0,payment
2026-07-23 11:37:31,0.07931566666666667,0.0,0.0,0.0,0.0,0.0,0.0,payment
2026-07-23 11:42:31,0.07931566666666667,0.0,0.0,0.0,0.0,0.0,0.0,payment
2026-07-23 11:47:31,0.07931566666666667,0.0,0.0,0.0,0.0,0.0,0.0,payment
2026-07-23 11:52:31,0.07931566666666667,0.0,0.0,0.0,0.0,0.0,0.0,payment
2026-07-23 11:57:31,0.07931566666666667,0.0,0.0,0.0,0.0,0.0,0.0,payment
2026-07-23 12:02:31,0.07931566666666667,0.0,0.0,0.0,0.0,0.0,0.0,payment
2026-07-23 12:07:31,0.07931566666666667,0.0,0.0,0.0,0.0,0.0,0.0,payment
2026-07-23 12:12:31,0.07931566666666667,0.0,0.0,0.0,0.0,0.0,0.0,payment
2026-07-23 12:17:31,0.07931566666666667,0.0,0.0,0.0,0.0,0.0,0.0,payment
2026-07-23 12:22:31,0.07931566666666667,0.0,0.0,0.0,0.0,0.0,0.0,payment
2026-07-23 12:27:31,0.07931566666666667,0.0,0.0,0.0,0.0,0.0,0.0,payment
2026-07-23 12:32:31,0.07931566666666667,0.0,0.0,0.0,0.0,0.0,0.0,payment
2026-07-23 12:37:31,0.07931566666666667,0.0,0.0,0.0,0.0,0.0,0.0,payment
2026-07-23 12:42:31,0.07931566666666667,0.0,0.0,0.0,0.0,0.0,0.0,payment
2026-07-23 12:47:31,0.07931566666666667,0.0,0.0,0.0,0.0,0.0,0.0,payment
2026-07-23 12:52:31,0.07931566666666667,0.0,0.0,0.0,0.0,0.0,0.0,payment
2026-07-23 12:57:31,0.07931566666666667,0.0,0.0,0.0,0.0,0.0,0.0,payment
2026-07-23 13:02:31,0.07931566666666667,0.0,0.0,0.0,0.0,0.0,0.0,payment
2026-07-23 13:07:31,0.07931566666666667,0.0,0.0,0.0,0.0,0.0,0.0,payment
2026-07-23 13:12:31,0.07931566666666667,0.0,0.0,0.0,0.0,0.0,0.0,payment
2026-07-23 13:17:31,0.07931566666666667,0.0,0.0,0.0,0.0,0.0,0.0,payment
2026-07-23 13:22:31,0.07931566666666667,0.0,0.0,0.0,0.0,0.0,0.0,payment
2026-07-23 13:27:31,0.07931566666666667,0.0,0.0,0.0,0.0,0.0,0.0,payment
2026-07-23 13:32:31,0.07931566666666667,0.0,0.0,0.0,0.0,0.0,0.0,payment
2026-07-23 13:37:31,0.07931566666666667,0.0,0.0,0.0,0.0,0.0,0.0,payment
2026-07-23 13:42:31,0.07931566666666667,0.0,0.0,0.0,0.0,0.0,0.0,payment
2026-07-23 13:47:31,0.07931566666666667,0.0,0.0,0.0,0.0,0.0,0.0,payment
2026-07-23 13:52:31,0.07931566666666667,0.0,0.0,0.0,0.0,0.0,0.0,payment
2026-07-23 13:57:31,0.07931566666666667,0.0,0.0,0.0,0.0,0.0,0.0,payment
2026-07-23 14:02:31,0.07931566666666667,0.0,0.0,0.0,0.0,0.0,0.0,payment
2026-07-23 14:07:31,0.07931566666666667,0.0,0.0,0.0,0.0,0.0,0.0,payment
2026-07-23 14:12:31,0.07931566666666667,0.0,0.0,0.0,0.0,0.0,0.0,payment
2026-07-23 14:17:31,0.07931566666666667,0.0,0.0,0.0,0.0,0.0,0.0,payment
2026-07-23 14:22:31,0.07931566666666667,0.0,0.0,0.0,0.0,0.0,0.0,payment
2026-07-23 14:27:31,0.07931566666666667,0.0,0.0,0.0,0.0,0.0,0.0,payment
2026-07-23 14:32:31,0.07931566666666667,0.0,0.0,0.0,0.0,0.0,0.0,payment
2026-07-23 14:37:31,0.07931566666666667,0.0,0.0,0.0,0.0,0.0,0.0,payment
2026-07-23 14:42:31,0.07931566666666667,0.0,0.0,0.0,0.0,0.0,0.0,payment
2026-07-23 14:47:31,0.07931566666666667,0.0,0.0,0.0,0.0,0.0,0.0,payment
2026-07-23 14:52:31,0.07931566666666667,0.0,0.0,0.0,0.0,0.0,0.0,payment
2026-07-23 14:57:31,0.07931566666666667,0.0,0.0,0.0,0.0,0.0,0.0,payment
2026-07-23 15:02:31,0.07931566666666667,0.0,0.0,0.0,0.0,0.0,0.0,payment
2026-07-23 15:07:31,0.07931566666666667,0.0,0.0,0.0,0.0,0.0,0.0,payment
2026-07-23 15:12:31,0.07931566666666667,0.0,0.0,0.0,0.0,0.0,0.0,payment
2026-07-23 15:17:31,0.07931566666666667,0.0,0.0,0.0,0.0,0.0,0.0,payment
2026-07-23 15:22:31,0.07931566666666667,0.0,0.0,0.0,0.0,0.0,0.0,payment
2026-07-23 15:27:31,0.07931566666666667,0.0,0.0,0.0,0.0,0.0,0.0,payment
2026-07-23 15:32:31,0.07931566666666667,0.0,0.0,0.0,0.0,0.0,0.0,payment
2026-07-23 15:37:31,0.07931566666666667,0.0,0.0,0.0,0.0,0.0,0.0,payment
2026-07-23 15:42:31,0.07931566666666667,0.0,0.0,0.0,0.0,0.0,0.0,payment
2026-07-23 15:47:31,0.07931566666666667,0.0,0.0,0.0,0.0,0.0,0.0,payment
2026-07-23 15:52:31,0.07931566666666667,0.0,0.0,0.0,0.0,0.0,0.0,payment
2026-07-23 15:57:31,0.07931566666666667,0.0,0.0,0.0,0.0,0.0,0.0,payment
2026-07-23 16:02:31,0.07931566666666667,0.0,0.0,0.0,0.0,0.0,0.0,payment
2026-07-23 16:07:31,0.07931566666666667,0.0,0.0,0.0,0.0,0.0,0.0,payment
2026-07-23 16:12:31,0.07931566666666667,0.0,0.0,0.0,0.0,0.0,0.0,payment
2026-07-23 16:17:31,0.07931566666666667,0.0,0.0,0.0,0.0,0.0,0.0,payment
2026-07-23 16:22:31,0.07931566666666667,0.0,0.0,0.0,0.0,0.0,0.0,payment
2026-07-23 16:27:31,0.07931566666666667,0.0,0.0,0.0,0.0,0.0,0.0,payment
2026-07-23 16:32:31,0.07931566666666667,0.0,0.0,0.0,0.0,0.0,0.0,payment
2026-07-23 16:37:31,0.07931566666666667,0.0,0.0,0.0,0.0,0.0,0.0,payment
2026-07-23 16:42:31,0.07931566666666667,0.0,0.0,0.0,0.0,0.0,0.0,payment
2026-07-23 16:47:31,0.07931566666666667,0.0,0.0,0.0,0.0,0.0,0.0,payment
2026-07-23 16:52:31,0.07931566666666667,0.0,0.0,0.0,0.0,0.0,0.0,payment
2026-07-23 16:57:31,0.07931566666666667,0.0,0.0,0.0,0.0,0.0,0.0,payment
2026-07-23 17:02:31,0.07931566666666667,0.0,0.0,0.0,0.0,0.0,0.0,payment
2026-07-23 17:07:31,0.07931566666666667,0.0,0.0,0.0,0.0,0.0,0.0,payment
2026-07-23 17:12:31,0.07931566666666667,0.0,0.0,0.0,0.0,0.0,0.0,payment
2026-07-23 17:17:31,0.07931566666666667,0.0,0.0,0.0,0.0,0.0,0.0,payment
2026-07-23 17:22:31,0.07931566666666667,0.0,0.0,0.0,0.0,0.0,0.0,payment
2026-07-23 17:27:31,0.07931566666666667,0.0,0.0,0.0,0.0,0.0,0.0,payment
2026-07-23 17:32:31,0.07931566666666667,0.0,0.0,0.0,0.0,0.0,0.0,payment
2026-07-23 17:37:31,0.07931566666666667,0.0,0.0,0.0,0.0,0.0,0.0,payment
2026-07-23 17:42:31,0.07931566666666667,0.0,0.0,0.0,0.0,0.0,0.0,payment
2026-07-23 17:47:31,0.07931566666666667,0.0,0.0,0.0,0.0,0.0,0.0,payment
2026-07-23 17:52:31,0.07931566666666667,0.0,0.0,0.0,0.0,0.0,0.0,payment
2026-07-23 17:57:31,0.07931566666666667,0.0,0.0,0.0,0.0,0.0,0.0,payment
2026-07-23 18:02:31,0.07931566666666667,0.0,0.0,0.0,0.0,0.0,0.0,payment
2026-07-23 18:07:31,0.07931566666666667,0.0,0.0,0.0,0.0,0.0,0.0,payment
2026-07-23 18:12:31,0.07931566666666667,0.0,0.0,0.0,0.0,0.0,0.0,payment
2026-07-23 18:17:31,0.07931566666666667,0.0,0.0,0.0,0.0,0.0,0.0,payment
2026-07-23 18:22:31,0.07931566666666667,0.0,0.0,0.0,0.0,0.0,0.0,payment
2026-07-23 18:27:31,0.07931566666666667,0.0,0.0,0.0,0.0,0.0,0.0,payment
2026-07-23 18:32:31,0.07931566666666667,0.0,0.0,0.0,0.0,0.0,0.0,payment
2026-07-23 18:37:31,0.07931566666666667,0.0,0.0,0.0,0.0,0.0,0.0,payment
2026-07-23 18:42:31,0.07931566666666667,0.0,0.0,0.0,0.0,0.0,0.0,payment
2026-07-23 18:47:31,0.07931566666666667,0.0,0.0,0.0,0.0,0.0,0.0,payment
2026-07-23 18:52:31,0.07931566666666667,0.0,0.0,0.0,0.0,0.0,0.0,payment
2026-07-23 18:57:31,0.07931566666666667,0.0,0.0,0.0,0.0,0.0,0.0,payment
2026-07-23 19:02:31,0.07931566666666667,0.0,0.0,0.0,0.0,0.0,0.0,payment
2026-07-23 19:07:31,0.07931566666666667,0.0,0.0,0.0,0.0,0.0,0.0,payment
2026-07-23 19:12:31,0.07931566666666667,0.0,0.0,0.0,0.0,0.0,0.0,payment
2026-07-23 19:17:31,0.07931566666666667,0.0,0.0,0.0,0.0,0.0,0.0,payment
2026-07-23 19:22:31,0.07931566666666667,0.0,0.0,0.0,0.0,0.0,0.0,payment
2026-07-23 19:27:31,0.07931566666666667,0.0,0.0,0.0,0.0,0.0,0.0,payment
2026-07-23 19:32:31,0.07931566666666667,0.0,0.0,0.0,0.0,0.0,0.0,payment
2026-07-23 19:37:31,0.07931566666666667,0.0,0.0,0.0,0.0,0.0,0.0,payment
2026-07-23 19:42:31,0.07931566666666667,0.0,0.0,0.0,0.0,0.0,0.0,payment
2026-07-23 19:47:31,0.07931566666666667,0.0,0.0,0.0,0.0,0.0,0.0,payment
2026-07-23 19:52:31,0.07931566666666667,0.0,0.0,0.0,0.0,0.0,0.0,payment
2026-07-23 19:57:31,0.07931566666666667,0.0,0.0,0.0,0.0,0.0,0.0,payment
2026-07-23 20:02:31,0.07931566666666667,0.0,0.0,0.0,0.0,0.0,0.0,payment
2026-07-23 20:07:31,0.07931566666666667,0.0,0.0,0.0,0.0,0.0,0.0,payment
2026-07-23 20:12:31,0.07931566666666667,0.0,0.0,0.0,0.0,0.0,0.0,payment
2026-07-23 20:17:31,0.07931566666666667,0.0,0.0,0.0,0.0,0.0,0.0,payment
2026-07-23 20:22:31,0.07931566666666667,0.0,0.0,0.0,0.0,0.0,0.0,payment
2026-07-23 20:27:31,0.07931566666666667,0.0,0.0,0.0,0.0,0.0,0.0,payment
2026-07-23 20:32:31,0.07931566666666667,0.0,0.0,0.0,0.0,0.0,0.0,payment
2026-07-23 20:37:31,0.07931566666666667,0.0,0.0,0.0,0.0,0.0,0.0,payment
2026-07-23 20:42:31,0.07931566666666667,0.0,0.0,0.0,0.0,0.0,0.0,payment
2026-07-23 20:47:31,0.07931566666666667,0.0,0.0,0.0,0.0,0.0,0.0,payment
2026-07-23 20:52:31,0.07931566666666667,0.0,0.0,0.0,0.0,0.0,0.0,payment
2026-07-23 20:57:31,0.07931566666666667,0.0,0.0,0.0,0.0,0.0,0.0,payment
2026-07-23 21:02:31,0.07931566666666667,0.0,0.0,0.0,0.0,0.0,0.0,payment
2026-07-23 21:07:31,0.07931566666666667,0.0,0.0,0.0,0.0,0.0,0.0,payment
2026-07-23 21:12:31,0.07931566666666667,0.0,0.0,0.0,0.0,0.0,0.0,payment
2026-07-23 21:17:31,0.07931566666666667,0.0,0.0,0.0,0.0,0.0,0.0,payment
2026-07-23 21:22:31,0.07931566666666667,0.0,0.0,0.0,0.0,0.0,0.0,payment
2026-07-23 21:27:31,0.07931566666666667,0.0,0.0,0.0,0.0,0.0,0.0,payment
2026-07-23 21:32:31,0.07931566666666667,0.0,0.0,0.0,0.0,0.0,0.0,payment
2026-07-23 21:37:31,0.07931566666666667,0.0,0.0,0.0,0.0,0.0,0.0,payment
2026-07-23 21:42:31,0.07931566666666667,0.0,0.0,0.0,0.0,0.0,0.0,payment
2026-07-23 21:47:31,0.07931566666666667,0.0,0.0,0.0,0.0,0.0,0.0,payment
2026-07-23 21:52:31,0.07931566666666667,0.0,0.0,0.0,0.0,0.0,0.0,payment
2026-07-23 21:57:31,0.07931566666666667,0.0,0.0,0.0,0.0,0.0,0.0,payment
2026-07-23 22:02:31,0.07931566666666667,0.0,0.0,0.0,0.0,0.0,0.0,payment
2026-07-23 22:07:31,0.07931566666666667,0.0,0.0,0.0,0.0,0.0,0.0,payment
2026-07-23 22:12:31,0.07931566666666667,0.0,0.0,0.0,0.0,0.0,0.0,payment
2026-07-23 22:17:31,0.07931566666666667,0.0,0.0,0.0,0.0,0.0,0.0,payment
2026-07-23 22:22:31,0.07931566666666667,0.0,0.0,0.0,0.0,0.0,0.0,payment
2026-07-23 22:27:31,0.07931566666666667,0.0,0.0,0.0,0.0,0.0,0.0,payment
2026-07-23 22:32:31,0.07931566666666667,0.0,0.0,0.0,0.0,0.0,0.0,payment
2026-07-23 22:37:31,0.07931566666666667,0.0,0.0,0.0,0.0,0.0,0.0,payment
2026-07-23 22:42:31,0.07931566666666667,0.0,0.0,0.0,0.0,0.0,0.0,payment
2026-07-23 22:47:31,0.07931566666666667,0.0,0.0,0.0,0.0,0.0,0.0,payment
2026-07-23 22:52:31,0.07931566666666667,0.0,0.0,0.0,0.0,0.0,0.0,payment
2026-07-23 22:57:31,0.07931566666666667,0.0,0.0,0.0,0.0,0.0,0.0,payment
2026-07-23 23:02:31,0.07931566666666667,0.0,0.0,0.0,0.0,0.0,0.0,payment
2026-07-23 23:07:31,0.07931566666666667,0.0,0.0,0.0,0.0,0.0,0.0,payment
2026-07-23 23:12:31,0.07931566666666667,0.0,0.0,0.0,0.0,0.0,0.0,payment
2026-07-23 23:17:31,0.07931566666666667,0.0,0.0,0.0,0.0,0.0,0.0,payment
2026-07-23 23:22:31,0.07931566666666667,0.0,0.0,0.0,0.0,0.0,0.0,payment
2026-07-23 23:27:31,0.07931566666666667,0.0,0.0,0.0,0.0,0.0,0.0,payment
2026-07-23 23:32:31,0.07931566666666667,0.0,0.0,0.0,0.0,0.0,0.0,payment
2026-07-23 23:37:31,0.07931566666666667,0.0,0.0,0.0,0.0,0.0,0.0,payment
2026-07-23 23:42:31,0.07931566666666667,0.0,0.0,0.0,0.0,0.0,0.0,payment
2026-07-23 23:47:31,0.07931566666666667,0.0,0.0,0.0,0.0,0.0,0.0,payment
2026-07-23 23:52:31,0.07931566666666667,0.0,0.0,0.0,0.0,0.0,0.0,payment
2026-07-23 23:57:31,0.07931566666666667,0.0,0.0,0.0,0.0,0.0,0.0,payment
2026-07-24 00:02:31,0.07931566666666667,0.0,0.0,0.0,0.0,0.0,0.0,payment
2026-07-24 00:07:31,0.07931566666666667,0.0,0.0,0.0,0.0,0.0,0.0,payment
2026-07-24 00:12:31,0.07931566666666667,0.0,0.0,0.0,0.0,0.0,0.0,payment
2026-07-24 00:17:31,0.07931566666666667,0.0,0.0,0.0,0.0,0.0,0.0,payment
2026-07-24 00:22:31,0.07931566666666667,0.0,0.0,0.0,0.0,0.0,0.0,payment
2026-07-24 00:27:31,0.07931566666666667,0.0,0.0,0.0,0.0,0.0,0.0,payment
2026-07-24 00:32:31,0.07931566666666667,0.0,0.0,0.0,0.0,0.0,0.0,payment
2026-07-24 00:37:31,0.07931566666666667,0.0,0.0,0.0,0.0,0.0,0.0,payment
2026-07-24 00:42:31,0.07931566666666667,0.0,0.0,0.0,0.0,0.0,0.0,payment
2026-07-24 00:47:31,0.07931566666666667,0.0,0.0,0.0,0.0,0.0,0.0,payment
2026-07-24 00:52:31,0.07931566666666667,0.0,0.0,0.0,0.0,0.0,0.0,payment
2026-07-24 00:57:31,0.07931566666666667,0.0,0.0,0.0,0.0,0.0,0.0,payment
2026-07-24 01:02:31,0.07931566666666667,0.0,0.0,0.0,0.0,0.0,0.0,payment
2026-07-24 01:07:31,0.07931566666666667,0.0,0.0,0.0,0.0,0.0,0.0,payment
2026-07-24 01:12:31,0.07931566666666667,0.0,0.0,0.0,0.0,0.0,0.0,payment
2026-07-24 01:17:31,0.07931566666666667,0.0,0.0,0.0,0.0,0.0,0.0,payment
2026-07-24 01:22:31,0.07931566666666667,0.0,0.0,0.0,0.0,0.0,0.0,payment
2026-07-24 01:27:31,0.07931566666666667,0.0,0.0,0.0,0.0,0.0,0.0,payment
2026-07-24 01:32:31,0.07931566666666667,0.0,0.0,0.0,0.0,0.0,0.0,payment
2026-07-24 01:37:31,0.07931566666666667,0.0,0.0,0.0,0.0,0.0,0.0,payment
2026-07-24 01:42:31,0.07931566666666667,0.0,0.0,0.0,0.0,0.0,0.0,payment
2026-07-24 01:47:31,0.07931566666666667,0.0,0.0,0.0,0.0,0.0,0.0,payment
2026-07-24 01:52:31,0.07931566666666667,0.0,0.0,0.0,0.0,0.0,0.0,payment
2026-07-24 01:57:31,0.07931566666666667,0.0,0.0,0.0,0.0,0.0,0.0,payment
2026-07-24 02:02:31,0.07931566666666667,0.0,0.0,0.0,0.0,0.0,0.0,payment
2026-07-24 02:07:31,0.07931566666666667,0.0,0.0,0.0,0.0,0.0,0.0,payment
2026-07-24 02:12:31,0.07931566666666667,0.0,0.0,0.0,0.0,0.0,0.0,payment
2026-07-24 02:17:31,0.07931566666666667,0.0,0.0,0.0,0.0,0.0,0.0,payment
2026-07-24 02:22:31,0.07931566666666667,0.0,0.0,0.0,0.0,0.0,0.0,payment
2026-07-24 02:27:31,0.07931566666666667,0.0,0.0,0.0,0.0,0.0,0.0,payment
2026-07-24 02:32:31,0.07931566666666667,0.0,0.0,0.0,0.0,0.0,0.0,payment
2026-07-24 02:37:31,0.07931566666666667,0.0,0.0,0.0,0.0,0.0,0.0,payment
2026-07-24 02:42:31,0.07931566666666667,0.0,0.0,0.0,0.0,0.0,0.0,payment
2026-07-24 02:47:31,0.07931566666666667,0.0,0.0,0.0,0.0,0.0,0.0,payment
2026-07-24 02:52:31,0.07931566666666667,0.0,0.0,0.0,0.0,0.0,0.0,payment
2026-07-24 02:57:31,0.07931566666666667,0.0,0.0,0.0,0.0,0.0,0.0,payment
2026-07-24 03:02:31,0.07931566666666667,0.0,0.0,0.0,0.0,0.0,0.0,payment
2026-07-24 03:07:31,0.07931566666666667,0.0,0.0,0.0,0.0,0.0,0.0,payment
2026-07-24 03:12:31,0.07931566666666667,0.0,0.0,0.0,0.0,0.0,0.0,payment
2026-07-24 03:17:31,0.07931566666666667,0.0,0.0,0.0,0.0,0.0,0.0,payment
2026-07-24 03:22:31,0.07931566666666667,0.0,0.0,0.0,0.0,0.0,0.0,payment
2026-07-24 03:27:31,0.07931566666666667,0.0,0.0,0.0,0.0,0.0,0.0,payment
2026-07-24 03:32:31,0.07931566666666667,0.0,0.0,0.0,0.0,0.0,0.0,payment
2026-07-24 03:37:31,0.07931566666666667,0.0,0.0,0.0,0.0,0.0,0.0,payment
2026-07-24 03:42:31,0.07931566666666667,0.0,0.0,0.0,0.0,0.0,0.0,payment
2026-07-24 03:47:31,0.07931566666666667,0.0,0.0,0.0,0.0,0.0,0.0,payment
2026-07-24 03:52:31,0.07931566666666667,0.0,0.0,0.0,0.0,0.0,0.0,payment
2026-07-24 03:57:31,0.07931566666666667,0.0,0.0,0.0,0.0,0.0,0.0,payment
2026-07-24 04:02:31,0.07931566666666667,0.0,0.0,0.0,0.0,0.0,0.0,payment
2026-07-24 04:07:31,0.07931566666666667,0.0,0.0,0.0,0.0,0.0,0.0,payment
2026-07-24 04:12:31,0.07931566666666667,0.0,0.0,0.0,0.0,0.0,0.0,payment
2026-07-24 04:17:31,0.07931566666666667,0.0,0.0,0.0,0.0,0.0,0.0,payment
2026-07-24 04:22:31,0.07931566666666667,0.0,0.0,0.0,0.0,0.0,0.0,payment
2026-07-24 04:27:31,0.07931566666666667,0.0,0.0,0.0,0.0,0.0,0.0,payment
2026-07-24 04:32:31,0.07931566666666667,0.0,0.0,0.0,0.0,0.0,0.0,payment
2026-07-24 04:37:31,0.07931566666666667,0.0,0.0,0.0,0.0,0.0,0.0,payment
2026-07-24 04:42:31,0.07931566666666667,0.0,0.0,0.0,0.0,0.0,0.0,payment
2026-07-24 04:47:31,0.07931566666666667,0.0,0.0,0.0,0.0,0.0,0.0,payment
2026-07-24 04:52:31,0.07931566666666667,0.0,0.0,0.0,0.0,0.0,0.0,payment
2026-07-24 04:57:31,0.07931566666666667,0.0,0.0,0.0,0.0,0.0,0.0,payment
2026-07-24 05:02:31,0.07931566666666667,0.0,0.0,0.0,0.0,0.0,0.0,payment
2026-07-24 05:07:31,0.07931566666666667,0.0,0.0,0.0,0.0,0.0,0.0,payment
2026-07-24 05:12:31,0.07931566666666667,0.0,0.0,0.0,0.0,0.0,0.0,payment
2026-07-24 05:17:31,0.07931566666666667,0.0,0.0,0.0,0.0,0.0,0.0,payment
2026-07-24 05:22:31,0.07931566666666667,0.0,0.0,0.0,0.0,0.0,0.0,payment
2026-07-24 05:27:31,0.07931566666666667,0.0,0.0,0.0,0.0,0.0,0.0,payment
2026-07-24 05:32:31,0.07931566666666667,0.0,0.0,0.0,0.0,0.0,0.0,payment
2026-07-24 05:37:31,0.07931566666666667,0.0,0.0,0.0,0.0,0.0,0.0,payment
2026-07-24 05:42:31,0.07931566666666667,0.0,0.0,0.0,0.0,0.0,0.0,payment
2026-07-24 05:47:31,0.07931566666666667,0.0,0.0,0.0,0.0,0.0,0.0,payment
2026-07-24 05:52:31,0.07931566666666667,0.0,0.0,0.0,0.0,0.0,0.0,payment
2026-07-24 05:57:31,0.07931566666666667,0.0,0.0,0.0,0.0,0.0,0.0,payment
2026-07-24 06:02:31,0.07931566666666667,0.0,0.0,0.0,0.0,0.0,0.0,payment
2026-07-24 06:07:31,0.07931566666666667,0.0,0.0,0.0,0.0,0.0,0.0,payment
2026-07-24 06:12:31,0.07931566666666667,0.0,0.0,0.0,0.0,0.0,0.0,payment
2026-07-24 06:17:31,0.07931566666666667,0.0,0.0,0.0,0.0,0.0,0.0,payment
2026-07-24 06:22:31,0.07931566666666667,0.0,0.0,0.0,0.0,0.0,0.0,payment
2026-07-24 06:27:31,0.07931566666666667,0.0,0.0,0.0,0.0,0.0,0.0,payment
2026-07-24 06:32:31,0.07931566666666667,0.0,0.0,0.0,0.0,0.0,0.0,payment
2026-07-24 06:37:31,0.07931566666666667,0.0,0.0,0.0,0.0,0.0,0.0,payment
2026-07-24 06:42:31,0.07931566666666667,0.0,0.0,0.0,0.0,0.0,0.0,payment
2026-07-24 06:47:31,0.07931566666666667,0.0,0.0,0.0,0.0,0.0,0.0,payment
2026-07-24 06:52:31,0.07931566666666667,0.0,0.0,0.0,0.0,0.0,0.0,payment
2026-07-24 06:57:31,0.07931566666666667,0.0,0.0,0.0,0.0,0.0,0.0,payment
2026-07-24 07:02:31,0.07931566666666667,0.0,0.0,0.0,0.0,0.0,0.0,payment
2026-07-24 07:07:31,0.07931566666666667,0.0,0.0,0.0,0.0,0.0,0.0,payment
2026-07-24 07:12:31,0.07931566666666667,0.0,0.0,0.0,0.0,0.0,0.0,payment
2026-07-24 07:17:31,0.07931566666666667,0.0,0.0,0.0,0.0,0.0,0.0,payment
2026-07-24 07:22:31,0.07931566666666667,0.0,0.0,0.0,0.0,0.0,0.0,payment
2026-07-24 07:27:31,0.07931566666666667,0.0,0.0,0.0,0.0,0.0,0.0,payment
2026-07-24 07:32:31,0.07931566666666667,0.0,0.0,0.0,0.0,0.0,0.0,payment
2026-07-24 07:37:31,0.07931566666666667,0.0,0.0,0.0,0.0,0.0,0.0,payment
2026-07-24 07:42:31,0.07931566666666667,0.0,0.0,0.0,0.0,0.0,0.0,payment
2026-07-24 07:47:31,0.07931566666666667,0.0,0.0,0.0,0.0,0.0,0.0,payment
2026-07-24 07:52:31,0.07931566666666667,0.0,0.0,0.0,0.0,0.0,0.0,payment
2026-07-24 07:57:31,0.07931566666666667,0.0,0.0,0.0,0.0,0.0,0.0,payment
2026-07-24 08:02:31,0.07931566666666667,0.0,0.0,0.0,0.0,0.0,0.0,payment
2026-07-24 08:07:31,0.07931566666666667,0.0,0.0,0.0,0.0,0.0,0.0,payment
2026-07-24 08:12:31,0.07931566666666667,0.0,0.0,0.0,0.0,0.0,0.0,payment
2026-07-24 08:17:31,0.07931566666666667,0.0,0.0,0.0,0.0,0.0,0.0,payment
2026-07-24 08:22:31,0.07931566666666667,0.0,0.0,0.0,0.0,0.0,0.0,payment
2026-07-24 08:27:31,0.07931566666666667,0.0,0.0,0.0,0.0,0.0,0.0,payment
2026-07-24 08:32:31,0.07931566666666667,0.0,0.0,0.0,0.0,0.0,0.0,payment
2026-07-24 08:37:31,0.07931566666666667,0.0,0.0,0.0,0.0,0.0,0.0,payment
2026-07-24 08:42:31,0.07931566666666667,0.0,0.0,0.0,0.0,0.0,0.0,payment
2026-07-24 08:47:31,0.07931566666666667,0.0,0.0,0.0,0.0,0.0,0.0,payment
2026-07-24 08:52:31,0.07931566666666667,0.0,0.0,0.0,0.0,0.0,0.0,payment
2026-07-24 08:57:31,0.07931566666666667,0.0,0.0,0.0,0.0,0.0,0.0,payment
2026-07-24 09:02:31,0.07931566666666667,0.0,0.0,0.0,0.0,0.0,0.0,payment
2026-07-24 09:07:31,0.07931566666666667,0.0,0.0,0.0,0.0,0.0,0.0,payment
2026-07-24 09:12:31,0.07931566666666667,0.0,0.0,0.0,0.0,0.0,0.0,payment
2026-07-24 09:17:31,0.07931566666666667,0.0,0.0,0.0,0.0,0.0,0.0,payment
2026-07-24 09:22:31,0.07931566666666667,0.0,0.0,0.0,0.0,0.0,0.0,payment
2026-07-24 09:27:31,0.07931566666666667,0.0,0.0,0.0,0.0,0.0,0.0,payment
2026-07-24 09:32:31,0.07931566666666667,0.0,0.0,0.0,0.0,0.0,0.0,payment
2026-07-24 09:37:31,0.07931566666666667,0.0,0.0,0.0,0.0,0.0,0.0,payment
2026-07-24 09:42:31,0.07931566666666667,0.0,0.0,0.0,0.0,0.0,0.0,payment
2026-07-24 09:47:31,0.07931566666666667,0.0,0.0,0.0,0.0,0.0,0.0,payment
2026-07-24 09:52:31,0.07931566666666667,0.0,0.0,0.0,0.0,0.0,0.0,payment
2026-07-24 09:57:31,0.07931566666666667,0.0,0.0,0.0,0.0,0.0,0.0,payment
2026-07-24 10:02:31,0.07931566666666667,0.0,0.0,0.0,0.0,0.0,0.0,payment
2026-07-24 10:07:31,0.07931566666666667,0.0,0.0,0.0,0.0,0.0,0.0,payment
2026-07-24 10:12:31,0.07931566666666667,0.0,0.0,0.0,0.0,0.0,0.0,payment
2026-07-24 10:17:31,0.07931566666666667,0.0,0.0,0.0,0.0,0.0,0.0,payment
2026-07-24 10:22:31,0.07931566666666667,0.0,0.0,0.0,0.0,0.0,0.0,payment
2026-07-24 10:27:31,0.07931566666666667,0.0,0.0,0.0,0.0,0.0,0.0,payment
2026-07-24 10:32:31,0.07931566666666667,0.0,0.0,0.0,0.0,0.0,0.0,payment
2026-07-24 10:37:31,0.07931566666666667,0.0,0.0,0.0,0.0,0.0,0.0,payment
2026-07-24 10:42:31,0.07931566666666667,0.0,0.0,0.0,0.0,0.0,0.0,payment
2026-07-24 10:47:31,0.07931566666666667,0.0,0.0,0.0,0.0,0.0,0.0,payment
2026-07-24 10:52:31,0.07931566666666667,0.0,0.0,0.0,0.0,0.0,0.0,payment
2026-07-24 10:57:31,0.07931566666666667,0.0,0.0,0.0,0.0,0.0,0.0,payment
2026-07-24 11:02:31,0.07931566666666667,0.0,0.0,0.0,0.0,0.0,0.0,payment
2026-07-24 11:07:31,0.07931566666666667,0.0,0.0,0.0,0.0,0.0,0.0,payment
2026-07-24 11:12:31,0.07931566666666667,0.0,0.0,0.0,0.0,0.0,0.0,payment
2026-07-24 11:17:31,0.07931566666666667,0.0,0.0,0.0,0.0,0.0,0.0,payment
2026-07-24 11:22:31,0.07931566666666667,0.0,0.0,0.0,0.0,0.0,0.0,payment
2026-07-24 11:27:31,0.07931566666666667,0.0,0.0,0.0,0.0,0.0,0.0,payment
2026-07-24 11:32:31,0.07931566666666667,0.0,0.0,0.0,0.0,0.0,0.0,payment
2026-07-24 11:37:31,0.07931566666666667,0.0,0.0,0.0,0.0,0.0,0.0,payment
2026-07-24 11:42:31,0.07931566666666667,0.0,0.0,0.0,0.0,0.0,0.0,payment
2026-07-24 11:47:31,0.07931566666666667,0.0,0.0,0.0,0.0,0.0,0.0,payment
2026-07-24 11:52:31,0.07931566666666667,0.0,0.0,0.0,0.0,0.0,0.0,payment
2026-07-24 11:57:31,0.07931566666666667,0.0,0.0,0.0,0.0,0.0,0.0,payment
2026-07-24 12:02:31,0.07931566666666667,0.0,0.0,0.0,0.0,0.0,0.0,payment
2026-07-24 12:07:31,0.07931566666666667,0.0,0.0,0.0,0.0,0.0,0.0,payment
2026-07-24 12:12:31,0.07931566666666667,0.0,0.0,0.0,0.0,0.0,0.0,payment
2026-07-24 12:17:31,0.07931566666666667,0.0,0.0,0.0,0.0,0.0,0.0,payment
2026-07-24 12:22:31,0.07931566666666667,0.0,0.0,0.0,0.0,0.0,0.0,payment
2026-07-24 12:27:31,0.07931566666666667,0.0,0.0,0.0,0.0,0.0,0.0,payment
2026-07-24 12:32:31,0.07931566666666667,0.0,0.0,0.0,0.0,0.0,0.0,payment
2026-07-24 12:37:31,0.07931566666666667,0.0,0.0,0.0,0.0,0.0,0.0,payment
2026-07-24 12:42:31,0.07931566666666667,0.0,0.0,0.0,0.0,0.0,0.0,payment
2026-07-24 12:47:31,0.07931566666666667,0.0,0.0,0.0,0.0,0.0,0.0,payment
2026-07-24 12:52:31,0.07931566666666667,0.0,0.0,0.0,0.0,0.0,0.0,payment
2026-07-24 12:57:31,0.07931566666666667,0.0,0.0,0.0,0.0,0.0,0.0,payment
2026-07-24 13:02:31,0.07931566666666667,0.0,0.0,0.0,0.0,0.0,0.0,payment
2026-07-24 13:07:31,0.07931566666666667,0.0,0.0,0.0,0.0,0.0,0.0,payment
2026-07-24 13:12:31,0.07931566666666667,0.0,0.0,0.0,0.0,0.0,0.0,payment
2026-07-24 13:17:31,0.07931566666666667,0.0,0.0,0.0,0.0,0.0,0.0,payment
2026-07-24 13:22:31,0.07931566666666667,0.0,0.0,0.0,0.0,0.0,0.0,payment
2026-07-24 13:27:31,0.07931566666666667,0.0,0.0,0.0,0.0,0.0,0.0,payment
2026-07-24 13:32:31,0.07931566666666667,0.0,0.0,0.0,0.0,0.0,0.0,payment
2026-07-24 13:37:31,0.07931566666666667,0.0,0.0,0.0,0.0,0.0,0.0,payment
2026-07-24 13:42:31,0.07931566666666667,0.0,0.0,0.0,0.0,0.0,0.0,payment
2026-07-24 13:47:31,0.07931566666666667,0.0,0.0,0.0,0.0,0.0,0.0,payment
2026-07-24 13:52:31,0.07931566666666667,0.0,0.0,0.0,0.0,0.0,0.0,payment
2026-07-24 13:57:31,0.07931566666666667,0.0,0.0,0.0,0.0,0.0,0.0,payment
2026-07-24 14:02:31,0.07931566666666667,0.0,0.0,0.0,0.0,0.0,0.0,payment
2026-07-24 14:07:31,0.07931566666666667,0.0,0.0,0.0,0.0,0.0,0.0,payment
2026-07-24 14:12:31,0.07931566666666667,0.0,0.0,0.0,0.0,0.0,0.0,payment
2026-07-24 14:17:31,0.07931566666666667,0.0,0.0,0.0,0.0,0.0,0.0,payment
2026-07-24 14:22:31,0.07931566666666667,0.0,0.0,0.0,0.0,0.0,0.0,payment
2026-07-24 14:27:31,0.07931566666666667,0.0,0.0,0.0,0.0,0.0,0.0,payment
2026-07-24 14:32:31,0.07931566666666667,0.0,0.0,0.0,0.0,0.0,0.0,payment
2026-07-24 14:37:31,0.07931566666666667,0.0,0.0,0.0,0.0,0.0,0.0,payment
2026-07-24 14:42:31,0.07931566666666667,0.0,0.0,0.0,0.0,0.0,0.0,payment
2026-07-24 14:47:31,0.07931566666666667,0.0,0.0,0.0,0.0,0.0,0.0,payment
2026-07-24 14:52:31,0.07931566666666667,0.0,0.0,0.0,0.0,0.0,0.0,payment
2026-07-24 14:57:31,0.07931566666666667,0.0,0.0,0.0,0.0,0.0,0.0,payment
2026-07-24 15:02:31,0.07931566666666667,0.0,0.0,0.0,0.0,0.0,0.0,payment
2026-07-24 15:07:31,0.07931566666666667,0.0,0.0,0.0,0.0,0.0,0.0,payment
2026-07-24 15:12:31,0.07931566666666667,0.0,0.0,0.0,0.0,0.0,0.0,payment
2026-07-24 15:17:31,0.07931566666666667,0.0,0.0,0.0,0.0,0.0,0.0,payment
2026-07-24 15:22:31,0.07931566666666667,0.0,0.0,0.0,0.0,0.0,0.0,payment
2026-07-24 15:27:31,0.07931566666666667,0.0,0.0,0.0,0.0,0.0,0.0,payment
2026-07-24 15:32:31,0.07931566666666667,0.0,0.0,0.0,0.0,0.0,0.0,payment
2026-07-24 15:37:31,0.07931566666666667,0.0,0.0,0.0,0.0,0.0,0.0,payment
2026-07-24 15:42:31,0.07931566666666667,0.0,0.0,0.0,0.0,0.0,0.0,payment
2026-07-24 15:47:31,0.07931566666666667,0.0,0.0,0.0,0.0,0.0,0.0,payment
2026-07-24 15:52:31,0.07931566666666667,0.0,0.0,0.0,0.0,0.0,0.0,payment
2026-07-24 15:57:31,0.07931566666666667,0.0,0.0,0.0,0.0,0.0,0.0,payment
2026-07-24 16:02:31,0.07931566666666667,0.0,0.0,0.0,0.0,0.0,0.0,payment
2026-07-24 16:07:31,0.07931566666666667,0.0,0.0,0.0,0.0,0.0,0.0,payment
2026-07-24 16:12:31,0.07931566666666667,0.0,0.0,0.0,0.0,0.0,0.0,payment
2026-07-24 16:17:31,0.07931566666666667,0.0,0.0,0.0,0.0,0.0,0.0,payment
2026-07-24 16:22:31,0.07931566666666667,0.0,0.0,0.0,0.0,0.0,0.0,payment
2026-07-24 16:27:31,0.07931566666666667,0.0,0.0,0.0,0.0,0.0,0.0,payment
2026-07-24 16:32:31,0.07931566666666667,0.0,0.0,0.0,0.0,0.0,0.0,payment
2026-07-24 16:37:31,0.07931566666666667,0.0,0.0,0.0,0.0,0.0,0.0,payment
2026-07-24 16:42:31,0.07931566666666667,0.0,0.0,0.0,0.0,0.0,0.0,payment
2026-07-24 16:47:31,0.07931566666666667,0.0,0.0,0.0,0.0,0.0,0.0,payment
2026-07-24 16:52:31,0.07931566666666667,0.0,0.0,0.0,0.0,0.0,0.0,payment
2026-07-24 16:57:31,0.07931566666666667,0.0,0.0,0.0,0.0,0.0,0.0,payment
2026-07-24 17:02:31,0.07931566666666667,0.0,0.0,0.0,0.0,0.0,0.0,payment
2026-07-24 17:07:31,0.07931566666666667,0.0,0.0,0.0,0.0,0.0,0.0,payment
2026-07-24 17:12:31,0.07931566666666667,0.0,0.0,0.0,0.0,0.0,0.0,payment
2026-07-24 17:17:31,0.07931566666666667,0.0,0.0,0.0,0.0,0.0,0.0,payment
2026-07-24 17:22:31,0.07931566666666667,0.0,0.0,0.0,0.0,0.0,0.0,payment
2026-07-24 17:27:31,0.07931566666666667,0.0,0.0,0.0,0.0,0.0,0.0,payment
2026-07-24 17:32:31,0.07931566666666667,0.0,0.0,0.0,0.0,0.0,0.0,payment
2026-07-24 17:37:31,0.07931566666666667,0.0,0.0,0.0,0.0,0.0,0.0,payment
2026-07-24 17:42:31,0.07931566666666667,0.0,0.0,0.0,0.0,0.0,0.0,payment
2026-07-24 17:47:31,0.07931566666666667,0.0,0.0,0.0,0.0,0.0,0.0,payment
2026-07-24 17:52:31,0.07931566666666667,0.0,0.0,0.0,0.0,0.0,0.0,payment
2026-07-24 17:57:31,0.07931566666666667,0.0,0.0,0.0,0.0,0.0,0.0,payment
2026-07-24 18:02:31,0.07931566666666667,0.0,0.0,0.0,0.0,0.0,0.0,payment
2026-07-24 18:07:31,0.07931566666666667,0.0,0.0,0.0,0.0,0.0,0.0,payment
2026-07-24 18:12:31,0.07931566666666667,0.0,0.0,0.0,0.0,0.0,0.0,payment
2026-07-24 18:17:31,0.07931566666666667,0.0,0.0,0.0,0.0,0.0,0.0,payment
2026-07-24 18:22:31,0.07931566666666667,0.0,0.0,0.0,0.0,0.0,0.0,payment
2026-07-24 18:27:31,0.07931566666666667,0.0,0.0,0.0,0.0,0.0,0.0,payment
2026-07-24 18:32:31,0.07931566666666667,0.0,0.0,0.0,0.0,0.0,0.0,payment
2026-07-24 18:37:31,0.07931566666666667,0.0,0.0,0.0,0.0,0.0,0.0,payment
2026-07-24 18:42:31,0.07931566666666667,0.0,0.0,0.0,0.0,0.0,0.0,payment
2026-07-24 18:47:31,0.07931566666666667,0.0,0.0,0.0,0.0,0.0,0.0,payment
2026-07-24 18:52:31,0.07931566666666667,0.0,0.0,0.0,0.0,0.0,0.0,payment
2026-07-24 18:57:31,0.07931566666666667,0.0,0.0,0.0,0.0,0.0,0.0,payment
2026-07-24 19:02:31,0.07931566666666667,0.0,0.0,0.0,0.0,0.0,0.0,payment
2026-07-24 19:07:31,0.07931566666666667,0.0,0.0,0.0,0.0,0.0,0.0,payment
2026-07-24 19:12:31,0.07931566666666667,0.0,0.0,0.0,0.0,0.0,0.0,payment
2026-07-24 19:17:31,0.07931566666666667,0.0,0.0,0.0,0.0,0.0,0.0,payment
2026-07-24 19:22:31,0.07931566666666667,0.0,0.0,0.0,0.0,0.0,0.0,payment
2026-07-24 19:27:31,0.07931566666666667,0.0,0.0,0.0,0.0,0.0,0.0,payment
2026-07-24 19:32:31,0.07931566666666667,0.0,0.0,0.0,0.0,0.0,0.0,payment
2026-07-24 19:37:31,0.07931566666666667,0.0,0.0,0.0,0.0,0.0,0.0,payment
2026-07-24 19:42:31,0.07931566666666667,0.0,0.0,0.0,0.0,0.0,0.0,payment
2026-07-24 19:47:31,0.07931566666666667,0.0,0.0,0.0,0.0,0.0,0.0,payment
2026-07-24 19:52:31,0.07931566666666667,0.0,0.0,0.0,0.0,0.0,0.0,payment
2026-07-24 19:57:31,0.07931566666666667,0.0,0.0,0.0,0.0,0.0,0.0,payment
2026-07-24 20:02:31,0.07931566666666667,0.0,0.0,0.0,0.0,0.0,0.0,payment
2026-07-24 20:07:31,0.07931566666666667,0.0,0.0,0.0,0.0,0.0,0.0,payment
2026-07-24 20:12:31,0.07931566666666667,0.0,0.0,0.0,0.0,0.0,0.0,payment
2026-07-24 20:17:31,0.07931566666666667,0.0,0.0,0.0,0.0,0.0,0.0,payment
2026-07-24 20:22:31,0.07931566666666667,0.0,0.0,0.0,0.0,0.0,0.0,payment
2026-07-24 20:27:31,0.07931566666666667,0.0,0.0,0.0,0.0,0.0,0.0,payment
2026-07-24 20:32:31,0.07931566666666667,0.0,0.0,0.0,0.0,0.0,0.0,payment
2026-07-24 20:37:31,0.07931566666666667,0.0,0.0,0.0,0.0,0.0,0.0,payment
2026-07-24 20:42:31,0.07931566666666667,0.0,0.0,0.0,0.0,0.0,0.0,payment
2026-07-24 20:47:31,0.07931566666666667,0.0,0.0,0.0,0.0,0.0,0.0,payment
2026-07-24 20:52:31,0.07931566666666667,0.0,0.0,0.0,0.0,0.0,0.0,payment
2026-07-24 20:57:31,0.07931566666666667,0.0,0.0,0.0,0.0,0.0,0.0,payment
2026-07-24 21:02:31,0.07931566666666667,0.0,0.0,0.0,0.0,0.0,0.0,payment
2026-07-24 21:07:31,0.07931566666666667,0.0,0.0,0.0,0.0,0.0,0.0,payment
2026-07-24 21:12:31,0.07931566666666667,0.0,0.0,0.0,0.0,0.0,0.0,payment
2026-07-24 21:17:31,0.07931566666666667,0.0,0.0,0.0,0.0,0.0,0.0,payment
2026-07-24 21:22:31,0.07931566666666667,0.0,0.0,0.0,0.0,0.0,0.0,payment
2026-07-24 21:27:31,0.07931566666666667,0.0,0.0,0.0,0.0,0.0,0.0,payment
2026-07-24 21:32:31,0.07931566666666667,0.0,0.0,0.0,0.0,0.0,0.0,payment
2026-07-24 21:37:31,0.07931566666666667,0.0,0.0,0.0,0.0,0.0,0.0,payment
2026-07-24 21:42:31,0.07931566666666667,0.0,0.0,0.0,0.0,0.0,0.0,payment
2026-07-24 21:47:31,0.07931566666666667,0.0,0.0,0.0,0.0,0.0,0.0,payment
2026-07-24 21:52:31,0.07931566666666667,0.0,0.0,0.0,0.0,0.0,0.0,payment
2026-07-24 21:57:31,0.07931566666666667,0.0,0.0,0.0,0.0,0.0,0.0,payment
2026-07-24 22:02:31,0.07931566666666667,0.0,0.0,0.0,0.0,0.0,0.0,payment
2026-07-24 22:07:31,0.07931566666666667,0.0,0.0,0.0,0.0,0.0,0.0,payment
2026-07-24 22:12:31,0.07931566666666667,0.0,0.0,0.0,0.0,0.0,0.0,payment
2026-07-24 22:17:31,0.07931566666666667,0.0,0.0,0.0,0.0,0.0,0.0,payment
2026-07-24 22:22:31,0.07931566666666667,0.0,0.0,0.0,0.0,0.0,0.0,payment
2026-07-24 22:27:31,0.07931566666666667,0.0,0.0,0.0,0.0,0.0,0.0,payment
2026-07-24 22:32:31,0.07931566666666667,0.0,0.0,0.0,0.0,0.0,0.0,payment
2026-07-24 22:37:31,0.07931566666666667,0.0,0.0,0.0,0.0,0.0,0.0,payment
2026-07-24 22:42:31,0.07931566666666667,0.0,0.0,0.0,0.0,0.0,0.0,payment
2026-07-24 22:47:31,0.07931566666666667,0.0,0.0,0.0,0.0,0.0,0.0,payment
2026-07-24 22:52:31,0.07931566666666667,0.0,0.0,0.0,0.0,0.0,0.0,payment
2026-07-24 22:57:31,0.07931566666666667,0.0,0.0,0.0,0.0,0.0,0.0,payment
2026-07-24 23:02:31,0.07931566666666667,0.0,0.0,0.0,0.0,0.0,0.0,payment
2026-07-24 23:07:31,0.07931566666666667,0.0,0.0,0.0,0.0,0.0,0.0,payment
2026-07-24 23:12:31,0.07931566666666667,0.0,0.0,0.0,0.0,0.0,0.0,payment
2026-07-24 23:17:31,0.07931566666666667,0.0,0.0,0.0,0.0,0.0,0.0,payment
2026-07-24 23:22:31,0.07931566666666667,0.0,0.0,0.0,0.0,0.0,0.0,payment
2026-07-24 23:27:31,0.07931566666666667,0.0,0.0,0.0,0.0,0.0,0.0,payment
2026-07-24 23:32:31,0.07931566666666667,0.0,0.0,0.0,0.0,0.0,0.0,payment
2026-07-24 23:37:31,0.07931566666666667,0.0,0.0,0.0,0.0,0.0,0.0,payment
2026-07-24 23:42:31,0.07931566666666667,0.0,0.0,0.0,0.0,0.0,0.0,payment
2026-07-24 23:47:31,0.07931566666666667,0.0,0.0,0.0,0.0,0.0,0.0,payment
2026-07-24 23:52:31,0.07931566666666667,0.0,0.0,0.0,0.0,0.0,0.0,payment
2026-07-24 23:57:31,0.07931566666666667,0.0,0.0,0.0,0.0,0.0,0.0,payment
2026-07-25 00:02:31,0.07931566666666667,0.0,0.0,0.0,0.0,0.0,0.0,payment
2026-07-25 00:07:31,0.07931566666666667,0.0,0.0,0.0,0.0,0.0,0.0,payment
2026-07-25 00:12:31,0.07931566666666667,0.0,0.0,0.0,0.0,0.0,0.0,payment
2026-07-25 00:17:31,0.07931566666666667,0.0,0.0,0.0,0.0,0.0,0.0,payment
2026-07-25 00:22:31,0.07931566666666667,0.0,0.0,0.0,0.0,0.0,0.0,payment
2026-07-25 00:27:31,0.07931566666666667,0.0,0.0,0.0,0.0,0.0,0.0,payment
2026-07-25 00:32:31,0.07931566666666667,0.0,0.0,0.0,0.0,0.0,0.0,payment
2026-07-25 00:37:31,0.07931566666666667,0.0,0.0,0.0,0.0,0.0,0.0,payment
2026-07-25 00:42:31,0.07931566666666667,0.0,0.0,0.0,0.0,0.0,0.0,payment
2026-07-25 00:47:31,0.07931566666666667,0.0,0.0,0.0,0.0,0.0,0.0,payment
2026-07-25 00:52:31,0.07931566666666667,0.0,0.0,0.0,0.0,0.0,0.0,payment
2026-07-25 00:57:31,0.07931566666666667,0.0,0.0,0.0,0.0,0.0,0.0,payment
2026-07-25 01:02:31,0.07931566666666667,0.0,0.0,0.0,0.0,0.0,0.0,payment
2026-07-25 01:07:31,0.07931566666666667,0.0,0.0,0.0,0.0,0.0,0.0,payment
2026-07-25 01:12:31,0.07931566666666667,0.0,0.0,0.0,0.0,0.0,0.0,payment
2026-07-25 01:17:31,0.07931566666666667,0.0,0.0,0.0,0.0,0.0,0.0,payment
2026-07-25 01:22:31,0.07931566666666667,0.0,0.0,0.0,0.0,0.0,0.0,payment
2026-07-25 01:27:31,0.07931566666666667,0.0,0.0,0.0,0.0,0.0,0.0,payment
2026-07-25 01:32:31,0.07931566666666667,0.0,0.0,0.0,0.0,0.0,0.0,payment
2026-07-25 01:37:31,0.07931566666666667,0.0,0.0,0.0,0.0,0.0,0.0,payment
2026-07-25 01:42:31,0.07931566666666667,0.0,0.0,0.0,0.0,0.0,0.0,payment
2026-07-25 01:47:31,0.07931566666666667,0.0,0.0,0.0,0.0,0.0,0.0,payment
2026-07-25 01:52:31,0.07931566666666667,0.0,0.0,0.0,0.0,0.0,0.0,payment
2026-07-25 01:57:31,0.07931566666666667,0.0,0.0,0.0,0.0,0.0,0.0,payment
2026-07-25 02:02:31,0.07931566666666667,0.0,0.0,0.0,0.0,0.0,0.0,payment
2026-07-25 02:07:31,0.07931566666666667,0.0,0.0,0.0,0.0,0.0,0.0,payment
2026-07-25 02:12:31,0.07931566666666667,0.0,0.0,0.0,0.0,0.0,0.0,payment
2026-07-25 02:17:31,0.07931566666666667,0.0,0.0,0.0,0.0,0.0,0.0,payment
2026-07-25 02:22:31,0.07931566666666667,0.0,0.0,0.0,0.0,0.0,0.0,payment
2026-07-25 02:27:31,0.07931566666666667,0.0,0.0,0.0,0.0,0.0,0.0,payment
2026-07-25 02:32:31,0.07931566666666667,0.0,0.0,0.0,0.0,0.0,0.0,payment
2026-07-25 02:37:31,0.07931566666666667,0.0,0.0,0.0,0.0,0.0,0.0,payment
2026-07-25 02:42:31,0.07931566666666667,0.0,0.0,0.0,0.0,0.0,0.0,payment
2026-07-25 02:47:31,0.07931566666666667,0.0,0.0,0.0,0.0,0.0,0.0,payment
2026-07-25 02:52:31,0.07931566666666667,0.0,0.0,0.0,0.0,0.0,0.0,payment
2026-07-25 02:57:31,0.07931566666666667,0.0,0.0,0.0,0.0,0.0,0.0,payment
2026-07-25 03:02:31,0.07931566666666667,0.0,0.0,0.0,0.0,0.0,0.0,payment
2026-07-25 03:07:31,0.07931566666666667,0.0,0.0,0.0,0.0,0.0,0.0,payment
2026-07-25 03:12:31,0.07931566666666667,0.0,0.0,0.0,0.0,0.0,0.0,payment
2026-07-25 03:17:31,0.07931566666666667,0.0,0.0,0.0,0.0,0.0,0.0,payment
2026-07-25 03:22:31,0.07931566666666667,0.0,0.0,0.0,0.0,0.0,0.0,payment
2026-07-25 03:27:31,0.07931566666666667,0.0,0.0,0.0,0.0,0.0,0.0,payment
2026-07-25 03:32:31,0.07931566666666667,0.0,0.0,0.0,0.0,0.0,0.0,payment
2026-07-25 03:37:31,0.07931566666666667,0.0,0.0,0.0,0.0,0.0,0.0,payment
2026-07-25 03:42:31,0.07931566666666667,0.0,0.0,0.0,0.0,0.0,0.0,payment
2026-07-25 03:47:31,0.07931566666666667,0.0,0.0,0.0,0.0,0.0,0.0,payment
2026-07-25 03:52:31,0.07931566666666667,0.0,0.0,0.0,0.0,0.0,0.0,payment
2026-07-25 03:57:31,0.07931566666666667,0.0,0.0,0.0,0.0,0.0,0.0,payment
2026-07-25 04:02:31,0.07931566666666667,0.0,0.0,0.0,0.0,0.0,0.0,payment
2026-07-25 04:07:31,0.07931566666666667,0.0,0.0,0.0,0.0,0.0,0.0,payment
2026-07-25 04:12:31,0.07931566666666667,0.0,0.0,0.0,0.0,0.0,0.0,payment
2026-07-25 04:17:31,0.07931566666666667,0.0,0.0,0.0,0.0,0.0,0.0,payment
2026-07-25 04:22:31,0.07931566666666667,0.0,0.0,0.0,0.0,0.0,0.0,payment
2026-07-25 04:27:31,0.07931566666666667,0.0,0.0,0.0,0.0,0.0,0.0,payment
2026-07-25 04:32:31,0.07931566666666667,0.0,0.0,0.0,0.0,0.0,0.0,payment
2026-07-25 04:37:31,0.07931566666666667,0.0,0.0,0.0,0.0,0.0,0.0,payment
2026-07-25 04:42:31,0.07931566666666667,0.0,0.0,0.0,0.0,0.0,0.0,payment
2026-07-25 04:47:31,0.07931566666666667,0.0,0.0,0.0,0.0,0.0,0.0,payment
2026-07-25 04:52:31,0.07931566666666667,0.0,0.0,0.0,0.0,0.0,0.0,payment
2026-07-25 04:57:31,0.07931566666666667,0.0,0.0,0.0,0.0,0.0,0.0,payment
2026-07-25 05:02:31,0.07931566666666667,0.0,0.0,0.0,0.0,0.0,0.0,payment
2026-07-25 05:07:31,0.07931566666666667,0.0,0.0,0.0,0.0,0.0,0.0,payment
2026-07-25 05:12:31,0.07931566666666667,0.0,0.0,0.0,0.0,0.0,0.0,payment
2026-07-25 05:17:31,0.07931566666666667,0.0,0.0,0.0,0.0,0.0,0.0,payment
2026-07-25 05:22:31,0.07931566666666667,0.0,0.0,0.0,0.0,0.0,0.0,payment
2026-07-25 05:27:31,0.07931566666666667,0.0,0.0,0.0,0.0,0.0,0.0,payment
2026-07-25 05:32:31,0.07931566666666667,0.0,0.0,0.0,0.0,0.0,0.0,payment
2026-07-25 05:37:31,0.07931566666666667,0.0,0.0,0.0,0.0,0.0,0.0,payment
2026-07-25 05:42:31,0.07931566666666667,0.0,0.0,0.0,0.0,0.0,0.0,payment
2026-07-25 05:47:31,0.07931566666666667,0.0,0.0,0.0,0.0,0.0,0.0,payment
2026-07-25 05:52:31,0.07931566666666667,0.0,0.0,0.0,0.0,0.0,0.0,payment
2026-07-25 05:57:31,0.07931566666666667,0.0,0.0,0.0,0.0,0.0,0.0,payment
2026-07-25 06:02:31,0.07931566666666667,0.0,0.0,0.0,0.0,0.0,0.0,payment
2026-07-25 06:07:31,0.07931566666666667,0.0,0.0,0.0,0.0,0.0,0.0,payment
2026-07-25 06:12:31,0.07931566666666667,0.0,0.0,0.0,0.0,0.0,0.0,payment
2026-07-25 06:17:31,0.07931566666666667,0.0,0.0,0.0,0.0,0.0,0.0,payment
2026-07-25 06:22:31,0.07931566666666667,0.0,0.0,0.0,0.0,0.0,0.0,payment
2026-07-25 06:27:31,0.07931566666666667,0.0,0.0,0.0,0.0,0.0,0.0,payment
2026-07-25 06:32:31,0.07931566666666667,0.0,0.0,0.0,0.0,0.0,0.0,payment
2026-07-25 06:37:31,0.07931566666666667,0.0,0.0,0.0,0.0,0.0,0.0,payment
2026-07-25 06:42:31,0.07931566666666667,0.0,0.0,0.0,0.0,0.0,0.0,payment
2026-07-25 06:47:31,0.07931566666666667,0.0,0.0,0.0,0.0,0.0,0.0,payment
2026-07-25 06:52:31,0.07931566666666667,0.0,0.0,0.0,0.0,0.0,0.0,payment
2026-07-25 06:57:31,0.07931566666666667,0.0,0.0,0.0,0.0,0.0,0.0,payment
2026-07-25 07:02:31,0.07931566666666667,0.0,0.0,0.0,0.0,0.0,0.0,payment
2026-07-25 07:07:31,0.07931566666666667,0.0,0.0,0.0,0.0,0.0,0.0,payment
2026-07-25 07:12:31,0.07931566666666667,0.0,0.0,0.0,0.0,0.0,0.0,payment
2026-07-25 07:17:31,0.07931566666666667,0.0,0.0,0.0,0.0,0.0,0.0,payment
2026-07-25 07:22:31,0.07931566666666667,0.0,0.0,0.0,0.0,0.0,0.0,payment
2026-07-25 07:27:31,0.07931566666666667,0.0,0.0,0.0,0.0,0.0,0.0,payment
2026-07-25 07:32:31,0.07931566666666667,0.0,0.0,0.0,0.0,0.0,0.0,payment
2026-07-25 07:37:31,0.07931566666666667,0.0,0.0,0.0,0.0,0.0,0.0,payment
2026-07-25 07:42:31,0.07931566666666667,0.0,0.0,0.0,0.0,0.0,0.0,payment
2026-07-25 07:47:31,0.07931566666666667,0.0,0.0,0.0,0.0,0.0,0.0,payment
2026-07-25 07:52:31,0.07931566666666667,0.0,0.0,0.0,0.0,0.0,0.0,payment
2026-07-25 07:57:31,0.07931566666666667,0.0,0.0,0.0,0.0,0.0,0.0,payment
2026-07-25 08:02:31,0.07931566666666667,0.0,0.0,0.0,0.0,0.0,0.0,payment
2026-07-25 08:07:31,0.07931566666666667,0.0,0.0,0.0,0.0,0.0,0.0,payment
2026-07-25 08:12:31,0.07931566666666667,0.0,0.0,0.0,0.0,0.0,0.0,payment
2026-07-25 08:17:31,0.07931566666666667,0.0,0.0,0.0,0.0,0.0,0.0,payment
2026-07-25 08:22:31,0.07931566666666667,0.0,0.0,0.0,0.0,0.0,0.0,payment
2026-07-25 08:27:31,0.07931566666666667,0.0,0.0,0.0,0.0,0.0,0.0,payment
2026-07-25 08:32:31,0.07931566666666667,0.0,0.0,0.0,0.0,0.0,0.0,payment
2026-07-25 08:37:31,0.07931566666666667,0.0,0.0,0.0,0.0,0.0,0.0,payment
2026-07-25 08:42:31,0.07931566666666667,0.0,0.0,0.0,0.0,0.0,0.0,payment
2026-07-25 08:47:31,0.07931566666666667,0.0,0.0,0.0,0.0,0.0,0.0,payment
2026-07-25 08:52:31,0.07931566666666667,0.0,0.0,0.0,0.0,0.0,0.0,payment
2026-07-25 08:57:31,0.07931566666666667,0.0,0.0,0.0,0.0,0.0,0.0,payment
2026-07-25 09:02:31,0.07931566666666667,0.0,0.0,0.0,0.0,0.0,0.0,payment
2026-07-25 09:07:31,0.07931566666666667,0.0,0.0,0.0,0.0,0.0,0.0,payment
2026-07-25 09:12:31,0.07931566666666667,0.0,0.0,0.0,0.0,0.0,0.0,payment
2026-07-25 09:17:31,0.07931566666666667,0.0,0.0,0.0,0.0,0.0,0.0,payment
2026-07-25 09:22:31,0.07931566666666667,0.0,0.0,0.0,0.0,0.0,0.0,payment
2026-07-25 09:27:31,0.07931566666666667,0.0,0.0,0.0,0.0,0.0,0.0,payment
2026-07-25 09:32:31,0.07931566666666667,0.0,0.0,0.0,0.0,0.0,0.0,payment
2026-07-25 09:37:31,0.07931566666666667,0.0,0.0,0.0,0.0,0.0,0.0,payment
2026-07-25 09:42:31,0.07931566666666667,0.0,0.0,0.0,0.0,0.0,0.0,payment
2026-07-25 09:47:31,0.07931566666666667,0.0,0.0,0.0,0.0,0.0,0.0,payment
2026-07-25 09:52:31,0.07931566666666667,0.0,0.0,0.0,0.0,0.0,0.0,payment
2026-07-25 09:57:31,0.07931566666666667,0.0,0.0,0.0,0.0,0.0,0.0,payment
2026-07-25 10:02:31,0.07931566666666667,0.0,0.0,0.0,0.0,0.0,0.0,payment
2026-07-25 10:07:31,0.07931566666666667,0.0,0.0,0.0,0.0,0.0,0.0,payment
2026-07-25 10:12:31,0.07931566666666667,0.0,0.0,0.0,0.0,0.0,0.0,payment
2026-07-25 10:17:31,0.07931566666666667,0.0,0.0,0.0,0.0,0.0,0.0,payment
2026-07-25 10:22:31,0.07931566666666667,0.0,0.0,0.0,0.0,0.0,0.0,payment
2026-07-25 10:27:31,0.07931566666666667,0.0,0.0,0.0,0.0,0.0,0.0,payment
2026-07-25 10:32:31,0.07931566666666667,0.0,0.0,0.0,0.0,0.0,0.0,payment
2026-07-25 10:37:31,0.07931566666666667,0.0,0.0,0.0,0.0,0.0,0.0,payment
2026-07-25 10:42:31,0.07931566666666667,0.0,0.0,0.0,0.0,0.0,0.0,payment
2026-07-25 10:47:31,0.07931566666666667,0.0,0.0,0.0,0.0,0.0,0.0,payment
2026-07-25 10:52:31,0.07931566666666667,0.0,0.0,0.0,0.0,0.0,0.0,payment
2026-07-25 10:57:31,0.07931566666666667,0.0,0.0,0.0,0.0,0.0,0.0,payment
2026-07-25 11:02:31,0.07931566666666667,0.0,0.0,0.0,0.0,0.0,0.0,payment
2026-07-25 11:07:31,0.07931566666666667,0.0,0.0,0.0,0.0,0.0,0.0,payment
2026-07-25 11:12:31,0.07931566666666667,0.0,0.0,0.0,0.0,0.0,0.0,payment
2026-07-25 11:17:31,0.07931566666666667,0.0,0.0,0.0,0.0,0.0,0.0,payment
2026-07-25 11:22:31,0.07931566666666667,0.0,0.0,0.0,0.0,0.0,0.0,payment
2026-07-25 11:27:31,0.07931566666666667,0.0,0.0,0.0,0.0,0.0,0.0,payment
2026-07-25 11:32:31,0.07931566666666667,0.0,0.0,0.0,0.0,0.0,0.0,payment
2026-07-25 11:37:31,0.07931566666666667,0.0,0.0,0.0,0.0,0.0,0.0,payment
2026-07-25 11:42:31,0.07931566666666667,0.0,0.0,0.0,0.0,0.0,0.0,payment
2026-07-25 11:47:31,0.07931566666666667,0.0,0.0,0.0,0.0,0.0,0.0,payment
2026-07-25 11:52:31,0.07931566666666667,0.0,0.0,0.0,0.0,0.0,0.0,payment
2026-07-25 11:57:31,0.07931566666666667,0.0,0.0,0.0,0.0,0.0,0.0,payment
2026-07-25 12:02:31,0.07931566666666667,0.0,0.0,0.0,0.0,0.0,0.0,payment
2026-07-25 12:07:31,0.07931566666666667,0.0,0.0,0.0,0.0,0.0,0.0,payment
2026-07-25 12:12:31,0.07931566666666667,0.0,0.0,0.0,0.0,0.0,0.0,payment
2026-07-25 12:17:31,0.07931566666666667,0.0,0.0,0.0,0.0,0.0,0.0,payment
2026-07-25 12:22:31,0.07931566666666667,0.0,0.0,0.0,0.0,0.0,0.0,payment
2026-07-25 12:27:31,0.07931566666666667,0.0,0.0,0.0,0.0,0.0,0.0,payment
2026-07-25 12:32:31,0.07931566666666667,0.0,0.0,0.0,0.0,0.0,0.0,payment
2026-07-25 12:37:31,0.07931566666666667,0.0,0.0,0.0,0.0,0.0,0.0,payment
2026-07-25 12:42:31,0.07931566666666667,0.0,0.0,0.0,0.0,0.0,0.0,payment
2026-07-25 12:47:31,0.07931566666666667,0.0,0.0,0.0,0.0,0.0,0.0,payment
2026-07-25 12:52:31,0.07931566666666667,0.0,0.0,0.0,0.0,0.0,0.0,payment
2026-07-25 12:57:31,0.07931566666666667,0.0,0.0,0.0,0.0,0.0,0.0,payment
2026-07-25 13:02:31,0.07931566666666667,0.0,0.0,0.0,0.0,0.0,0.0,payment
2026-07-25 13:07:31,0.07931566666666667,0.0,0.0,0.0,0.0,0.0,0.0,payment
2026-07-25 13:12:31,0.07931566666666667,0.0,0.0,0.0,0.0,0.0,0.0,payment
2026-07-25 13:17:31,0.07931566666666667,0.0,0.0,0.0,0.0,0.0,0.0,payment
2026-07-25 13:22:31,0.07931566666666667,0.0,0.0,0.0,0.0,0.0,0.0,payment
2026-07-25 13:27:31,0.07931566666666667,0.0,0.0,0.0,0.0,0.0,0.0,payment
2026-07-25 13:32:31,0.07931566666666667,0.0,0.0,0.0,0.0,0.0,0.0,payment
2026-07-25 13:37:31,0.07931566666666667,0.0,0.0,0.0,0.0,0.0,0.0,payment
2026-07-25 13:42:31,0.07931566666666667,0.0,0.0,0.0,0.0,0.0,0.0,payment
2026-07-25 13:47:31,0.07931566666666667,0.0,0.0,0.0,0.0,0.0,0.0,payment
2026-07-25 13:52:31,0.07931566666666667,0.0,0.0,0.0,0.0,0.0,0.0,payment
2026-07-25 13:57:31,0.07931566666666667,0.0,0.0,0.0,0.0,0.0,0.0,payment
2026-07-25 14:02:31,0.07931566666666667,0.0,0.0,0.0,0.0,0.0,0.0,payment
2026-07-25 14:07:31,0.07931566666666667,0.0,0.0,0.0,0.0,0.0,0.0,payment
2026-07-25 14:12:31,0.07931566666666667,0.0,0.0,0.0,0.0,0.0,0.0,payment
2026-07-25 14:17:31,0.07931566666666667,0.0,0.0,0.0,0.0,0.0,0.0,payment
2026-07-25 14:22:31,0.07931566666666667,0.0,0.0,0.0,0.0,0.0,0.0,payment
2026-07-25 14:27:31,0.07931566666666667,0.0,0.0,0.0,0.0,0.0,0.0,payment
2026-07-25 14:32:31,0.07931566666666667,0.0,0.0,0.0,0.0,0.0,0.0,payment
2026-07-25 14:37:31,0.07931566666666667,0.0,0.0,0.0,0.0,0.0,0.0,payment
2026-07-25 14:42:31,0.07931566666666667,0.0,0.0,0.0,0.0,0.0,0.0,payment
2026-07-25 14:47:31,0.07931566666666667,0.0,0.0,0.0,0.0,0.0,0.0,payment
2026-07-25 14:52:31,0.07931566666666667,0.0,0.0,0.0,0.0,0.0,0.0,payment
2026-07-25 14:57:31,0.07931566666666667,0.0,0.0,0.0,0.0,0.0,0.0,payment
2026-07-25 15:02:31,0.07931566666666667,0.0,0.0,0.0,0.0,0.0,0.0,payment
2026-07-25 15:07:31,0.07931566666666667,0.0,0.0,0.0,0.0,0.0,0.0,payment
2026-07-25 15:12:31,0.07931566666666667,0.0,0.0,0.0,0.0,0.0,0.0,payment
2026-07-25 15:17:31,0.07931566666666667,0.0,0.0,0.0,0.0,0.0,0.0,payment
2026-07-25 15:22:31,0.07931566666666667,0.0,0.0,0.0,0.0,0.0,0.0,payment
2026-07-25 15:27:31,0.07931566666666667,0.0,0.0,0.0,0.0,0.0,0.0,payment
2026-07-25 15:32:31,0.07931566666666667,0.0,0.0,0.0,0.0,0.0,0.0,payment
2026-07-25 15:37:31,0.07931566666666667,0.0,0.0,0.0,0.0,0.0,0.0,payment
2026-07-25 15:42:31,0.07931566666666667,0.0,0.0,0.0,0.0,0.0,0.0,payment
2026-07-25 15:47:31,0.07931566666666667,0.0,0.0,0.0,0.0,0.0,0.0,payment
2026-07-25 15:52:31,0.07931566666666667,0.0,0.0,0.0,0.0,0.0,0.0,payment
2026-07-25 15:57:31,0.07931566666666667,0.0,0.0,0.0,0.0,0.0,0.0,payment
2026-07-25 16:02:31,0.07931566666666667,0.0,0.0,0.0,0.0,0.0,0.0,payment
2026-07-25 16:07:31,0.07931566666666667,0.0,0.0,0.0,0.0,0.0,0.0,payment
2026-07-25 16:12:31,0.07931566666666667,0.0,0.0,0.0,0.0,0.0,0.0,payment
2026-07-25 16:17:31,0.07931566666666667,0.0,0.0,0.0,0.0,0.0,0.0,payment
2026-07-25 16:22:31,0.07931566666666667,0.0,0.0,0.0,0.0,0.0,0.0,payment
2026-07-25 16:27:31,0.07931566666666667,0.0,0.0,0.0,0.0,0.0,0.0,payment
2026-07-25 16:32:31,0.07931566666666667,0.0,0.0,0.0,0.0,0.0,0.0,payment
2026-07-25 16:37:31,0.07931566666666667,0.0,0.0,0.0,0.0,0.0,0.0,payment
2026-07-25 16:42:31,0.07931566666666667,0.0,0.0,0.0,0.0,0.0,0.0,payment
2026-07-25 16:47:31,0.07931566666666667,0.0,0.0,0.0,0.0,0.0,0.0,payment
2026-07-25 16:52:31,0.07931566666666667,0.0,0.0,0.0,0.0,0.0,0.0,payment
2026-07-25 16:57:31,0.07931566666666667,0.0,0.0,0.0,0.0,0.0,0.0,payment
2026-07-25 17:02:31,0.07931566666666667,0.0,0.0,0.0,0.0,0.0,0.0,payment
2026-07-25 17:07:31,0.07931566666666667,0.0,0.0,0.0,0.0,0.0,0.0,payment
2026-07-25 17:12:31,0.07931566666666667,0.0,0.0,0.0,0.0,0.0,0.0,payment
2026-07-25 17:17:31,0.07931566666666667,0.0,0.0,0.0,0.0,0.0,0.0,payment
2026-07-25 17:22:31,0.07931566666666667,0.0,0.0,0.0,0.0,0.0,0.0,payment
2026-07-25 17:27:31,0.07931566666666667,0.0,0.0,0.0,0.0,0.0,0.0,payment
2026-07-25 17:32:31,0.07931566666666667,0.0,0.0,0.0,0.0,0.0,0.0,payment
2026-07-25 17:37:31,0.07931566666666667,0.0,0.0,0.0,0.0,0.0,0.0,payment
2026-07-25 17:42:31,0.07931566666666667,0.0,0.0,0.0,0.0,0.0,0.0,payment
2026-07-25 17:47:31,0.07931566666666667,0.0,0.0,0.0,0.0,0.0,0.0,payment
2026-07-25 17:52:31,0.07931566666666667,0.0,0.0,0.0,0.0,0.0,0.0,payment
2026-07-25 17:57:31,0.07931566666666667,0.0,0.0,0.0,0.0,0.0,0.0,payment
2026-07-25 18:02:31,0.07931566666666667,0.0,0.0,0.0,0.0,0.0,0.0,payment
2026-07-25 18:07:31,0.07931566666666667,0.0,0.0,0.0,0.0,0.0,0.0,payment
2026-07-25 18:12:31,0.07931566666666667,0.0,0.0,0.0,0.0,0.0,0.0,payment
2026-07-25 18:17:31,0.07931566666666667,0.0,0.0,0.0,0.0,0.0,0.0,payment
2026-07-25 18:22:31,0.07931566666666667,0.0,0.0,0.0,0.0,0.0,0.0,payment
2026-07-25 18:27:31,0.07931566666666667,0.0,0.0,0.0,0.0,0.0,0.0,payment
2026-07-25 18:32:31,0.07931566666666667,0.0,0.0,0.0,0.0,0.0,0.0,payment
2026-07-25 18:37:31,0.07931566666666667,0.0,0.0,0.0,0.0,0.0,0.0,payment
2026-07-25 18:42:31,0.07931566666666667,0.0,0.0,0.0,0.0,0.0,0.0,payment
2026-07-25 18:47:31,0.07931566666666667,0.0,0.0,0.0,0.0,0.0,0.0,payment
2026-07-25 18:52:31,0.07931566666666667,0.0,0.0,0.0,0.0,0.0,0.0,payment
2026-07-25 18:57:31,0.07931566666666667,0.0,0.0,0.0,0.0,0.0,0.0,payment
2026-07-25 19:02:31,0.07931566666666667,0.0,0.0,0.0,0.0,0.0,0.0,payment
2026-07-25 19:07:31,0.07931566666666667,0.0,0.0,0.0,0.0,0.0,0.0,payment
2026-07-25 19:12:31,0.07931566666666667,0.0,0.0,0.0,0.0,0.0,0.0,payment
2026-07-25 19:17:31,0.07931566666666667,0.0,0.0,0.0,0.0,0.0,0.0,payment
2026-07-25 19:22:31,0.07931566666666667,0.0,0.0,0.0,0.0,0.0,0.0,payment
2026-07-25 19:27:31,0.07931566666666667,0.0,0.0,0.0,0.0,0.0,0.0,payment
2026-07-25 19:32:31,0.07931566666666667,0.0,0.0,0.0,0.0,0.0,0.0,payment
2026-07-25 19:37:31,0.07931566666666667,0.0,0.0,0.0,0.0,0.0,0.0,payment
2026-07-25 19:42:31,0.07931566666666667,0.0,0.0,0.0,0.0,0.0,0.0,payment
2026-07-25 19:47:31,0.07931566666666667,0.0,0.0,0.0,0.0,0.0,0.0,payment
2026-07-25 19:52:31,0.07931566666666667,0.0,0.0,0.0,0.0,0.0,0.0,payment
2026-07-25 19:57:31,0.07931566666666667,0.0,0.0,0.0,0.0,0.0,0.0,payment
2026-07-25 20:02:31,0.07931566666666667,0.0,0.0,0.0,0.0,0.0,0.0,payment
2026-07-25 20:07:31,0.07931566666666667,0.0,0.0,0.0,0.0,0.0,0.0,payment
2026-07-25 20:12:31,0.07931566666666667,0.0,0.0,0.0,0.0,0.0,0.0,payment
2026-07-25 20:17:31,0.07931566666666667,0.0,0.0,0.0,0.0,0.0,0.0,payment
2026-07-25 20:22:31,0.07931566666666667,0.0,0.0,0.0,0.0,0.0,0.0,payment
2026-07-25 20:27:31,0.07931566666666667,0.0,0.0,0.0,0.0,0.0,0.0,payment
2026-07-25 20:32:31,0.07931566666666667,0.0,0.0,0.0,0.0,0.0,0.0,payment
2026-07-25 20:37:31,0.07931566666666667,0.0,0.0,0.0,0.0,0.0,0.0,payment
2026-07-25 20:42:31,0.07931566666666667,0.0,0.0,0.0,0.0,0.0,0.0,payment
2026-07-25 20:47:31,0.07931566666666667,0.0,0.0,0.0,0.0,0.0,0.0,payment
2026-07-25 20:52:31,0.07931566666666667,0.0,0.0,0.0,0.0,0.0,0.0,payment
2026-07-25 20:57:31,0.07931566666666667,0.0,0.0,0.0,0.0,0.0,0.0,payment
2026-07-25 21:02:31,0.07931566666666667,0.0,0.0,0.0,0.0,0.0,0.0,payment
2026-07-25 21:07:31,0.07931566666666667,0.0,0.0,0.0,0.0,0.0,0.0,payment
2026-07-25 21:12:31,0.07931566666666667,0.0,0.0,0.0,0.0,0.0,0.0,payment
2026-07-25 21:17:31,0.07931566666666667,0.0,0.0,0.0,0.0,0.0,0.0,payment
2026-07-25 21:22:31,0.07931566666666667,0.0,0.0,0.0,0.0,0.0,0.0,payment
2026-07-25 21:27:31,0.07931566666666667,0.0,0.0,0.0,0.0,0.0,0.0,payment
2026-07-25 21:32:31,0.07931566666666667,0.0,0.0,0.0,0.0,0.0,0.0,payment
2026-07-25 21:37:31,0.07931566666666667,0.0,0.0,0.0,0.0,0.0,0.0,payment
2026-07-25 21:42:31,0.07931566666666667,0.0,0.0,0.0,0.0,0.0,0.0,payment
2026-07-25 21:47:31,0.07931566666666667,0.0,0.0,0.0,0.0,0.0,0.0,payment
2026-07-25 21:52:31,0.07931566666666667,0.0,0.0,0.0,0.0,0.0,0.0,payment
2026-07-25 21:57:31,0.07931566666666667,0.0,0.0,0.0,0.0,0.0,0.0,payment
2026-07-25 22:02:31,0.07931566666666667,0.0,0.0,0.0,0.0,0.0,0.0,payment
2026-07-25 22:07:31,0.07931566666666667,0.0,0.0,0.0,0.0,0.0,0.0,payment
2026-07-25 22:12:31,0.07931566666666667,0.0,0.0,0.0,0.0,0.0,0.0,payment
2026-07-25 22:17:31,0.07931566666666667,0.0,0.0,0.0,0.0,0.0,0.0,payment
2026-07-25 22:22:31,0.07931566666666667,0.0,0.0,0.0,0.0,0.0,0.0,payment
2026-07-25 22:27:31,0.07931566666666667,0.0,0.0,0.0,0.0,0.0,0.0,payment
2026-07-25 22:32:31,0.07931566666666667,0.0,0.0,0.0,0.0,0.0,0.0,payment
2026-07-25 22:37:31,0.07931566666666667,0.0,0.0,0.0,0.0,0.0,0.0,payment
2026-07-25 22:42:31,0.07931566666666667,0.0,0.0,0.0,0.0,0.0,0.0,payment
2026-07-25 22:47:31,0.07931566666666667,0.0,0.0,0.0,0.0,0.0,0.0,payment
2026-07-25 22:52:31,0.07931566666666667,0.0,0.0,0.0,0.0,0.0,0.0,payment
2026-07-25 22:57:31,0.07931566666666667,0.0,0.0,0.0,0.0,0.0,0.0,payment
2026-07-25 23:02:31,0.07931566666666667,0.0,0.0,0.0,0.0,0.0,0.0,payment
2026-07-25 23:07:31,0.07931566666666667,0.0,0.0,0.0,0.0,0.0,0.0,payment
2026-07-25 23:12:31,0.07931566666666667,0.0,0.0,0.0,0.0,0.0,0.0,payment
2026-07-25 23:17:31,0.07931566666666667,0.0,0.0,0.0,0.0,0.0,0.0,payment
2026-07-25 23:22:31,0.07931566666666667,0.0,0.0,0.0,0.0,0.0,0.0,payment
2026-07-25 23:27:31,0.07931566666666667,0.0,0.0,0.0,0.0,0.0,0.0,payment
2026-07-25 23:32:31,0.07931566666666667,0.0,0.0,0.0,0.0,0.0,0.0,payment
2026-07-25 23:37:31,0.07931566666666667,0.0,0.0,0.0,0.0,0.0,0.0,payment
2026-07-25 23:42:31,0.07931566666666667,0.0,0.0,0.0,0.0,0.0,0.0,payment
2026-07-25 23:47:31,0.07931566666666667,0.0,0.0,0.0,0.0,0.0,0.0,payment
2026-07-25 23:52:31,0.07931566666666667,0.0,0.0,0.0,0.0,0.0,0.0,payment
2026-07-25 23:57:31,0.07931566666666667,0.0,0.0,0.0,0.0,0.0,0.0,payment
2026-07-26 00:02:31,0.07931566666666667,0.0,0.0,0.0,0.0,0.0,0.0,payment
2026-07-26 00:07:31,0.07931566666666667,0.0,0.0,0.0,0.0,0.0,0.0,payment
2026-07-26 00:12:31,0.07931566666666667,0.0,0.0,0.0,0.0,0.0,0.0,payment
2026-07-26 00:17:31,0.07931566666666667,0.0,0.0,0.0,0.0,0.0,0.0,payment
2026-07-26 00:22:31,0.07931566666666667,0.0,0.0,0.0,0.0,0.0,0.0,payment
2026-07-26 00:27:31,0.07931566666666667,0.0,0.0,0.0,0.0,0.0,0.0,payment
2026-07-26 00:32:31,0.07931566666666667,0.0,0.0,0.0,0.0,0.0,0.0,payment
2026-07-26 00:37:31,0.07931566666666667,0.0,0.0,0.0,0.0,0.0,0.0,payment
2026-07-26 00:42:31,0.07931566666666667,0.0,0.0,0.0,0.0,0.0,0.0,payment
2026-07-26 00:47:31,0.07931566666666667,0.0,0.0,0.0,0.0,0.0,0.0,payment
2026-07-26 00:52:31,0.07931566666666667,0.0,0.0,0.0,0.0,0.0,0.0,payment
2026-07-26 00:57:31,0.07931566666666667,0.0,0.0,0.0,0.0,0.0,0.0,payment
2026-07-26 01:02:31,0.07931566666666667,0.0,0.0,0.0,0.0,0.0,0.0,payment
2026-07-26 01:07:31,0.07931566666666667,0.0,0.0,0.0,0.0,0.0,0.0,payment
2026-07-26 01:12:31,0.07931566666666667,0.0,0.0,0.0,0.0,0.0,0.0,payment
2026-07-26 01:17:31,0.07931566666666667,0.0,0.0,0.0,0.0,0.0,0.0,payment
2026-07-26 01:22:31,0.07931566666666667,0.0,0.0,0.0,0.0,0.0,0.0,payment
2026-07-26 01:27:31,0.07931566666666667,0.0,0.0,0.0,0.0,0.0,0.0,payment
2026-07-26 01:32:31,0.07931566666666667,0.0,0.0,0.0,0.0,0.0,0.0,payment
2026-07-26 01:37:31,0.07931566666666667,0.0,0.0,0.0,0.0,0.0,0.0,payment
2026-07-26 01:42:31,0.07931566666666667,0.0,0.0,0.0,0.0,0.0,0.0,payment
2026-07-26 01:47:31,0.07931566666666667,0.0,0.0,0.0,0.0,0.0,0.0,payment
2026-07-26 01:52:31,0.07931566666666667,0.0,0.0,0.0,0.0,0.0,0.0,payment
2026-07-26 01:57:31,0.07931566666666667,0.0,0.0,0.0,0.0,0.0,0.0,payment
2026-07-26 02:02:31,0.07931566666666667,0.0,0.0,0.0,0.0,0.0,0.0,payment
2026-07-26 02:07:31,0.07931566666666667,0.0,0.0,0.0,0.0,0.0,0.0,payment
2026-07-26 02:12:31,0.07931566666666667,0.0,0.0,0.0,0.0,0.0,0.0,payment
2026-07-26 02:17:31,0.07931566666666667,0.0,0.0,0.0,0.0,0.0,0.0,payment
2026-07-26 02:22:31,0.07931566666666667,0.0,0.0,0.0,0.0,0.0,0.0,payment
2026-07-26 02:27:31,0.07931566666666667,0.0,0.0,0.0,0.0,0.0,0.0,payment
2026-07-26 02:32:31,0.07931566666666667,0.0,0.0,0.0,0.0,0.0,0.0,payment
2026-07-26 02:37:31,0.07931566666666667,0.0,0.0,0.0,0.0,0.0,0.0,payment
2026-07-26 02:42:31,0.07931566666666667,0.0,0.0,0.0,0.0,0.0,0.0,payment
2026-07-26 02:47:31,0.07931566666666667,0.0,0.0,0.0,0.0,0.0,0.0,payment
2026-07-26 02:52:31,0.07931566666666667,0.0,0.0,0.0,0.0,0.0,0.0,payment
2026-07-26 02:57:31,0.07931566666666667,0.0,0.0,0.0,0.0,0.0,0.0,payment
2026-07-26 03:02:31,0.07931566666666667,0.0,0.0,0.0,0.0,0.0,0.0,payment
2026-07-26 03:07:31,0.07931566666666667,0.0,0.0,0.0,0.0,0.0,0.0,payment
2026-07-26 03:12:31,0.07931566666666667,0.0,0.0,0.0,0.0,0.0,0.0,payment
2026-07-26 03:17:31,0.07931566666666667,0.0,0.0,0.0,0.0,0.0,0.0,payment
2026-07-26 03:22:31,0.07931566666666667,0.0,0.0,0.0,0.0,0.0,0.0,payment
2026-07-26 03:27:31,0.07931566666666667,0.0,0.0,0.0,0.0,0.0,0.0,payment
2026-07-26 03:32:31,0.07931566666666667,0.0,0.0,0.0,0.0,0.0,0.0,payment
2026-07-26 03:37:31,0.07931566666666667,0.0,0.0,0.0,0.0,0.0,0.0,payment
2026-07-26 03:42:31,0.07931566666666667,0.0,0.0,0.0,0.0,0.0,0.0,payment
2026-07-26 03:47:31,0.07931566666666667,0.0,0.0,0.0,0.0,0.0,0.0,payment
2026-07-26 03:52:31,0.07931566666666667,0.0,0.0,0.0,0.0,0.0,0.0,payment
2026-07-26 03:57:31,0.07931566666666667,0.0,0.0,0.0,0.0,0.0,0.0,payment
2026-07-26 04:02:31,0.07931566666666667,0.0,0.0,0.0,0.0,0.0,0.0,payment
2026-07-26 04:07:31,0.07931566666666667,0.0,0.0,0.0,0.0,0.0,0.0,payment
2026-07-26 04:12:31,0.07931566666666667,0.0,0.0,0.0,0.0,0.0,0.0,payment
2026-07-26 04:17:31,0.07931566666666667,0.0,0.0,0.0,0.0,0.0,0.0,payment
2026-07-26 04:22:31,0.07931566666666667,0.0,0.0,0.0,0.0,0.0,0.0,payment
2026-07-26 04:27:31,0.07931566666666667,0.0,0.0,0.0,0.0,0.0,0.0,payment
2026-07-26 04:32:31,0.07931566666666667,0.0,0.0,0.0,0.0,0.0,0.0,payment
2026-07-26 04:37:31,0.07931566666666667,0.0,0.0,0.0,0.0,0.0,0.0,payment
2026-07-26 04:42:31,0.07931566666666667,0.0,0.0,0.0,0.0,0.0,0.0,payment
2026-07-26 04:47:31,0.07931566666666667,0.0,0.0,0.0,0.0,0.0,0.0,payment
2026-07-26 04:52:31,0.07931566666666667,0.0,0.0,0.0,0.0,0.0,0.0,payment
2026-07-26 04:57:31,0.07931566666666667,0.0,0.0,0.0,0.0,0.0,0.0,payment
2026-07-26 05:02:31,0.07931566666666667,0.0,0.0,0.0,0.0,0.0,0.0,payment
2026-07-26 05:07:31,0.07931566666666667,0.0,0.0,0.0,0.0,0.0,0.0,payment
2026-07-26 05:12:31,0.07931566666666667,0.0,0.0,0.0,0.0,0.0,0.0,payment
2026-07-26 05:17:31,0.07931566666666667,0.0,0.0,0.0,0.0,0.0,0.0,payment
2026-07-26 05:22:31,0.07931566666666667,0.0,0.0,0.0,0.0,0.0,0.0,payment
2026-07-26 05:27:31,0.07931566666666667,0.0,0.0,0.0,0.0,0.0,0.0,payment
2026-07-26 05:32:31,0.07931566666666667,0.0,0.0,0.0,0.0,0.0,0.0,payment
2026-07-26 05:37:31,0.07931566666666667,0.0,0.0,0.0,0.0,0.0,0.0,payment
2026-07-26 05:42:31,0.07931566666666667,0.0,0.0,0.0,0.0,0.0,0.0,payment
2026-07-26 05:47:31,0.07931566666666667,0.0,0.0,0.0,0.0,0.0,0.0,payment
2026-07-26 05:52:31,0.07931566666666667,0.0,0.0,0.0,0.0,0.0,0.0,payment
2026-07-26 05:57:31,0.07931566666666667,0.0,0.0,0.0,0.0,0.0,0.0,payment
2026-07-26 06:02:31,0.07931566666666667,0.0,0.0,0.0,0.0,0.0,0.0,payment
2026-07-26 06:07:31,0.07931566666666667,0.0,0.0,0.0,0.0,0.0,0.0,payment
2026-07-26 06:12:31,0.07931566666666667,0.0,0.0,0.0,0.0,0.0,0.0,payment
2026-07-26 06:17:31,0.07931566666666667,0.0,0.0,0.0,0.0,0.0,0.0,payment
2026-07-26 06:22:31,0.07931566666666667,0.0,0.0,0.0,0.0,0.0,0.0,payment
2026-07-26 06:27:31,0.07931566666666667,0.0,0.0,0.0,0.0,0.0,0.0,payment
2026-07-26 06:32:31,0.07931566666666667,0.0,0.0,0.0,0.0,0.0,0.0,payment
2026-07-26 06:37:31,0.07931566666666667,0.0,0.0,0.0,0.0,0.0,0.0,payment
2026-07-26 06:42:31,0.07931566666666667,0.0,0.0,0.0,0.0,0.0,0.0,payment
2026-07-26 06:47:31,0.07931566666666667,0.0,0.0,0.0,0.0,0.0,0.0,payment
2026-07-26 06:52:31,0.07931566666666667,0.0,0.0,0.0,0.0,0.0,0.0,payment
2026-07-26 06:57:31,0.07931566666666667,0.0,0.0,0.0,0.0,0.0,0.0,payment
2026-07-26 07:02:31,0.07931566666666667,0.0,0.0,0.0,0.0,0.0,0.0,payment
2026-07-26 07:07:31,0.07931566666666667,0.0,0.0,0.0,0.0,0.0,0.0,payment
2026-07-26 07:12:31,0.07931566666666667,0.0,0.0,0.0,0.0,0.0,0.0,payment
2026-07-26 07:17:31,0.07931566666666667,0.0,0.0,0.0,0.0,0.0,0.0,payment
2026-07-26 07:22:31,0.07931566666666667,0.0,0.0,0.0,0.0,0.0,0.0,payment
2026-07-26 07:27:31,0.07931566666666667,0.0,0.0,0.0,0.0,0.0,0.0,payment
2026-07-26 07:32:31,0.07931566666666667,0.0,0.0,0.0,0.0,0.0,0.0,payment
2026-07-26 07:37:31,0.07931566666666667,0.0,0.0,0.0,0.0,0.0,0.0,payment
2026-07-26 07:42:31,0.07931566666666667,0.0,0.0,0.0,0.0,0.0,0.0,payment
2026-07-26 07:47:31,0.07931566666666667,0.0,0.0,0.0,0.0,0.0,0.0,payment
2026-07-26 07:52:31,0.07931566666666667,0.0,0.0,0.0,0.0,0.0,0.0,payment
2026-07-26 07:57:31,0.07931566666666667,0.0,0.0,0.0,0.0,0.0,0.0,payment
2026-07-26 08:02:31,0.07931566666666667,0.0,0.0,0.0,0.0,0.0,0.0,payment
2026-07-26 08:07:31,0.07931566666666667,0.0,0.0,0.0,0.0,0.0,0.0,payment
2026-07-26 08:12:31,0.07931566666666667,0.0,0.0,0.0,0.0,0.0,0.0,payment
2026-07-26 08:17:31,0.07931566666666667,0.0,0.0,0.0,0.0,0.0,0.0,payment
2026-07-26 08:22:31,0.07931566666666667,0.0,0.0,0.0,0.0,0.0,0.0,payment
2026-07-26 08:27:31,0.07931566666666667,0.0,0.0,0.0,0.0,0.0,0.0,payment
2026-07-26 08:32:31,0.07931566666666667,0.0,0.0,0.0,0.0,0.0,0.0,payment
2026-07-26 08:37:31,0.07931566666666667,0.0,0.0,0.0,0.0,0.0,0.0,payment
2026-07-26 08:42:31,0.07931566666666667,0.0,0.0,0.0,0.0,0.0,0.0,payment
2026-07-26 08:47:31,0.07931566666666667,0.0,0.0,0.0,0.0,0.0,0.0,payment
2026-07-26 08:52:31,0.07931566666666667,0.0,0.0,0.0,0.0,0.0,0.0,payment
2026-07-26 08:57:31,0.07931566666666667,0.0,0.0,0.0,0.0,0.0,0.0,payment
2026-07-26 09:02:31,0.07931566666666667,0.0,0.0,0.0,0.0,0.0,0.0,payment
2026-07-26 09:07:31,0.07931566666666667,0.0,0.0,0.0,0.0,0.0,0.0,payment
2026-07-26 09:12:31,0.07931566666666667,0.0,0.0,0.0,0.0,0.0,0.0,payment
2026-07-26 09:17:31,0.07931566666666667,0.0,0.0,0.0,0.0,0.0,0.0,payment
2026-07-26 09:22:31,0.07931566666666667,0.0,0.0,0.0,0.0,0.0,0.0,payment
2026-07-26 09:27:31,0.07931566666666667,0.0,0.0,0.0,0.0,0.0,0.0,payment
2026-07-26 09:32:31,0.07931566666666667,0.0,0.0,0.0,0.0,0.0,0.0,payment
2026-07-26 09:37:31,0.07931566666666667,0.0,0.0,0.0,0.0,0.0,0.0,payment
2026-07-26 09:42:31,0.07931566666666667,0.0,0.0,0.0,0.0,0.0,0.0,payment
2026-07-26 09:47:31,0.07931566666666667,0.0,0.0,0.0,0.0,0.0,0.0,payment
2026-07-26 09:52:31,0.07931566666666667,0.0,0.0,0.0,0.0,0.0,0.0,payment
2026-07-26 09:57:31,0.07931566666666667,0.0,0.0,0.0,0.0,0.0,0.0,payment
2026-07-26 10:02:31,0.07931566666666667,0.0,0.0,0.0,0.0,0.0,0.0,payment
2026-07-26 10:07:31,0.07931566666666667,0.0,0.0,0.0,0.0,0.0,0.0,payment
2026-07-26 10:12:31,0.07931566666666667,0.0,0.0,0.0,0.0,0.0,0.0,payment
2026-07-26 10:17:31,0.07931566666666667,0.0,0.0,0.0,0.0,0.0,0.0,payment
2026-07-26 10:22:31,0.07931566666666667,0.0,0.0,0.0,0.0,0.0,0.0,payment
2026-07-26 10:27:31,0.07931566666666667,0.0,0.0,0.0,0.0,0.0,0.0,payment
2026-07-26 10:32:31,0.07931566666666667,0.0,0.0,0.0,0.0,0.0,0.0,payment
2026-07-26 10:37:31,0.07931566666666667,0.0,0.0,0.0,0.0,0.0,0.0,payment
2026-07-26 10:42:31,0.07931566666666667,0.0,0.0,0.0,0.0,0.0,0.0,payment
2026-07-26 10:47:31,0.07931566666666667,0.0,0.0,0.0,0.0,0.0,0.0,payment
2026-07-26 10:52:31,0.07931566666666667,0.0,0.0,0.0,0.0,0.0,0.0,payment
2026-07-26 10:57:31,0.07931566666666667,0.0,0.0,0.0,0.0,0.0,0.0,payment
2026-07-26 11:02:31,0.07931566666666667,0.0,0.0,0.0,0.0,0.0,0.0,payment
2026-07-26 11:07:31,0.07931566666666667,0.0,0.0,0.0,0.0,0.0,0.0,payment
2026-07-26 11:12:31,0.07931566666666667,0.0,0.0,0.0,0.0,0.0,0.0,payment
2026-07-26 11:17:31,0.07931566666666667,0.0,0.0,0.0,0.0,0.0,0.0,payment
2026-07-26 11:22:31,0.07931566666666667,0.0,0.0,0.0,0.0,0.0,0.0,payment
2026-07-26 11:27:31,0.07931566666666667,0.0,0.0,0.0,0.0,0.0,0.0,payment
2026-07-26 11:32:31,0.07931566666666667,0.0,0.0,0.0,0.0,0.0,0.0,payment
2026-07-26 11:37:31,0.07931566666666667,0.0,0.0,0.0,0.0,0.0,0.0,payment
2026-07-26 11:42:31,0.07931566666666667,0.0,0.0,0.0,0.0,0.0,0.0,payment
2026-07-26 11:47:31,0.07931566666666667,0.0,0.0,0.0,0.0,0.0,0.0,payment
2026-07-26 11:52:31,0.07931566666666667,0.0,0.0,0.0,0.0,0.0,0.0,payment
2026-07-26 11:57:31,0.07931566666666667,0.0,0.0,0.0,0.0,0.0,0.0,payment
2026-07-26 12:02:31,0.07931566666666667,0.0,0.0,0.0,0.0,0.0,0.0,payment
2026-07-26 12:07:31,0.07931566666666667,0.0,0.0,0.0,0.0,0.0,0.0,payment
2026-07-26 12:12:31,0.07931566666666667,0.0,0.0,0.0,0.0,0.0,0.0,payment
2026-07-26 12:17:31,0.07931566666666667,0.0,0.0,0.0,0.0,0.0,0.0,payment
2026-07-26 12:22:31,0.07931566666666667,0.0,0.0,0.0,0.0,0.0,0.0,payment
2026-07-26 12:27:31,0.07931566666666667,0.0,0.0,0.0,0.0,0.0,0.0,payment
2026-07-26 12:32:31,0.07931566666666667,0.0,0.0,0.0,0.0,0.0,0.0,payment
2026-07-26 12:37:31,0.07931566666666667,0.0,0.0,0.0,0.0,0.0,0.0,payment
2026-07-26 12:42:31,0.07931566666666667,0.0,0.0,0.0,0.0,0.0,0.0,payment
2026-07-26 12:47:31,0.07931566666666667,0.0,0.0,0.0,0.0,0.0,0.0,payment
2026-07-26 12:52:31,0.07931566666666667,0.0,0.0,0.0,0.0,0.0,0.0,payment
2026-07-26 12:57:31,0.07931566666666667,0.0,0.0,0.0,0.0,0.0,0.0,payment
2026-07-26 13:02:31,0.07931566666666667,0.0,0.0,0.0,0.0,0.0,0.0,payment
2026-07-26 13:07:31,0.07931566666666667,0.0,0.0,0.0,0.0,0.0,0.0,payment
2026-07-26 13:12:31,0.07931566666666667,0.0,0.0,0.0,0.0,0.0,0.0,payment
2026-07-26 13:17:31,0.07931566666666667,0.0,0.0,0.0,0.0,0.0,0.0,payment
2026-07-26 13:22:31,0.07931566666666667,0.0,0.0,0.0,0.0,0.0,0.0,payment
2026-07-26 13:27:31,0.07931566666666667,0.0,0.0,0.0,0.0,0.0,0.0,payment
2026-07-26 13:32:31,0.07931566666666667,0.0,0.0,0.0,0.0,0.0,0.0,payment
2026-07-26 13:37:31,0.07931566666666667,0.0,0.0,0.0,0.0,0.0,0.0,payment
2026-07-26 13:42:31,0.07931566666666667,0.0,0.0,0.0,0.0,0.0,0.0,payment
2026-07-26 13:47:31,0.07931566666666667,0.0,0.0,0.0,0.0,0.0,0.0,payment
2026-07-26 13:52:31,0.07931566666666667,0.0,0.0,0.0,0.0,0.0,0.0,payment
2026-07-26 13:57:31,0.07931566666666667,0.0,0.0,0.0,0.0,0.0,0.0,payment
2026-07-26 14:02:31,0.07931566666666667,0.0,0.0,0.0,0.0,0.0,0.0,payment
2026-07-26 14:07:31,0.07931566666666667,0.0,0.0,0.0,0.0,0.0,0.0,payment
2026-07-26 14:12:31,0.07931566666666667,0.0,0.0,0.0,0.0,0.0,0.0,payment
2026-07-26 14:17:31,0.07931566666666667,0.0,0.0,0.0,0.0,0.0,0.0,payment
2026-07-26 14:22:31,0.07931566666666667,0.0,0.0,0.0,0.0,0.0,0.0,payment
2026-07-26 14:27:31,0.07931566666666667,0.0,0.0,0.0,0.0,0.0,0.0,payment
2026-07-26 14:32:31,0.07931566666666667,0.0,0.0,0.0,0.0,0.0,0.0,payment
2026-07-26 14:37:31,0.07931566666666667,0.0,0.0,0.0,0.0,0.0,0.0,payment
2026-07-26 14:42:31,0.07931566666666667,0.0,0.0,0.0,0.0,0.0,0.0,payment
2026-07-26 14:47:31,0.07931566666666667,0.0,0.0,0.0,0.0,0.0,0.0,payment
2026-07-26 14:52:31,0.07931566666666667,0.0,0.0,0.0,0.0,0.0,0.0,payment
2026-07-26 14:57:31,0.07931566666666667,0.0,0.0,0.0,0.0,0.0,0.0,payment
2026-07-26 15:02:31,0.07931566666666667,0.0,0.0,0.0,0.0,0.0,0.0,payment
2026-07-26 15:07:31,0.07931566666666667,0.0,0.0,0.0,0.0,0.0,0.0,payment
2026-07-26 15:12:31,0.07931566666666667,0.0,0.0,0.0,0.0,0.0,0.0,payment
2026-07-26 15:17:31,0.07931566666666667,0.0,0.0,0.0,0.0,0.0,0.0,payment
2026-07-26 15:22:31,0.07931566666666667,0.0,0.0,0.0,0.0,0.0,0.0,payment
2026-07-26 15:27:31,0.07931566666666667,0.0,0.0,0.0,0.0,0.0,0.0,payment
2026-07-26 15:32:31,0.07931566666666667,0.0,0.0,0.0,0.0,0.0,0.0,payment
2026-07-26 15:37:31,0.07931566666666667,0.0,0.0,0.0,0.0,0.0,0.0,payment
2026-07-26 15:42:31,0.07931566666666667,0.0,0.0,0.0,0.0,0.0,0.0,payment
2026-07-26 15:47:31,0.07931566666666667,0.0,0.0,0.0,0.0,0.0,0.0,payment
2026-07-26 15:52:31,0.07931566666666667,0.0,0.0,0.0,0.0,0.0,0.0,payment
2026-07-26 15:57:31,0.07931566666666667,0.0,0.0,0.0,0.0,0.0,0.0,payment
2026-07-26 16:02:31,0.07931566666666667,0.0,0.0,0.0,0.0,0.0,0.0,payment
2026-07-26 16:07:31,0.07931566666666667,0.0,0.0,0.0,0.0,0.0,0.0,payment
2026-07-26 16:12:31,0.07931566666666667,0.0,0.0,0.0,0.0,0.0,0.0,payment
2026-07-26 16:17:31,0.07931566666666667,0.0,0.0,0.0,0.0,0.0,0.0,payment
2026-07-26 16:22:31,0.07931566666666667,0.0,0.0,0.0,0.0,0.0,0.0,payment
2026-07-26 16:27:31,0.07931566666666667,0.0,0.0,0.0,0.0,0.0,0.0,payment
2026-07-26 16:32:31,0.07931566666666667,0.0,0.0,0.0,0.0,0.0,0.0,payment
2026-07-26 16:37:31,0.07931566666666667,0.0,0.0,0.0,0.0,0.0,0.0,payment
2026-07-26 16:42:31,0.07931566666666667,0.0,0.0,0.0,0.0,0.0,0.0,payment
2026-07-26 16:47:31,0.07931566666666667,0.0,0.0,0.0,0.0,0.0,0.0,payment
2026-07-26 16:52:31,0.07931566666666667,0.0,0.0,0.0,0.0,0.0,0.0,payment
2026-07-26 16:57:31,0.07931566666666667,0.0,0.0,0.0,0.0,0.0,0.0,payment
2026-07-26 17:02:31,0.07931566666666667,0.0,0.0,0.0,0.0,0.0,0.0,payment
2026-07-26 17:07:31,0.07931566666666667,0.0,0.0,0.0,0.0,0.0,0.0,payment
2026-07-26 17:12:31,0.07931566666666667,0.0,0.0,0.0,0.0,0.0,0.0,payment
2026-07-26 17:17:31,0.07931566666666667,0.0,0.0,0.0,0.0,0.0,0.0,payment
2026-07-26 17:22:31,0.07931566666666667,0.0,0.0,0.0,0.0,0.0,0.0,payment
2026-07-26 17:27:31,0.07931566666666667,0.0,0.0,0.0,0.0,0.0,0.0,payment
2026-07-26 17:32:31,0.07931566666666667,0.0,0.0,0.0,0.0,0.0,0.0,payment
2026-07-26 17:37:31,0.07931566666666667,0.0,0.0,0.0,0.0,0.0,0.0,payment
2026-07-26 17:42:31,0.07931566666666667,0.0,0.0,0.0,0.0,0.0,0.0,payment
2026-07-26 17:47:31,0.07931566666666667,0.0,0.0,0.0,0.0,0.0,0.0,payment
2026-07-26 17:52:31,0.07931566666666667,0.0,0.0,0.0,0.0,0.0,0.0,payment
2026-07-26 17:57:31,0.07931566666666667,0.0,0.0,0.0,0.0,0.0,0.0,payment
2026-07-26 18:02:31,0.07931566666666667,0.0,0.0,0.0,0.0,0.0,0.0,payment
2026-07-26 18:07:31,0.07931566666666667,0.0,0.0,0.0,0.0,0.0,0.0,payment
2026-07-26 18:12:31,0.07931566666666667,0.0,0.0,0.0,0.0,0.0,0.0,payment
2026-07-26 18:17:31,0.07931566666666667,0.0,0.0,0.0,0.0,0.0,0.0,payment
2026-07-26 18:22:31,0.07931566666666667,0.0,0.0,0.0,0.0,0.0,0.0,payment
2026-07-26 18:27:31,0.07931566666666667,0.0,0.0,0.0,0.0,0.0,0.0,payment
2026-07-26 18:32:31,0.07931566666666667,0.0,0.0,0.0,0.0,0.0,0.0,payment
2026-07-26 18:37:31,0.07931566666666667,0.0,0.0,0.0,0.0,0.0,0.0,payment
2026-07-26 18:42:31,0.07931566666666667,0.0,0.0,0.0,0.0,0.0,0.0,payment
2026-07-26 18:47:31,0.07931566666666667,0.0,0.0,0.0,0.0,0.0,0.0,payment
2026-07-26 18:52:31,0.07931566666666667,0.0,0.0,0.0,0.0,0.0,0.0,payment
2026-07-26 18:57:31,0.07931566666666667,0.0,0.0,0.0,0.0,0.0,0.0,payment
2026-07-26 19:02:31,0.07931566666666667,0.0,0.0,0.0,0.0,0.0,0.0,payment
2026-07-26 19:07:31,0.07931566666666667,0.0,0.0,0.0,0.0,0.0,0.0,payment
2026-07-26 19:12:31,0.07931566666666667,0.0,0.0,0.0,0.0,0.0,0.0,payment
2026-07-26 19:17:31,0.07931566666666667,0.0,0.0,0.0,0.0,0.0,0.0,payment
2026-07-26 19:22:31,0.07931566666666667,0.0,0.0,0.0,0.0,0.0,0.0,payment
2026-07-26 19:27:31,0.07931566666666667,0.0,0.0,0.0,0.0,0.0,0.0,payment
2026-07-26 19:32:31,0.07931566666666667,0.0,0.0,0.0,0.0,0.0,0.0,payment
2026-07-26 19:37:31,0.07931566666666667,0.0,0.0,0.0,0.0,0.0,0.0,payment
2026-07-26 19:42:31,0.07931566666666667,0.0,0.0,0.0,0.0,0.0,0.0,payment
2026-07-26 19:47:31,0.07931566666666667,0.0,0.0,0.0,0.0,0.0,0.0,payment
2026-07-26 19:52:31,0.07931566666666667,0.0,0.0,0.0,0.0,0.0,0.0,payment
2026-07-26 19:57:31,0.07931566666666667,0.0,0.0,0.0,0.0,0.0,0.0,payment
2026-07-26 20:02:31,0.07931566666666667,0.0,0.0,0.0,0.0,0.0,0.0,payment
2026-07-26 20:07:31,0.07931566666666667,0.0,0.0,0.0,0.0,0.0,0.0,payment
2026-07-26 20:12:31,0.07931566666666667,0.0,0.0,0.0,0.0,0.0,0.0,payment
2026-07-26 20:17:31,0.07931566666666667,0.0,0.0,0.0,0.0,0.0,0.0,payment
2026-07-26 20:22:31,0.07931566666666667,0.0,0.0,0.0,0.0,0.0,0.0,payment
2026-07-26 20:27:31,0.07931566666666667,0.0,0.0,0.0,0.0,0.0,0.0,payment
2026-07-26 20:32:31,0.07931566666666667,0.0,0.0,0.0,0.0,0.0,0.0,payment
2026-07-26 20:37:31,0.07931566666666667,0.0,0.0,0.0,0.0,0.0,0.0,payment
2026-07-26 20:42:31,0.07931566666666667,0.0,0.0,0.0,0.0,0.0,0.0,payment
2026-07-26 20:47:31,0.07931566666666667,0.0,0.0,0.0,0.0,0.0,0.0,payment
2026-07-26 20:52:31,0.07931566666666667,0.0,0.0,0.0,0.0,0.0,0.0,payment
2026-07-26 20:57:31,0.07931566666666667,0.0,0.0,0.0,0.0,0.0,0.0,payment
2026-07-26 21:02:31,0.07931566666666667,0.0,0.0,0.0,0.0,0.0,0.0,payment
2026-07-26 21:07:31,0.07931566666666667,0.0,0.0,0.0,0.0,0.0,0.0,payment
2026-07-26 21:12:31,0.07931566666666667,0.0,0.0,0.0,0.0,0.0,0.0,payment
2026-07-26 21:17:31,0.07931566666666667,0.0,0.0,0.0,0.0,0.0,0.0,payment
2026-07-26 21:22:31,0.07931566666666667,0.0,0.0,0.0,0.0,0.0,0.0,payment
2026-07-26 21:27:31,0.07931566666666667,0.0,0.0,0.0,0.0,0.0,0.0,payment
2026-07-26 21:32:31,0.07931566666666667,0.0,0.0,0.0,0.0,0.0,0.0,payment
2026-07-26 21:37:31,0.07931566666666667,0.0,0.0,0.0,0.0,0.0,0.0,payment
2026-07-26 21:42:31,0.07931566666666667,0.0,0.0,0.0,0.0,0.0,0.0,payment
2026-07-26 21:47:31,0.07931566666666667,0.0,0.0,0.0,0.0,0.0,0.0,payment
2026-07-26 21:52:31,0.07931566666666667,0.0,0.0,0.0,0.0,0.0,0.0,payment
2026-07-26 21:57:31,0.07931566666666667,0.0,0.0,0.0,0.0,0.0,0.0,payment
2026-07-26 22:02:31,0.07931566666666667,0.0,0.0,0.0,0.0,0.0,0.0,payment
2026-07-26 22:07:31,0.07931566666666667,0.0,0.0,0.0,0.0,0.0,0.0,payment
2026-07-26 22:12:31,0.07931566666666667,0.0,0.0,0.0,0.0,0.0,0.0,payment
2026-07-26 22:17:31,0.07931566666666667,0.0,0.0,0.0,0.0,0.0,0.0,payment
2026-07-26 22:22:31,0.07931566666666667,0.0,0.0,0.0,0.0,0.0,0.0,payment
2026-07-26 22:27:31,0.07931566666666667,0.0,0.0,0.0,0.0,0.0,0.0,payment
2026-07-26 22:32:31,0.07931566666666667,0.0,0.0,0.0,0.0,0.0,0.0,payment
2026-07-26 22:37:31,0.07931566666666667,0.0,0.0,0.0,0.0,0.0,0.0,payment
2026-07-26 22:42:31,0.07931566666666667,0.0,0.0,0.0,0.0,0.0,0.0,payment
2026-07-26 22:47:31,0.07931566666666667,0.0,0.0,0.0,0.0,0.0,0.0,payment
2026-07-26 22:52:31,0.07931566666666667,0.0,0.0,0.0,0.0,0.0,0.0,payment
2026-07-26 22:57:31,0.07931566666666667,0.0,0.0,0.0,0.0,0.0,0.0,payment
2026-07-26 23:02:31,0.07931566666666667,0.0,0.0,0.0,0.0,0.0,0.0,payment
2026-07-26 23:07:31,0.07931566666666667,0.0,0.0,0.0,0.0,0.0,0.0,payment
2026-07-26 23:12:31,0.07931566666666667,0.0,0.0,0.0,0.0,0.0,0.0,payment
2026-07-26 23:17:31,0.07931566666666667,0.0,0.0,0.0,0.0,0.0,0.0,payment
2026-07-26 23:22:31,0.07931566666666667,0.0,0.0,0.0,0.0,0.0,0.0,payment
2026-07-26 23:27:31,0.07931566666666667,0.0,0.0,0.0,0.0,0.0,0.0,payment
2026-07-26 23:32:31,0.07931566666666667,0.0,0.0,0.0,0.0,0.0,0.0,payment
2026-07-26 23:37:31,0.07931566666666667,0.0,0.0,0.0,0.0,0.0,0.0,payment
2026-07-26 23:42:31,0.07931566666666667,0.0,0.0,0.0,0.0,0.0,0.0,payment
2026-07-26 23:47:31,0.07931566666666667,0.0,0.0,0.0,0.0,0.0,0.0,payment
2026-07-26 23:52:31,0.07931566666666667,0.0,0.0,0.0,0.0,0.0,0.0,payment
2026-07-26 23:57:31,0.07931566666666667,0.0,0.0,0.0,0.0,0.0,0.0,payment
2026-07-27 00:02:31,0.07931566666666667,0.0,0.0,0.0,0.0,0.0,0.0,payment
2026-07-27 00:07:31,0.07931566666666667,0.0,0.0,0.0,0.0,0.0,0.0,payment
2026-07-27 00:12:31,0.07931566666666667,0.0,0.0,0.0,0.0,0.0,0.0,payment
2026-07-27 00:17:31,0.07931566666666667,0.0,0.0,0.0,0.0,0.0,0.0,payment
2026-07-27 00:22:31,0.07931566666666667,0.0,0.0,0.0,0.0,0.0,0.0,payment
2026-07-27 00:27:31,0.07931566666666667,0.0,0.0,0.0,0.0,0.0,0.0,payment
2026-07-27 00:32:31,0.07931566666666667,0.0,0.0,0.0,0.0,0.0,0.0,payment
2026-07-27 00:37:31,0.07931566666666667,0.0,0.0,0.0,0.0,0.0,0.0,payment
2026-07-27 00:42:31,0.07931566666666667,0.0,0.0,0.0,0.0,0.0,0.0,payment
2026-07-27 00:47:31,0.07931566666666667,0.0,0.0,0.0,0.0,0.0,0.0,payment
2026-07-27 00:52:31,0.07931566666666667,0.0,0.0,0.0,0.0,0.0,0.0,payment
2026-07-27 00:57:31,0.07931566666666667,0.0,0.0,0.0,0.0,0.0,0.0,payment
2026-07-27 01:02:31,0.07931566666666667,0.0,0.0,0.0,0.0,0.0,0.0,payment
2026-07-27 01:07:31,0.07931566666666667,0.0,0.0,0.0,0.0,0.0,0.0,payment
2026-07-27 01:12:31,0.07931566666666667,0.0,0.0,0.0,0.0,0.0,0.0,payment
2026-07-27 01:17:31,0.07931566666666667,0.0,0.0,0.0,0.0,0.0,0.0,payment
2026-07-27 01:22:31,0.07931566666666667,0.0,0.0,0.0,0.0,0.0,0.0,payment
2026-07-27 01:27:31,0.07931566666666667,0.0,0.0,0.0,0.0,0.0,0.0,payment
2026-07-27 01:32:31,0.07931566666666667,0.0,0.0,0.0,0.0,0.0,0.0,payment
2026-07-27 01:37:31,0.07931566666666667,0.0,0.0,0.0,0.0,0.0,0.0,payment
2026-07-27 01:42:31,0.07931566666666667,0.0,0.0,0.0,0.0,0.0,0.0,payment
2026-07-27 01:47:31,0.07931566666666667,0.0,0.0,0.0,0.0,0.0,0.0,payment
2026-07-27 01:52:31,0.07931566666666667,0.0,0.0,0.0,0.0,0.0,0.0,payment
2026-07-27 01:57:31,0.07931566666666667,0.0,0.0,0.0,0.0,0.0,0.0,payment
2026-07-27 02:02:31,0.07931566666666667,0.0,0.0,0.0,0.0,0.0,0.0,payment
2026-07-27 02:07:31,0.07931566666666667,0.0,0.0,0.0,0.0,0.0,0.0,payment
2026-07-27 02:12:31,0.07931566666666667,0.0,0.0,0.0,0.0,0.0,0.0,payment
2026-07-27 02:17:31,0.07931566666666667,0.0,0.0,0.0,0.0,0.0,0.0,payment
2026-07-27 02:22:31,0.07931566666666667,0.0,0.0,0.0,0.0,0.0,0.0,payment
2026-07-27 02:27:31,0.07931566666666667,0.0,0.0,0.0,0.0,0.0,0.0,payment
2026-07-27 02:32:31,0.07931566666666667,0.0,0.0,0.0,0.0,0.0,0.0,payment
2026-07-27 02:37:31,0.07931566666666667,0.0,0.0,0.0,0.0,0.0,0.0,payment
2026-07-27 02:42:31,0.07931566666666667,0.0,0.0,0.0,0.0,0.0,0.0,payment
2026-07-27 02:47:31,0.07931566666666667,0.0,0.0,0.0,0.0,0.0,0.0,payment
2026-07-27 02:52:31,0.07931566666666667,0.0,0.0,0.0,0.0,0.0,0.0,payment
2026-07-27 02:57:31,0.07931566666666667,0.0,0.0,0.0,0.0,0.0,0.0,payment
2026-07-27 03:02:31,0.07931566666666667,0.0,0.0,0.0,0.0,0.0,0.0,payment
2026-07-27 03:07:31,0.07931566666666667,0.0,0.0,0.0,0.0,0.0,0.0,payment
2026-07-27 03:12:31,0.07931566666666667,0.0,0.0,0.0,0.0,0.0,0.0,payment
2026-07-27 03:17:31,0.07931566666666667,0.0,0.0,0.0,0.0,0.0,0.0,payment
2026-07-27 03:22:31,0.07931566666666667,0.0,0.0,0.0,0.0,0.0,0.0,payment
2026-07-27 03:27:31,0.07931566666666667,0.0,0.0,0.0,0.0,0.0,0.0,payment
2026-07-27 03:32:31,0.07931566666666667,0.0,0.0,0.0,0.0,0.0,0.0,payment
2026-07-27 03:37:31,0.07931566666666667,0.0,0.0,0.0,0.0,0.0,0.0,payment
2026-07-27 03:42:31,0.07931566666666667,0.0,0.0,0.0,0.0,0.0,0.0,payment
2026-07-27 03:47:31,0.07931566666666667,0.0,0.0,0.0,0.0,0.0,0.0,payment
2026-07-27 03:52:31,0.07931566666666667,0.0,0.0,0.0,0.0,0.0,0.0,payment
2026-07-27 03:57:31,0.07931566666666667,0.0,0.0,0.0,0.0,0.0,0.0,payment
2026-07-27 04:02:31,0.07931566666666667,0.0,0.0,0.0,0.0,0.0,0.0,payment
2026-07-27 04:07:31,0.07931566666666667,0.0,0.0,0.0,0.0,0.0,0.0,payment
2026-07-27 04:12:31,0.07931566666666667,0.0,0.0,0.0,0.0,0.0,0.0,payment
2026-07-27 04:17:31,0.07931566666666667,0.0,0.0,0.0,0.0,0.0,0.0,payment
2026-07-27 04:22:31,0.07931566666666667,0.0,0.0,0.0,0.0,0.0,0.0,payment
2026-07-27 04:27:31,0.07931566666666667,0.0,0.0,0.0,0.0,0.0,0.0,payment
2026-07-27 04:32:31,0.07931566666666667,0.0,0.0,0.0,0.0,0.0,0.0,payment
2026-07-27 04:37:31,0.07931566666666667,0.0,0.0,0.0,0.0,0.0,0.0,payment
2026-07-27 04:42:31,0.07931566666666667,0.0,0.0,0.0,0.0,0.0,0.0,payment
2026-07-27 04:47:31,0.07931566666666667,0.0,0.0,0.0,0.0,0.0,0.0,payment
2026-07-27 04:52:31,0.07931566666666667,0.0,0.0,0.0,0.0,0.0,0.0,payment
2026-07-27 04:57:31,0.07931566666666667,0.0,0.0,0.0,0.0,0.0,0.0,payment
2026-07-27 05:02:31,0.07931566666666667,0.0,0.0,0.0,0.0,0.0,0.0,payment
2026-07-27 05:07:31,0.07931566666666667,0.0,0.0,0.0,0.0,0.0,0.0,payment
2026-07-27 05:12:31,0.07931566666666667,0.0,0.0,0.0,0.0,0.0,0.0,payment
2026-07-27 05:17:31,0.07931566666666667,0.0,0.0,0.0,0.0,0.0,0.0,payment
2026-07-27 05:22:31,0.07931566666666667,0.0,0.0,0.0,0.0,0.0,0.0,payment
2026-07-27 05:27:31,0.07931566666666667,0.0,0.0,0.0,0.0,0.0,0.0,payment
2026-07-27 05:32:31,0.07931566666666667,0.0,0.0,0.0,0.0,0.0,0.0,payment
2026-07-27 05:37:31,0.07931566666666667,0.0,0.0,0.0,0.0,0.0,0.0,payment
2026-07-27 05:42:31,0.07931566666666667,0.0,0.0,0.0,0.0,0.0,0.0,payment
2026-07-27 05:47:31,0.07931566666666667,0.0,0.0,0.0,0.0,0.0,0.0,payment
2026-07-27 05:52:31,0.07931566666666667,0.0,0.0,0.0,0.0,0.0,0.0,payment
2026-07-27 05:57:31,0.07931566666666667,0.0,0.0,0.0,0.0,0.0,0.0,payment
2026-07-27 06:02:31,0.07931566666666667,0.0,0.0,0.0,0.0,0.0,0.0,payment
2026-07-27 06:07:31,0.07931566666666667,0.0,0.0,0.0,0.0,0.0,0.0,payment
2026-07-27 06:12:31,0.07931566666666667,0.0,0.0,0.0,0.0,0.0,0.0,payment
2026-07-27 06:17:31,0.07931566666666667,0.0,0.0,0.0,0.0,0.0,0.0,payment
2026-07-27 06:22:31,0.07931566666666667,0.0,0.0,0.0,0.0,0.0,0.0,payment
2026-07-27 06:27:31,0.07931566666666667,0.0,0.0,0.0,0.0,0.0,0.0,payment
2026-07-27 06:32:31,0.07931566666666667,0.0,0.0,0.0,0.0,0.0,0.0,payment
2026-07-27 06:37:31,0.07931566666666667,0.0,0.0,0.0,0.0,0.0,0.0,payment
2026-07-27 06:42:31,0.07931566666666667,0.0,0.0,0.0,0.0,0.0,0.0,payment
2026-07-27 06:47:31,0.07931566666666667,0.0,0.0,0.0,0.0,0.0,0.0,payment
2026-07-27 06:52:31,0.07931566666666667,0.0,0.0,0.0,0.0,0.0,0.0,payment
2026-07-27 06:57:31,0.07931566666666667,0.0,0.0,0.0,0.0,0.0,0.0,payment
2026-07-27 07:02:31,0.07931566666666667,0.0,0.0,0.0,0.0,0.0,0.0,payment
2026-07-27 07:07:31,0.07931566666666667,0.0,0.0,0.0,0.0,0.0,0.0,payment
2026-07-27 07:12:31,0.07931566666666667,0.0,0.0,0.0,0.0,0.0,0.0,payment
2026-07-27 07:17:31,0.07931566666666667,0.0,0.0,0.0,0.0,0.0,0.0,payment
2026-07-27 07:22:31,0.07931566666666667,0.0,0.0,0.0,0.0,0.0,0.0,payment
2026-07-27 07:27:31,0.07931566666666667,0.0,0.0,0.0,0.0,0.0,0.0,payment
2026-07-27 07:32:31,0.07931566666666667,0.0,0.0,0.0,0.0,0.0,0.0,payment
2026-07-27 07:37:31,0.07931566666666667,0.0,0.0,0.0,0.0,0.0,0.0,payment
2026-07-27 07:42:31,0.07931566666666667,0.0,0.0,0.0,0.0,0.0,0.0,payment
2026-07-27 07:47:31,0.07931566666666667,0.0,0.0,0.0,0.0,0.0,0.0,payment
2026-07-27 07:52:31,0.07931566666666667,0.0,0.0,0.0,0.0,0.0,0.0,payment
2026-07-27 07:57:31,0.07931566666666667,0.0,0.0,0.0,0.0,0.0,0.0,payment
2026-07-27 08:02:31,0.07931566666666667,0.0,0.0,0.0,0.0,0.0,0.0,payment
2026-07-27 08:07:31,0.07931566666666667,0.0,0.0,0.0,0.0,0.0,0.0,payment
2026-07-27 08:12:31,0.07931566666666667,0.0,0.0,0.0,0.0,0.0,0.0,payment
2026-07-27 08:17:31,0.07931566666666667,0.0,0.0,0.0,0.0,0.0,0.0,payment
2026-07-27 08:22:31,0.07931566666666667,0.0,0.0,0.0,0.0,0.0,0.0,payment
2026-07-27 08:27:31,0.07931566666666667,0.0,0.0,0.0,0.0,0.0,0.0,payment
2026-07-27 08:32:31,0.07931566666666667,0.0,0.0,0.0,0.0,0.0,0.0,payment
2026-07-27 08:37:31,0.07931566666666667,0.0,0.0,0.0,0.0,0.0,0.0,payment
2026-07-27 08:42:31,0.07931566666666667,0.0,0.0,0.0,0.0,0.0,0.0,payment
2026-07-27 08:47:31,0.07931566666666667,0.0,0.0,0.0,0.0,0.0,0.0,payment
2026-07-27 08:52:31,0.07931566666666667,0.0,0.0,0.0,0.0,0.0,0.0,payment
2026-07-27 08:57:31,0.07931566666666667,0.0,0.0,0.0,0.0,0.0,0.0,payment
2026-07-27 09:02:31,0.07931566666666667,0.0,0.0,0.0,0.0,0.0,0.0,payment
2026-07-27 09:07:31,0.07931566666666667,0.0,0.0,0.0,0.0,0.0,0.0,payment
2026-07-27 09:12:31,0.07931566666666667,0.0,0.0,0.0,0.0,0.0,0.0,payment
2026-07-27 09:17:31,0.07931566666666667,0.0,0.0,0.0,0.0,0.0,0.0,payment
2026-07-27 09:22:31,0.07931566666666667,0.0,0.0,0.0,0.0,0.0,0.0,payment
2026-07-27 09:27:31,0.07931566666666667,0.0,0.0,0.0,0.0,0.0,0.0,payment
2026-07-27 09:32:31,0.07931566666666667,0.0,0.0,0.0,0.0,0.0,0.0,payment
2026-07-27 09:37:31,0.07931566666666667,0.0,0.0,0.0,0.0,0.0,0.0,payment
2026-07-27 09:42:31,0.07931566666666667,0.0,0.0,0.0,0.0,0.0,0.0,payment
2026-07-27 09:47:31,0.07931566666666667,0.0,0.0,0.0,0.0,0.0,0.0,payment
2026-07-27 09:52:31,0.07931566666666667,0.0,0.0,0.0,0.0,0.0,0.0,payment
2026-07-27 09:57:31,0.07931566666666667,0.0,0.0,0.0,0.0,0.0,0.0,payment
2026-07-27 10:02:31,0.07931566666666667,0.0,0.0,0.0,0.0,0.0,0.0,payment
2026-07-27 10:07:31,0.07931566666666667,0.0,0.0,0.0,0.0,0.0,0.0,payment
2026-07-27 10:12:31,0.07931566666666667,0.0,0.0,0.0,0.0,0.0,0.0,payment
2026-07-27 10:17:31,0.07931566666666667,0.0,0.0,0.0,0.0,0.0,0.0,payment
2026-07-27 10:22:31,0.07931566666666667,0.0,0.0,0.0,0.0,0.0,0.0,payment
2026-07-27 10:27:31,0.07931566666666667,0.0,0.0,0.0,0.0,0.0,0.0,payment
2026-07-27 10:32:31,0.07931566666666667,0.0,0.0,0.0,0.0,0.0,0.0,payment
2026-07-27 10:37:31,0.07931566666666667,0.0,0.0,0.0,0.0,0.0,0.0,payment
2026-07-27 10:42:31,0.07931566666666667,0.0,0.0,0.0,0.0,0.0,0.0,payment
2026-07-27 10:47:31,0.07931566666666667,0.0,0.0,0.0,0.0,0.0,0.0,payment
2026-07-27 10:52:31,0.07931566666666667,0.0,0.0,0.0,0.0,0.0,0.0,payment
2026-07-27 10:57:31,0.07931566666666667,0.0,0.0,0.0,0.0,0.0,0.0,payment
2026-07-27 11:02:31,0.07931566666666667,0.0,0.0,0.0,0.0,0.0,0.0,payment
2026-07-27 11:07:31,0.07931566666666667,0.0,0.0,0.0,0.0,0.0,0.0,payment
2026-07-27 11:12:31,0.07931566666666667,0.0,0.0,0.0,0.0,0.0,0.0,payment
2026-07-27 11:17:31,0.07931566666666667,0.0,0.0,0.0,0.0,0.0,0.0,payment
2026-07-27 11:22:31,0.07931566666666667,0.0,0.0,0.0,0.0,0.0,0.0,payment
2026-07-27 11:27:31,0.07931566666666667,0.0,0.0,0.0,0.0,0.0,0.0,payment
2026-07-27 11:32:31,0.07931566666666667,0.0,0.0,0.0,0.0,0.0,0.0,payment
2026-07-27 11:37:31,0.07931566666666667,0.0,0.0,0.0,0.0,0.0,0.0,payment
2026-07-27 11:42:31,0.07931566666666667,0.0,0.0,0.0,0.0,0.0,0.0,payment
2026-07-27 11:47:31,0.07931566666666667,0.0,0.0,0.0,0.0,0.0,0.0,payment
2026-07-27 11:52:31,0.07931566666666667,0.0,0.0,0.0,0.0,0.0,0.0,payment
2026-07-27 11:57:31,0.07931566666666667,0.0,0.0,0.0,0.0,0.0,0.0,payment
2026-07-27 12:02:31,0.07931566666666667,0.0,0.0,0.0,0.0,0.0,0.0,payment
2026-07-27 12:07:31,0.07931566666666667,0.0,0.0,0.0,0.0,0.0,0.0,payment
2026-07-27 12:12:31,0.07931566666666667,0.0,0.0,0.0,0.0,0.0,0.0,payment
2026-07-27 12:17:31,0.07931566666666667,0.0,0.0,0.0,0.0,0.0,0.0,payment
2026-07-27 12:22:31,0.07931566666666667,0.0,0.0,0.0,0.0,0.0,0.0,payment
2026-07-27 12:27:31,0.07931566666666667,0.0,0.0,0.0,0.0,0.0,0.0,payment
2026-07-27 12:32:31,0.07931566666666667,0.0,0.0,0.0,0.0,0.0,0.0,payment
2026-07-27 12:37:31,0.07931566666666667,0.0,0.0,0.0,0.0,0.0,0.0,payment
2026-07-27 12:42:31,0.07931566666666667,0.0,0.0,0.0,0.0,0.0,0.0,payment
2026-07-27 12:47:31,0.07931566666666667,0.0,0.0,0.0,0.0,0.0,0.0,payment
2026-07-27 12:52:31,0.07931566666666667,0.0,0.0,0.0,0.0,0.0,0.0,payment
2026-07-27 12:57:31,0.07931566666666667,0.0,0.0,0.0,0.0,0.0,0.0,payment
2026-07-27 13:02:31,0.07931566666666667,0.0,0.0,0.0,0.0,0.0,0.0,payment
2026-07-27 13:07:31,0.07931566666666667,0.0,0.0,0.0,0.0,0.0,0.0,payment
2026-07-27 13:12:31,0.07931566666666667,0.0,0.0,0.0,0.0,0.0,0.0,payment
2026-07-27 13:17:31,0.07931566666666667,0.0,0.0,0.0,0.0,0.0,0.0,payment
2026-07-27 13:22:31,0.07931566666666667,0.0,0.0,0.0,0.0,0.0,0.0,payment
2026-07-27 13:27:31,0.07931566666666667,0.0,0.0,0.0,0.0,0.0,0.0,payment
2026-07-27 13:32:31,0.07931566666666667,0.0,0.0,0.0,0.0,0.0,0.0,payment
2026-07-27 13:37:31,0.07931566666666667,0.0,0.0,0.0,0.0,0.0,0.0,payment
2026-07-27 13:42:31,0.07931566666666667,0.0,0.0,0.0,0.0,0.0,0.0,payment
2026-07-27 13:47:31,0.07931566666666667,0.0,0.0,0.0,0.0,0.0,0.0,payment
2026-07-27 13:52:31,0.07931566666666667,0.0,0.0,0.0,0.0,0.0,0.0,payment
2026-07-27 13:57:31,0.07931566666666667,0.0,0.0,0.0,0.0,0.0,0.0,payment
2026-07-27 14:02:31,0.07931566666666667,0.0,0.0,0.0,0.0,0.0,0.0,payment
2026-07-27 14:07:31,0.07931566666666667,0.0,0.0,0.0,0.0,0.0,0.0,payment
2026-07-27 14:12:31,0.07931566666666667,0.0,0.0,0.0,0.0,0.0,0.0,payment
2026-07-27 14:17:31,0.07931566666666667,0.0,0.0,0.0,0.0,0.0,0.0,payment
2026-07-27 14:22:31,0.07931566666666667,0.0,0.0,0.0,0.0,0.0,0.0,payment
2026-07-27 14:27:31,0.07931566666666667,0.0,0.0,0.0,0.0,0.0,0.0,payment
2026-07-27 14:32:31,0.07931566666666667,0.0,0.0,0.0,0.0,0.0,0.0,payment
2026-07-27 14:37:31,0.07931566666666667,0.0,0.0,0.0,0.0,0.0,0.0,payment
2026-07-27 14:42:31,0.07931566666666667,0.0,0.0,0.0,0.0,0.0,0.0,payment
2026-07-27 14:47:31,0.07931566666666667,0.0,0.0,0.0,0.0,0.0,0.0,payment
2026-07-27 14:52:31,0.07931566666666667,0.0,0.0,0.0,0.0,0.0,0.0,payment
2026-07-27 14:57:31,0.07931566666666667,0.0,0.0,0.0,0.0,0.0,0.0,payment
2026-07-27 15:02:31,0.07931566666666667,0.0,0.0,0.0,0.0,0.0,0.0,payment
2026-07-27 15:07:31,0.07931566666666667,0.0,0.0,0.0,0.0,0.0,0.0,payment
2026-07-27 15:12:31,0.07931566666666667,0.0,0.0,0.0,0.0,0.0,0.0,payment
2026-07-27 15:17:31,0.07931566666666667,0.0,0.0,0.0,0.0,0.0,0.0,payment
2026-07-27 15:22:31,0.07931566666666667,0.0,0.0,0.0,0.0,0.0,0.0,payment
2026-07-27 15:27:31,0.07931566666666667,0.0,0.0,0.0,0.0,0.0,0.0,payment
2026-07-27 15:32:31,0.07931566666666667,0.0,0.0,0.0,0.0,0.0,0.0,payment
2026-07-27 15:37:31,0.07931566666666667,0.0,0.0,0.0,0.0,0.0,0.0,payment
2026-07-27 15:42:31,0.07931566666666667,0.0,0.0,0.0,0.0,0.0,0.0,payment
2026-07-27 15:47:31,0.07931566666666667,0.0,0.0,0.0,0.0,0.0,0.0,payment
2026-07-27 15:52:31,0.07931566666666667,0.0,0.0,0.0,0.0,0.0,0.0,payment
2026-07-27 15:57:31,0.07931566666666667,0.0,0.0,0.0,0.0,0.0,0.0,payment
2026-07-27 16:02:31,0.07931566666666667,0.0,0.0,0.0,0.0,0.0,0.0,payment
2026-07-27 16:07:31,0.07931566666666667,0.0,0.0,0.0,0.0,0.0,0.0,payment
2026-07-27 16:12:31,0.07931566666666667,0.0,0.0,0.0,0.0,0.0,0.0,payment
2026-07-27 16:17:31,0.07931566666666667,0.0,0.0,0.0,0.0,0.0,0.0,payment
2026-07-27 16:22:31,0.07931566666666667,0.0,0.0,0.0,0.0,0.0,0.0,payment
2026-07-27 16:27:31,0.07931566666666667,0.0,0.0,0.0,0.0,0.0,0.0,payment
2026-07-27 16:32:31,0.07931566666666667,0.0,0.0,0.0,0.0,0.0,0.0,payment
2026-07-27 16:37:31,0.07931566666666667,0.0,0.0,0.0,0.0,0.0,0.0,payment
2026-07-27 16:42:31,0.07931566666666667,0.0,0.0,0.0,0.0,0.0,0.0,payment
2026-07-27 16:47:31,0.07931566666666667,0.0,0.0,0.0,0.0,0.0,0.0,payment
2026-07-27 16:52:31,0.07931566666666667,0.0,0.0,0.0,0.0,0.0,0.0,payment
2026-07-27 16:57:31,0.07931566666666667,0.0,0.0,0.0,0.0,0.0,0.0,payment
2026-07-27 17:02:31,0.07931566666666667,0.0,0.0,0.0,0.0,0.0,0.0,payment
2026-07-27 17:07:31,0.07931566666666667,0.0,0.0,0.0,0.0,0.0,0.0,payment
2026-07-27 17:12:31,0.07931566666666667,0.0,0.0,0.0,0.0,0.0,0.0,payment
2026-07-27 17:17:31,0.07931566666666667,0.0,0.0,0.0,0.0,0.0,0.0,payment
2026-07-27 17:22:31,0.07931566666666667,0.0,0.0,0.0,0.0,0.0,0.0,payment
2026-07-27 17:27:31,0.07931566666666667,0.0,0.0,0.0,0.0,0.0,0.0,payment
2026-07-27 17:32:31,0.07931566666666667,0.0,0.0,0.0,0.0,0.0,0.0,payment
2026-07-27 17:37:31,0.07931566666666667,0.0,0.0,0.0,0.0,0.0,0.0,payment
2026-07-27 17:42:31,0.07931566666666667,0.0,0.0,0.0,0.0,0.0,0.0,payment
2026-07-27 17:47:31,0.07931566666666667,0.0,0.0,0.0,0.0,0.0,0.0,payment
2026-07-27 17:52:31,0.07931566666666667,0.0,0.0,0.0,0.0,0.0,0.0,payment
2026-07-27 17:57:31,0.07931566666666667,0.0,0.0,0.0,0.0,0.0,0.0,payment
2026-07-27 18:02:31,0.07931566666666667,0.0,0.0,0.0,0.0,0.0,0.0,payment
2026-07-27 18:07:31,0.07931566666666667,0.0,0.0,0.0,0.0,0.0,0.0,payment
2026-07-27 18:12:31,0.07931566666666667,0.0,0.0,0.0,0.0,0.0,0.0,payment
2026-07-27 18:17:31,0.07931566666666667,0.0,0.0,0.0,0.0,0.0,0.0,payment
2026-07-27 18:22:31,0.07931566666666667,0.0,0.0,0.0,0.0,0.0,0.0,payment
2026-07-27 18:27:31,0.07931566666666667,0.0,0.0,0.0,0.0,0.0,0.0,payment
2026-07-27 18:32:31,0.07931566666666667,0.0,0.0,0.0,0.0,0.0,0.0,payment
2026-07-27 18:37:31,0.07931566666666667,0.0,0.0,0.0,0.0,0.0,0.0,payment
2026-07-27 18:42:31,0.07931566666666667,0.0,0.0,0.0,0.0,0.0,0.0,payment
2026-07-27 18:47:31,0.07931566666666667,0.0,0.0,0.0,0.0,0.0,0.0,payment
2026-07-27 18:52:31,0.07931566666666667,0.0,0.0,0.0,0.0,0.0,0.0,payment
2026-07-27 18:57:31,0.07931566666666667,0.0,0.0,0.0,0.0,0.0,0.0,payment
2026-07-27 19:02:31,0.07931566666666667,0.0,0.0,0.0,0.0,0.0,0.0,payment
2026-07-27 19:07:31,0.07931566666666667,0.0,0.0,0.0,0.0,0.0,0.0,payment
2026-07-27 19:12:31,0.07931566666666667,0.0,0.0,0.0,0.0,0.0,0.0,payment
2026-07-27 19:17:31,0.07931566666666667,0.0,0.0,0.0,0.0,0.0,0.0,payment
2026-07-27 19:22:31,0.07931566666666667,0.0,0.0,0.0,0.0,0.0,0.0,payment
2026-07-27 19:27:31,0.07931566666666667,0.0,0.0,0.0,0.0,0.0,0.0,payment
2026-07-27 19:32:31,0.07931566666666667,0.0,0.0,0.0,0.0,0.0,0.0,payment
2026-07-27 19:37:31,0.07931566666666667,0.0,0.0,0.0,0.0,0.0,0.0,payment
2026-07-27 19:42:31,0.07931566666666667,0.0,0.0,0.0,0.0,0.0,0.0,payment
2026-07-27 19:47:31,0.07931566666666667,0.0,0.0,0.0,0.0,0.0,0.0,payment
2026-07-27 19:52:31,0.07931566666666667,0.0,0.0,0.0,0.0,0.0,0.0,payment
2026-07-27 19:57:31,0.07931566666666667,0.0,0.0,0.0,0.0,0.0,0.0,payment
2026-07-27 20:02:31,0.07931566666666667,0.0,0.0,0.0,0.0,0.0,0.0,payment
2026-07-27 20:07:31,0.07931566666666667,0.0,0.0,0.0,0.0,0.0,0.0,payment
2026-07-27 20:12:31,0.07931566666666667,0.0,0.0,0.0,0.0,0.0,0.0,payment
2026-07-27 20:17:31,0.07931566666666667,0.0,0.0,0.0,0.0,0.0,0.0,payment
2026-07-27 20:22:31,0.07931566666666667,0.0,0.0,0.0,0.0,0.0,0.0,payment
2026-07-27 20:27:31,0.07931566666666667,0.0,0.0,0.0,0.0,0.0,0.0,payment
2026-07-27 20:32:31,0.07931566666666667,0.0,0.0,0.0,0.0,0.0,0.0,payment
2026-07-27 20:37:31,0.07931566666666667,0.0,0.0,0.0,0.0,0.0,0.0,payment
2026-07-27 20:42:31,0.07931566666666667,0.0,0.0,0.0,0.0,0.0,0.0,payment
2026-07-27 20:47:31,0.07931566666666667,0.0,0.0,0.0,0.0,0.0,0.0,payment
2026-07-27 20:52:31,0.07931566666666667,0.0,0.0,0.0,0.0,0.0,0.0,payment
2026-07-27 20:57:31,0.07931566666666667,0.0,0.0,0.0,0.0,0.0,0.0,payment
2026-07-27 21:02:31,0.07931566666666667,0.0,0.0,0.0,0.0,0.0,0.0,payment
2026-07-27 21:07:31,0.07931566666666667,0.0,0.0,0.0,0.0,0.0,0.0,payment
2026-07-27 21:12:31,0.07931566666666667,0.0,0.0,0.0,0.0,0.0,0.0,payment
2026-07-27 21:17:31,0.07931566666666667,0.0,0.0,0.0,0.0,0.0,0.0,payment
2026-07-27 21:22:31,0.07931566666666667,0.0,0.0,0.0,0.0,0.0,0.0,payment
2026-07-27 21:27:31,0.07931566666666667,0.0,0.0,0.0,0.0,0.0,0.0,payment
2026-07-27 21:32:31,0.07931566666666667,0.0,0.0,0.0,0.0,0.0,0.0,payment
2026-07-27 21:37:31,0.07931566666666667,0.0,0.0,0.0,0.0,0.0,0.0,payment
2026-07-27 21:42:31,0.07931566666666667,0.0,0.0,0.0,0.0,0.0,0.0,payment
2026-07-27 21:47:31,0.07931566666666667,0.0,0.0,0.0,0.0,0.0,0.0,payment
2026-07-27 21:52:31,0.07931566666666667,0.0,0.0,0.0,0.0,0.0,0.0,payment
2026-07-27 21:57:31,0.07931566666666667,0.0,0.0,0.0,0.0,0.0,0.0,payment
2026-07-27 22:02:31,0.07931566666666667,0.0,0.0,0.0,0.0,0.0,0.0,payment
2026-07-27 22:07:31,0.07931566666666667,0.0,0.0,0.0,0.0,0.0,0.0,payment
2026-07-27 22:12:31,0.07931566666666667,0.0,0.0,0.0,0.0,0.0,0.0,payment
2026-07-27 22:17:31,0.07931566666666667,0.0,0.0,0.0,0.0,0.0,0.0,payment
2026-07-27 22:22:31,0.07931566666666667,0.0,0.0,0.0,0.0,0.0,0.0,payment
2026-07-27 22:27:31,0.07931566666666667,0.0,0.0,0.0,0.0,0.0,0.0,payment
2026-07-27 22:32:31,0.07931566666666667,0.0,0.0,0.0,0.0,0.0,0.0,payment
2026-07-27 22:37:31,0.07931566666666667,0.0,0.0,0.0,0.0,0.0,0.0,payment
2026-07-27 22:42:31,0.07931566666666667,0.0,0.0,0.0,0.0,0.0,0.0,payment
2026-07-27 22:47:31,0.07931566666666667,0.0,0.0,0.0,0.0,0.0,0.0,payment
2026-07-27 22:52:31,0.07931566666666667,0.0,0.0,0.0,0.0,0.0,0.0,payment
2026-07-27 22:57:31,0.07931566666666667,0.0,0.0,0.0,0.0,0.0,0.0,payment
2026-07-27 23:02:31,0.07931566666666667,0.0,0.0,0.0,0.0,0.0,0.0,payment
2026-07-27 23:07:31,0.07931566666666667,0.0,0.0,0.0,0.0,0.0,0.0,payment
2026-07-27 23:12:31,0.07931566666666667,0.0,0.0,0.0,0.0,0.0,0.0,payment
2026-07-27 23:17:31,0.07931566666666667,0.0,0.0,0.0,0.0,0.0,0.0,payment
2026-07-27 23:22:31,0.07931566666666667,0.0,0.0,0.0,0.0,0.0,0.0,payment
2026-07-27 23:27:31,0.07931566666666667,0.0,0.0,0.0,0.0,0.0,0.0,payment
2026-07-27 23:32:31,0.07931566666666667,0.0,0.0,0.0,0.0,0.0,0.0,payment
2026-07-27 23:37:31,0.07931566666666667,0.0,0.0,0.0,0.0,0.0,0.0,payment
2026-07-27 23:42:31,0.07931566666666667,0.0,0.0,0.0,0.0,0.0,0.0,payment
2026-07-27 23:47:31,0.07931566666666667,0.0,0.0,0.0,0.0,0.0,0.0,payment
2026-07-27 23:52:31,0.07931566666666667,0.0,0.0,0.0,0.0,0.0,0.0,payment
2026-07-27 23:57:31,0.07931566666666667,0.0,0.0,0.0,0.0,0.0,0.0,payment
2026-07-28 00:02:31,0.07931566666666667,0.0,0.0,0.0,0.0,0.0,0.0,payment
2026-07-28 00:07:31,0.07931566666666667,0.0,0.0,0.0,0.0,0.0,0.0,payment
2026-07-28 00:12:31,0.07931566666666667,0.0,0.0,0.0,0.0,0.0,0.0,payment
2026-07-28 00:17:31,0.07931566666666667,0.0,0.0,0.0,0.0,0.0,0.0,payment
2026-07-28 00:22:31,0.07931566666666667,0.0,0.0,0.0,0.0,0.0,0.0,payment
2026-07-28 00:27:31,0.07931566666666667,0.0,0.0,0.0,0.0,0.0,0.0,payment
2026-07-28 00:32:31,0.07931566666666667,0.0,0.0,0.0,0.0,0.0,0.0,payment
2026-07-28 00:37:31,0.07931566666666667,0.0,0.0,0.0,0.0,0.0,0.0,payment
2026-07-28 00:42:31,0.07931566666666667,0.0,0.0,0.0,0.0,0.0,0.0,payment
2026-07-28 00:47:31,0.07931566666666667,0.0,0.0,0.0,0.0,0.0,0.0,payment
2026-07-28 00:52:31,0.07931566666666667,0.0,0.0,0.0,0.0,0.0,0.0,payment
2026-07-28 00:57:31,0.07931566666666667,0.0,0.0,0.0,0.0,0.0,0.0,payment
2026-07-28 01:02:31,0.07931566666666667,0.0,0.0,0.0,0.0,0.0,0.0,payment
2026-07-28 01:07:31,0.07931566666666667,0.0,0.0,0.0,0.0,0.0,0.0,payment
2026-07-28 01:12:31,0.07931566666666667,0.0,0.0,0.0,0.0,0.0,0.0,payment
2026-07-28 01:17:31,0.07931566666666667,0.0,0.0,0.0,0.0,0.0,0.0,payment
2026-07-28 01:22:31,0.07931566666666667,0.0,0.0,0.0,0.0,0.0,0.0,payment
2026-07-28 01:27:31,0.07931566666666667,0.0,0.0,0.0,0.0,0.0,0.0,payment
2026-07-28 01:32:31,0.07931566666666667,0.0,0.0,0.0,0.0,0.0,0.0,payment
2026-07-28 01:37:31,0.07931566666666667,0.0,0.0,0.0,0.0,0.0,0.0,payment
2026-07-28 01:42:31,0.07931566666666667,0.0,0.0,0.0,0.0,0.0,0.0,payment
2026-07-28 01:47:31,0.07931566666666667,0.0,0.0,0.0,0.0,0.0,0.0,payment
2026-07-28 01:52:31,0.07931566666666667,0.0,0.0,0.0,0.0,0.0,0.0,payment
2026-07-28 01:57:31,0.07931566666666667,0.0,0.0,0.0,0.0,0.0,0.0,payment
2026-07-28 02:02:31,0.07931566666666667,0.0,0.0,0.0,0.0,0.0,0.0,payment
2026-07-28 02:07:31,0.07931566666666667,0.0,0.0,0.0,0.0,0.0,0.0,payment
2026-07-28 02:12:31,0.07931566666666667,0.0,0.0,0.0,0.0,0.0,0.0,payment
2026-07-28 02:17:31,0.07931566666666667,0.0,0.0,0.0,0.0,0.0,0.0,payment
2026-07-28 02:22:31,0.07931566666666667,0.0,0.0,0.0,0.0,0.0,0.0,payment
2026-07-28 02:27:31,0.07931566666666667,0.0,0.0,0.0,0.0,0.0,0.0,payment
2026-07-28 02:32:31,0.07931566666666667,0.0,0.0,0.0,0.0,0.0,0.0,payment
2026-07-28 02:37:31,0.07931566666666667,0.0,0.0,0.0,0.0,0.0,0.0,payment
2026-07-28 02:42:31,0.07931566666666667,0.0,0.0,0.0,0.0,0.0,0.0,payment
2026-07-28 02:47:31,0.07931566666666667,0.0,0.0,0.0,0.0,0.0,0.0,payment
2026-07-28 02:52:31,0.07931566666666667,0.0,0.0,0.0,0.0,0.0,0.0,payment
2026-07-28 02:57:31,0.07931566666666667,0.0,0.0,0.0,0.0,0.0,0.0,payment
2026-07-28 03:02:31,0.07931566666666667,0.0,0.0,0.0,0.0,0.0,0.0,payment
2026-07-28 03:07:31,0.07931566666666667,0.0,0.0,0.0,0.0,0.0,0.0,payment
2026-07-28 03:12:31,0.07931566666666667,0.0,0.0,0.0,0.0,0.0,0.0,payment
2026-07-28 03:17:31,0.07931566666666667,0.0,0.0,0.0,0.0,0.0,0.0,payment
2026-07-28 03:22:31,0.07931566666666667,0.0,0.0,0.0,0.0,0.0,0.0,payment
2026-07-28 03:27:31,0.07931566666666667,0.0,0.0,0.0,0.0,0.0,0.0,payment
2026-07-28 03:32:31,0.07931566666666667,0.0,0.0,0.0,0.0,0.0,0.0,payment
2026-07-28 03:37:31,0.07931566666666667,0.0,0.0,0.0,0.0,0.0,0.0,payment
2026-07-28 03:42:31,0.07931566666666667,0.0,0.0,0.0,0.0,0.0,0.0,payment
2026-07-28 03:47:31,0.07931566666666667,0.0,0.0,0.0,0.0,0.0,0.0,payment
2026-07-28 03:52:31,0.07931566666666667,0.0,0.0,0.0,0.0,0.0,0.0,payment
2026-07-28 03:57:31,0.07931566666666667,0.0,0.0,0.0,0.0,0.0,0.0,payment
2026-07-28 04:02:31,0.07931566666666667,0.0,0.0,0.0,0.0,0.0,0.0,payment
2026-07-28 04:07:31,0.07931566666666667,0.0,0.0,0.0,0.0,0.0,0.0,payment
2026-07-28 04:12:31,0.07931566666666667,0.0,0.0,0.0,0.0,0.0,0.0,payment
2026-07-28 04:17:31,0.07931566666666667,0.0,0.0,0.0,0.0,0.0,0.0,payment
2026-07-28 04:22:31,0.07931566666666667,0.0,0.0,0.0,0.0,0.0,0.0,payment
2026-07-28 04:27:31,0.07931566666666667,0.0,0.0,0.0,0.0,0.0,0.0,payment
2026-07-28 04:32:31,0.07931566666666667,0.0,0.0,0.0,0.0,0.0,0.0,payment
2026-07-28 04:37:31,0.07931566666666667,0.0,0.0,0.0,0.0,0.0,0.0,payment
2026-07-28 04:42:31,0.07931566666666667,0.0,0.0,0.0,0.0,0.0,0.0,payment
2026-07-28 04:47:31,0.07931566666666667,0.0,0.0,0.0,0.0,0.0,0.0,payment
2026-07-28 04:52:31,0.07931566666666667,0.0,0.0,0.0,0.0,0.0,0.0,payment
2026-07-28 04:57:31,0.07931566666666667,0.0,0.0,0.0,0.0,0.0,0.0,payment
2026-07-28 05:02:31,0.07931566666666667,0.0,0.0,0.0,0.0,0.0,0.0,payment
2026-07-28 05:07:31,0.07931566666666667,0.0,0.0,0.0,0.0,0.0,0.0,payment
2026-07-28 05:12:31,0.07931566666666667,0.0,0.0,0.0,0.0,0.0,0.0,payment
2026-07-28 05:17:31,0.07931566666666667,0.0,0.0,0.0,0.0,0.0,0.0,payment
2026-07-28 05:22:31,0.07931566666666667,0.0,0.0,0.0,0.0,0.0,0.0,payment
2026-07-28 05:27:31,0.07931566666666667,0.0,0.0,0.0,0.0,0.0,0.0,payment
2026-07-28 05:32:31,0.07931566666666667,0.0,0.0,0.0,0.0,0.0,0.0,payment
2026-07-28 05:37:31,0.07931566666666667,0.0,0.0,0.0,0.0,0.0,0.0,payment
2026-07-28 05:42:31,0.07931566666666667,0.0,0.0,0.0,0.0,0.0,0.0,payment
2026-07-28 05:47:31,0.07931566666666667,0.0,0.0,0.0,0.0,0.0,0.0,payment
2026-07-28 05:52:31,0.07931566666666667,0.0,0.0,0.0,0.0,0.0,0.0,payment
2026-07-28 05:57:31,0.07931566666666667,0.0,0.0,0.0,0.0,0.0,0.0,payment
2026-07-28 06:02:31,0.07931566666666667,0.0,0.0,0.0,0.0,0.0,0.0,payment
2026-07-28 06:07:31,0.07931566666666667,0.0,0.0,0.0,0.0,0.0,0.0,payment
2026-07-28 06:12:31,0.07931566666666667,0.0,0.0,0.0,0.0,0.0,0.0,payment
2026-07-28 06:17:31,0.07931566666666667,0.0,0.0,0.0,0.0,0.0,0.0,payment
2026-07-28 06:22:31,0.07931566666666667,0.0,0.0,0.0,0.0,0.0,0.0,payment
2026-07-28 06:27:31,0.07931566666666667,0.0,0.0,0.0,0.0,0.0,0.0,payment
2026-07-28 06:32:31,0.07931566666666667,0.0,0.0,0.0,0.0,0.0,0.0,payment
2026-07-28 06:37:31,0.07931566666666667,0.0,0.0,0.0,0.0,0.0,0.0,payment
2026-07-28 06:42:31,0.07931566666666667,0.0,0.0,0.0,0.0,0.0,0.0,payment
2026-07-28 06:47:31,0.07931566666666667,0.0,0.0,0.0,0.0,0.0,0.0,payment
2026-07-28 06:52:31,0.07931566666666667,0.0,0.0,0.0,0.0,0.0,0.0,payment
2026-07-28 06:57:31,0.07931566666666667,0.0,0.0,0.0,0.0,0.0,0.0,payment
2026-07-28 07:02:31,0.07931566666666667,0.0,0.0,0.0,0.0,0.0,0.0,payment
2026-07-28 07:07:31,0.07931566666666667,0.0,0.0,0.0,0.0,0.0,0.0,payment
2026-07-28 07:12:31,0.07931566666666667,0.0,0.0,0.0,0.0,0.0,0.0,payment
2026-07-28 07:17:31,0.07931566666666667,0.0,0.0,0.0,0.0,0.0,0.0,payment
2026-07-28 07:22:31,0.07931566666666667,0.0,0.0,0.0,0.0,0.0,0.0,payment
2026-07-28 07:27:31,0.07931566666666667,0.0,0.0,0.0,0.0,0.0,0.0,payment
2026-07-28 07:32:31,0.07931566666666667,0.0,0.0,0.0,0.0,0.0,0.0,payment
2026-07-28 07:37:31,0.07931566666666667,0.0,0.0,0.0,0.0,0.0,0.0,payment
2026-07-28 07:42:31,0.07931566666666667,0.0,0.0,0.0,0.0,0.0,0.0,payment
2026-07-28 07:47:31,0.07931566666666667,0.0,0.0,0.0,0.0,0.0,0.0,payment
2026-07-28 07:52:31,0.07931566666666667,0.0,0.0,0.0,0.0,0.0,0.0,payment
2026-07-28 07:57:31,0.07931566666666667,0.0,0.0,0.0,0.0,0.0,0.0,payment
2026-07-28 08:02:31,0.07931566666666667,0.0,0.0,0.0,0.0,0.0,0.0,payment
2026-07-28 08:07:31,0.07931566666666667,0.0,0.0,0.0,0.0,0.0,0.0,payment
2026-07-28 08:12:31,0.07931566666666667,0.0,0.0,0.0,0.0,0.0,0.0,payment
2026-07-28 08:17:31,0.07931566666666667,0.0,0.0,0.0,0.0,0.0,0.0,payment
2026-07-28 08:22:31,0.07931566666666667,0.0,0.0,0.0,0.0,0.0,0.0,payment
2026-07-28 08:27:31,0.07931566666666667,0.0,0.0,0.0,0.0,0.0,0.0,payment
2026-07-28 08:32:31,0.07931566666666667,0.0,0.0,0.0,0.0,0.0,0.0,payment
2026-07-28 08:37:31,0.07931566666666667,0.0,0.0,0.0,0.0,0.0,0.0,payment
2026-07-28 08:42:31,0.07931566666666667,0.0,0.0,0.0,0.0,0.0,0.0,payment
2026-07-28 08:47:31,0.07931566666666667,0.0,0.0,0.0,0.0,0.0,0.0,payment
2026-07-28 08:52:31,0.07931566666666667,0.0,0.0,0.0,0.0,0.0,0.0,payment
2026-07-28 08:57:31,0.07931566666666667,0.0,0.0,0.0,0.0,0.0,0.0,payment
2026-07-28 09:02:31,0.07931566666666667,0.0,0.0,0.0,0.0,0.0,0.0,payment
2026-07-28 09:07:31,0.07931566666666667,0.0,0.0,0.0,0.0,0.0,0.0,payment
2026-07-28 09:12:31,0.07931566666666667,0.0,0.0,0.0,0.0,0.0,0.0,payment
2026-07-28 09:17:31,0.07931566666666667,0.0,0.0,0.0,0.0,0.0,0.0,payment
2026-07-28 09:22:31,0.07931566666666667,0.0,0.0,0.0,0.0,0.0,0.0,payment
2026-07-28 09:27:31,0.07931566666666667,0.0,0.0,0.0,0.0,0.0,0.0,payment
2026-07-28 09:32:31,0.07931566666666667,0.0,0.0,0.0,0.0,0.0,0.0,payment
2026-07-28 09:37:31,0.07931566666666667,0.0,0.0,0.0,0.0,0.0,0.0,payment
2026-07-28 09:42:31,0.07931566666666667,0.0,0.0,0.0,0.0,0.0,0.0,payment
2026-07-28 09:47:31,0.07931566666666667,0.0,0.0,0.0,0.0,0.0,0.0,payment
2026-07-28 09:52:31,0.07931566666666667,0.0,0.0,0.0,0.0,0.0,0.0,payment
2026-07-28 09:57:31,0.07931566666666667,0.0,0.0,0.0,0.0,0.0,0.0,payment
2026-07-28 10:02:31,0.07931566666666667,0.0,0.0,0.0,0.0,0.0,0.0,payment
2026-07-28 10:07:31,0.07931566666666667,0.0,0.0,0.0,0.0,0.0,0.0,payment
2026-07-28 10:12:31,0.07931566666666667,0.0,0.0,0.0,0.0,0.0,0.0,payment
2026-07-28 10:17:31,0.07931566666666667,0.0,0.0,0.0,0.0,0.0,0.0,payment
2026-07-28 10:22:31,0.07931566666666667,0.0,0.0,0.0,0.0,0.0,0.0,payment
2026-07-28 10:27:31,0.07931566666666667,0.0,0.0,0.0,0.0,0.0,0.0,payment
2026-07-28 10:32:31,0.07931566666666667,0.0,0.0,0.0,0.0,0.0,0.0,payment
2026-07-28 10:37:31,0.07931566666666667,0.0,0.0,0.0,0.0,0.0,0.0,payment
2026-07-28 10:42:31,0.07931566666666667,0.0,0.0,0.0,0.0,0.0,0.0,payment
2026-07-28 10:47:31,0.07931566666666667,0.0,0.0,0.0,0.0,0.0,0.0,payment
2026-07-28 10:52:31,0.07931566666666667,0.0,0.0,0.0,0.0,0.0,0.0,payment
2026-07-28 10:57:31,0.07931566666666667,0.0,0.0,0.0,0.0,0.0,0.0,payment
2026-07-28 11:02:31,0.07931566666666667,0.0,0.0,0.0,0.0,0.0,0.0,payment
2026-07-28 11:07:31,0.07931566666666667,0.0,0.0,0.0,0.0,0.0,0.0,payment
2026-07-28 11:12:31,0.07931566666666667,0.0,0.0,0.0,0.0,0.0,0.0,payment
2026-07-28 11:17:31,0.07931566666666667,0.0,0.0,0.0,0.0,0.0,0.0,payment
2026-07-28 11:22:31,0.07931566666666667,0.0,0.0,0.0,0.0,0.0,0.0,payment
2026-07-28 11:27:31,0.07931566666666667,0.0,0.0,0.0,0.0,0.0,0.0,payment
2026-07-28 11:32:31,0.07931566666666667,0.0,0.0,0.0,0.0,0.0,0.0,payment
2026-07-28 11:37:31,0.07931566666666667,0.0,0.0,0.0,0.0,0.0,0.0,payment
2026-07-28 11:42:31,0.07931566666666667,0.0,0.0,0.0,0.0,0.0,0.0,payment
2026-07-28 11:47:31,0.07931566666666667,0.0,0.0,0.0,0.0,0.0,0.0,payment
2026-07-28 11:52:31,0.07931566666666667,0.0,0.0,0.0,0.0,0.0,0.0,payment
2026-07-28 11:57:31,0.07931566666666667,0.0,0.0,0.0,0.0,0.0,0.0,payment
2026-07-28 12:02:31,0.07931566666666667,0.0,0.0,0.0,0.0,0.0,0.0,payment
2026-07-28 12:07:31,0.07931566666666667,0.0,0.0,0.0,0.0,0.0,0.0,payment
2026-07-28 12:12:31,0.07931566666666667,0.0,0.0,0.0,0.0,0.0,0.0,payment
2026-07-28 12:17:31,0.07931566666666667,0.0,0.0,0.0,0.0,0.0,0.0,payment
2026-07-28 12:22:31,0.07931566666666667,0.0,0.0,0.0,0.0,0.0,0.0,payment
2026-07-28 12:27:31,0.07931566666666667,0.0,0.0,0.0,0.0,0.0,0.0,payment
2026-07-28 12:32:31,0.07931566666666667,0.0,0.0,0.0,0.0,0.0,0.0,payment
2026-07-28 12:37:31,0.07931566666666667,0.0,0.0,0.0,0.0,0.0,0.0,payment
2026-07-28 12:42:31,0.07931566666666667,0.0,0.0,0.0,0.0,0.0,0.0,payment
2026-07-28 12:47:31,0.07931566666666667,0.0,0.0,0.0,0.0,0.0,0.0,payment
2026-07-28 12:52:31,0.07931566666666667,0.0,0.0,0.0,0.0,0.0,0.0,payment
2026-07-28 12:57:31,0.07931566666666667,0.0,0.0,0.0,0.0,0.0,0.0,payment
2026-07-28 13:02:31,0.07931566666666667,0.0,0.0,0.0,0.0,0.0,0.0,payment
2026-07-28 13:07:31,0.07931566666666667,0.0,0.0,0.0,0.0,0.0,0.0,payment
2026-07-28 13:12:31,0.07931566666666667,0.0,0.0,0.0,0.0,0.0,0.0,payment
2026-07-28 13:17:31,0.07931566666666667,0.0,0.0,0.0,0.0,0.0,0.0,payment
2026-07-28 13:22:31,0.07931566666666667,0.0,0.0,0.0,0.0,0.0,0.0,payment
2026-07-28 13:27:31,0.07931566666666667,0.0,0.0,0.0,0.0,0.0,0.0,payment
2026-07-28 13:32:31,0.07931566666666667,0.0,0.0,0.0,0.0,0.0,0.0,payment
2026-07-28 13:37:31,0.07931566666666667,0.0,0.0,0.0,0.0,0.0,0.0,payment
2026-07-28 13:42:31,0.07931566666666667,0.0,0.0,0.0,0.0,0.0,0.0,payment
2026-07-28 13:47:31,0.07931566666666667,0.0,0.0,0.0,0.0,0.0,0.0,payment
2026-07-28 13:52:31,0.07931566666666667,0.0,0.0,0.0,0.0,0.0,0.0,payment
2026-07-28 13:57:31,0.07931566666666667,0.0,0.0,0.0,0.0,0.0,0.0,payment
2026-07-28 14:02:31,0.07931566666666667,0.0,0.0,0.0,0.0,0.0,0.0,payment
2026-07-28 14:07:31,0.07931566666666667,0.0,0.0,0.0,0.0,0.0,0.0,payment
2026-07-28 14:12:31,0.07931566666666667,0.0,0.0,0.0,0.0,0.0,0.0,payment
2026-07-28 14:17:31,0.07931566666666667,0.0,0.0,0.0,0.0,0.0,0.0,payment
2026-07-28 14:22:31,0.07931566666666667,0.0,0.0,0.0,0.0,0.0,0.0,payment
2026-07-28 14:27:31,0.07931566666666667,0.0,0.0,0.0,0.0,0.0,0.0,payment
2026-07-28 14:32:31,0.07931566666666667,0.0,0.0,0.0,0.0,0.0,0.0,payment
2026-07-28 14:37:31,0.07931566666666667,0.0,0.0,0.0,0.0,0.0,0.0,payment
2026-07-28 14:42:31,0.07931566666666667,0.0,0.0,0.0,0.0,0.0,0.0,payment
2026-07-28 14:47:31,0.07931566666666667,0.0,0.0,0.0,0.0,0.0,0.0,payment
2026-07-28 14:52:31,0.07931566666666667,0.0,0.0,0.0,0.0,0.0,0.0,payment
2026-07-28 14:57:31,0.07931566666666667,0.0,0.0,0.0,0.0,0.0,0.0,payment
2026-07-28 15:02:31,0.07931566666666667,0.0,0.0,0.0,0.0,0.0,0.0,payment
2026-07-28 15:07:31,0.07931566666666667,0.0,0.0,0.0,0.0,0.0,0.0,payment
2026-07-28 15:12:31,0.07931566666666667,0.0,0.0,0.0,0.0,0.0,0.0,payment
2026-07-28 15:17:31,0.07931566666666667,0.0,0.0,0.0,0.0,0.0,0.0,payment
2026-07-28 15:22:31,0.07931566666666667,0.0,0.0,0.0,0.0,0.0,0.0,payment
2026-07-28 15:27:31,0.07931566666666667,0.0,0.0,0.0,0.0,0.0,0.0,payment
2026-07-28 15:32:31,0.07931566666666667,0.0,0.0,1.9034066754753836,0.0,0.0,0.0,payment
2026-07-28 15:37:31,0.3897982951120512,0.0,0.0,1.9156782988535754,0.0,0.0,0.0,payment
2026-07-28 15:42:31,1.4208274132191117,0.0,0.0,1.973633440514469,0.0,0.0,0.0,payment
2026-07-28 15:47:31,2.3016949237288484,0.0,0.0,1.8108433734939762,0.0,0.0,0.0,payment
2026-07-28 15:52:31,2.845845191021629,0.0,0.0,1.8376681614349775,0.0,0.0,0.0,payment
2026-07-28 15:57:31,3.4708767192923244,0.0,0.0,1.857992565055762,0.0,0.0,0.0,payment
2026-07-28 16:02:31,4.066649722292824,0.0,0.0,1.8610169491525426,0.0,0.0,0.0,payment
2026-07-28 16:07:31,4.216684236184317,0.0,0.0,1.8307537688442213,0.0,0.0,0.0,payment
2026-07-28 16:12:31,2.3375,0.0,0.0,1.8129263913824056,0.0,0.0,0.0,payment
2026-07-28 16:17:31,2.424989895875434,0.0,0.0,1.8155979202772963,0.0,0.0,0.0,payment
2026-07-28 16:22:31,2.25,0.0,0.0,1.8100558659217878,0.0,0.0,0.0,payment
2026-07-28 16:27:31,2.3375,0.0,0.0,1.8064400715563504,0.0,0.0,0.0,payment
2026-07-28 16:32:31,2.4208434201809172,0.0,0.0,1.815625,0.0,0.0,0.0,payment
2026-07-28 16:37:31,2.3625,0.0,0.0,1.8063716814159292,0.0,0.0,0.0,payment
2026-07-28 16:42:31,2.475,0.0,0.0,1.806081081081081,0.0,0.0,0.0,payment
2026-07-28 16:47:31,0.899996250015625,0.0,0.0,1.8,0.0,0.0,0.0,payment
2026-07-28 16:52:31,0.17083333333333334,0.0,0.0,1.8,0.0,0.0,0.0,payment
2026-07-28 16:57:31,0.14583333333333334,0.0,0.0,1.8,0.0,0.0,0.0,payment
2026-07-28 17:02:31,0.17916666666666667,0.0,0.0,1.8,0.0,0.0,0.0,payment
2026-07-28 17:07:31,2.225,0.0,0.0,1.8378585086042065,0.0,0.0,0.0,payment
2026-07-28 17:12:31,1.170828454881438,0.0,0.0,1.8194244604316545,0.0,0.0,0.0,payment
2026-07-28 17:17:31,0.22499906250390625,0.0,0.0,1.8339622641509437,0.0,0.0,0.0,payment
2026-07-28 17:22:31,0.11666666666666667,0.0,0.0,1.8,0.0,0.0,0.0,payment
2026-07-28 17:27:31,0.22916571180953413,0.0,0.0,1.8333333333333333,0.0,0.0,0.0,payment
2026-07-28 17:32:31,0.21666666666666667,0.0,0.0,1.8,0.0,0.0,0.0,payment
2026-07-28 17:37:31,0.15416666666666667,0.0,0.0,1.9028571428571428,0.0,0.0,0.0,payment
2026-07-28 17:42:31,0.24166666666666667,0.0,0.0,1.8,0.0,0.0,0.0,payment
2026-07-28 17:47:31,0.25,0.0,0.0,1.8305084745762714,0.0,0.0,0.0,payment
2026-07-28 17:52:31,1.6624999999999999,0.0,0.0,1.8045226130653267,0.0,0.0,0.0,payment
2026-07-28 17:57:31,1.6791666666666667,0.0,0.0,1.8135,0.0,0.0,0.0,payment
2026-07-28 18:02:31,1.833340972254051,0.0,0.0,1.8248847926267282,0.0,0.0,0.0,payment
2026-07-28 18:07:31,1.7375,0.0,0.0,1.8130434782608698,0.0,0.0,0.0,payment
2026-07-28 18:12:31,1.7416739236413483,0.0,0.0,1.8217917675544797,0.0,0.0,0.0,payment
2026-07-28 18:17:31,1.866674444476852,0.0,0.0,1.8162162162162163,0.0,0.0,0.0,payment
2026-07-28 18:22:31,1.6875,0.0,0.0,1.8225,0.0,0.0,0.0,payment
2026-07-28 18:27:31,1.7125,0.0,0.0,1.8088019559902202,0.0,0.0,0.0,payment
2026-07-28 18:32:31,1.945817118190682,0.0,0.0,1.815550755939525,0.0,0.0,0.0,payment
2026-07-28 18:37:31,1.7333333333333334,0.0,0.0,1.8218978102189782,0.0,0.0,0.0,payment
2026-07-28 18:42:31,1.7916517362355315,0.0,0.0,1.808411214953271,0.0,0.0,0.0,payment
2026-07-28 18:47:31,1.7083404514185474,0.0,0.0,1.8088235294117647,0.0,0.0,0.0,payment
2026-07-28 18:52:31,1.874992187532552,0.0,0.0,1.8243243243243243,0.0,0.0,0.0,payment
2026-07-28 18:57:31,1.7291666666666667,0.0,0.0,1.8,0.0,0.0,0.0,payment
2026-07-28 19:02:31,1.7083404514185474,0.0,0.0,1.8222222222222224,0.0,0.0,0.0,payment
2026-07-28 19:07:31,1.6708402951678964,0.0,0.0,1.8044999999999998,0.0,0.0,0.0,payment
2026-07-28 19:12:31,1.6541666666666666,0.0,0.0,1.8137055837563452,0.0,0.0,0.0,payment
2026-07-28 19:17:31,1.7708259548918546,0.0,0.0,1.8171021377672207,0.0,0.0,0.0,payment
2026-07-28 19:22:31,1.7374927604468315,0.0,0.0,1.8174334140435835,0.0,0.0,0.0,payment
2026-07-28 19:27:31,1.6874929687792968,0.0,0.0,1.8089330024813894,0.0,0.0,0.0,payment
2026-07-28 19:32:31,1.7916666666666667,0.0,0.0,1.8126463700234194,0.0,0.0,0.0,payment
2026-07-28 19:37:31,1.7166666666666666,0.0,0.0,1.8043795620437957,0.0,0.0,0.0,payment
2026-07-28 19:42:31,1.833340972254051,0.0,0.0,1.8290993071593533,0.0,0.0,0.0,payment
2026-07-28 19:47:31,1.6458333333333333,0.0,0.0,1.8137755102040816,0.0,0.0,0.0,payment
2026-07-28 19:52:31,1.7874925521143663,0.0,0.0,1.8169411764705883,0.0,0.0,0.0,payment
2026-07-28 19:57:31,1.7249999999999999,0.0,0.0,1.82200488997555,0.0,0.0,0.0,payment
2026-07-28 20:02:31,1.7249928125299478,0.0,0.0,1.826470588235294,0.0,0.0,0.0,payment
2026-07-28 20:07:31,1.716659513918692,0.0,0.0,1.822113022113022,0.0,0.0,0.0,payment
2026-07-28 20:12:31,1.5916666666666666,0.0,0.0,1.8238726790450928,0.0,0.0,0.0,payment
2026-07-28 20:17:31,1.6333265278061342,0.0,0.0,1.8138817480719795,0.0,0.0,0.0,payment
2026-07-28 20:22:31,1.716659513918692,0.0,0.0,1.822113022113022,0.0,0.0,0.0,payment
2026-07-28 20:27:31,1.7666593055862267,0.0,0.0,1.8085308056872036,0.0,0.0,0.0,payment
2026-07-28 20:32:31,1.7499927083637152,0.0,0.0,1.8260869565217392,0.0,0.0,0.0,payment
2026-07-28 20:37:31,1.7083333333333333,0.0,0.0,1.8177339901477831,0.0,0.0,0.0,payment
2026-07-28 20:42:31,1.8708333333333333,0.0,0.0,1.828506787330317,0.0,0.0,0.0,payment
2026-07-28 20:47:31,1.5458333333333334,0.0,0.0,1.8097560975609757,0.0,0.0,0.0,payment
2026-07-28 20:52:31,1.8,0.0,0.0,1.8041763341067285,0.0,0.0,0.0,payment
2026-07-28 20:57:31,1.8250076041983507,0.0,0.0,1.8207852193995382,0.0,0.0,0.0,payment
2026-07-28 21:02:31,1.6041666666666667,0.0,0.0,1.8141361256544506,0.0,0.0,0.0,payment
2026-07-28 21:07:31,1.587433856922628,0.0,0.0,1.8190981432360742,0.0,0.0,0.0,payment
2026-07-28 21:12:31,1.9291586285057145,0.0,0.0,1.82363238512035,0.0,0.0,0.0,payment
2026-07-28 21:17:31,1.7416594097524594,0.0,0.0,1.8217917675544795,0.0,0.0,0.0,payment
2026-07-28 21:22:31,1.7666740278084492,0.0,0.0,1.808530805687204,0.0,0.0,0.0,payment
2026-07-28 21:27:31,1.7958333333333334,0.0,0.0,1.8126168224299068,0.0,0.0,0.0,payment
2026-07-28 21:32:31,1.6458401910007958,0.0,0.0,1.8324742268041239,0.0,0.0,0.0,payment
2026-07-28 21:37:31,1.7166666666666666,0.0,0.0,1.826600985221675,0.0,0.0,0.0,payment
2026-07-28 21:42:31,1.7583333333333333,0.0,0.0,1.8042755344418053,0.0,0.0,0.0,payment
2026-07-28 21:47:31,1.8333333333333333,0.0,0.0,1.8123569794050343,0.0,0.0,0.0,payment
2026-07-28 21:52:31,1.566660138916088,0.0,0.0,1.809625668449198,0.0,0.0,0.0,payment
2026-07-28 21:57:31,1.0958378993245805,0.0,0.0,1.8137931034482762,0.0,0.0,0.0,payment
2026-07-28 22:02:31,2.195842482677011,0.0,0.0,1.8312741312741314,0.0,0.0,0.0,payment
2026-07-28 22:07:31,3.6166515972850113,0.0,0.0,1.862216924910608,0.0,0.0,0.0,payment
2026-07-28 22:12:31,5.699976250098958,0.0,0.0,1.84311377245509,0.0,0.0,0.0,payment
2026-07-28 22:17:31,2.9667037504635476,0.0,0.0,1.8440287769784174,0.0,0.0,0.0,payment
2026-07-28 22:22:31,0.20833333333333334,0.0,0.0,1.7999999999999998,0.0,0.0,0.0,payment
2026-07-28 22:27:31,0.18333333333333332,0.0,0.0,1.8857142857142857,0.0,0.0,0.0,payment
2026-07-28 22:32:31,0.19583414930895543,0.0,0.0,1.8,0.0,0.0,0.0,payment
2026-07-28 22:37:31,0.22083333333333333,0.0,0.0,1.8705882352941179,0.0,0.0,0.0,payment
2026-07-28 22:42:31,0.19166746528110531,0.0,0.0,1.7999999999999998,0.0,0.0,0.0,payment
2026-07-28 22:47:31,0.21666666666666667,0.0,0.0,1.835294117647059,0.0,0.0,0.0,payment
2026-07-28 22:52:31,0.15833333333333333,0.0,0.0,1.7999999999999998,0.0,0.0,0.0,payment
2026-07-28 22:57:31,0.195832517364511,0.0,0.0,1.8800000000000001,0.0,0.0,0.0,payment
2026-07-28 23:02:31,0.21666666666666667,0.0,0.0,1.8,0.0,0.0,0.0,payment
2026-07-28 23:07:31,0.1875007812532552,0.0,0.0,1.8837209302325584,0.0,0.0,0.0,payment
2026-07-28 23:12:31,0.225,0.0,0.0,1.8339622641509437,0.0,0.0,0.0,payment
2026-07-28 23:17:31,0.25,0.0,0.0,1.8620689655172413,0.0,0.0,0.0,payment
2026-07-28 23:22:31,0.1875,0.0,0.0,1.8,0.0,0.0,0.0,payment
2026-07-28 23:27:31,0.1625,0.0,0.0,1.8972972972972975,0.0,0.0,0.0,payment
2026-07-28 23:32:31,0.2125,0.0,0.0,1.8359999999999999,0.0,0.0,0.0,payment
2026-07-28 23:37:31,0.18924056665728406,0.0,0.0,2.202088827672224,0.0,0.0,0.0,payment
2026-07-28 23:42:31,0.225,0.0,0.0,1.8,0.0,0.0,0.0,payment
2026-07-28 23:47:31,0.20833246528139468,0.0,0.0,1.875,0.0,0.0,0.0,payment
