timestamp,rps,error_rate,client_error_rate,latency_p90,kafka_lag,cpu_usage,memory_usage,service,label
2026-07-21 23:47:33,2.9611415157802927,0.0,0.0,0.0,0.0,0.0,0.0,product-catalog,1
2026-07-21 23:52:33,2.9611415157802927,0.0,0.0,0.0,0.0,0.0,0.0,product-catalog,1
2026-07-21 23:57:33,2.9611415157802927,0.0,0.0,0.0,0.0,0.0,0.0,product-catalog,1
2026-07-22 00:02:33,2.9611415157802927,0.0,0.0,0.0,0.0,0.0,0.0,product-catalog,1
2026-07-22 00:07:33,2.9611415157802927,0.0,0.0,0.0,0.0,0.0,0.0,product-catalog,1
2026-07-22 00:12:33,2.9611415157802927,0.0,0.0,0.0,0.0,0.0,0.0,product-catalog,1
2026-07-22 00:17:33,2.9611415157802927,0.0,0.0,0.0,0.0,0.0,0.0,product-catalog,1
2026-07-22 00:22:33,2.9611415157802927,0.0,0.0,0.0,0.0,0.0,0.0,product-catalog,1
2026-07-22 00:27:33,2.9611415157802927,0.0,0.0,0.0,0.0,0.0,0.0,product-catalog,1
2026-07-22 00:32:33,2.9611415157802927,0.0,0.0,0.0,0.0,0.0,0.0,product-catalog,1
2026-07-22 00:37:33,2.9611415157802927,0.0,0.0,0.0,0.0,0.0,0.0,product-catalog,1
2026-07-22 00:42:33,2.9611415157802927,0.0,0.0,0.0,0.0,0.0,0.0,product-catalog,1
2026-07-22 00:47:33,2.9611415157802927,0.0,0.0,0.0,0.0,0.0,0.0,product-catalog,1
2026-07-22 00:52:33,2.9611415157802927,0.0,0.0,0.0,0.0,0.0,0.0,product-catalog,1
2026-07-22 00:57:33,2.9611415157802927,0.0,0.0,0.0,0.0,0.0,0.0,product-catalog,1
2026-07-22 01:02:33,2.9611415157802927,0.0,0.0,0.0,0.0,0.0,0.0,product-catalog,1
2026-07-22 01:07:33,2.9611415157802927,0.0,0.0,0.0,0.0,0.0,0.0,product-catalog,1
2026-07-22 01:12:33,2.9611415157802927,0.0,0.0,0.0,0.0,0.0,0.0,product-catalog,1
2026-07-22 01:17:33,2.9611415157802927,0.0,0.0,0.0,0.0,0.0,0.0,product-catalog,1
2026-07-22 01:22:33,2.9611415157802927,0.0,0.0,0.0,0.0,0.0,0.0,product-catalog,1
2026-07-22 01:27:33,2.9611415157802927,0.0,0.0,0.0,0.0,0.0,0.0,product-catalog,1
2026-07-22 01:32:33,2.9611415157802927,0.0,0.0,0.0,0.0,0.0,0.0,product-catalog,1
2026-07-22 01:37:33,2.9611415157802927,0.0,0.0,0.0,0.0,0.0,0.0,product-catalog,1
2026-07-22 01:42:33,2.9611415157802927,0.0,0.0,0.0,0.0,0.0,0.0,product-catalog,1
2026-07-22 01:47:33,2.9611415157802927,0.0,0.0,0.0,0.0,0.0,0.0,product-catalog,1
2026-07-22 01:52:33,2.9611415157802927,0.0,0.0,0.0,0.0,0.0,0.0,product-catalog,1
2026-07-22 01:57:33,2.9611415157802927,0.0,0.0,0.0,0.0,0.0,0.0,product-catalog,1
2026-07-22 02:02:33,2.9611415157802927,0.0,0.0,0.0,0.0,0.0,0.0,product-catalog,1
2026-07-22 02:07:33,2.9611415157802927,0.0,0.0,0.0,0.0,0.0,0.0,product-catalog,1
2026-07-22 02:12:33,2.9611415157802927,0.0,0.0,0.0,0.0,0.0,0.0,product-catalog,1
2026-07-22 02:17:33,2.9611415157802927,0.0,0.0,0.0,0.0,0.0,0.0,product-catalog,1
2026-07-22 02:22:33,2.9611415157802927,0.0,0.0,0.0,0.0,0.0,0.0,product-catalog,1
2026-07-22 02:27:33,2.9611415157802927,0.0,0.0,0.0,0.0,0.0,0.0,product-catalog,1
2026-07-22 02:32:33,2.9611415157802927,0.0,0.0,0.0,0.0,0.0,0.0,product-catalog,1
2026-07-22 02:37:33,2.9611415157802927,0.0,0.0,0.0,0.0,0.0,0.0,product-catalog,1
2026-07-22 02:42:33,2.9611415157802927,0.0,0.0,0.0,0.0,0.0,0.0,product-catalog,1
2026-07-22 02:47:33,2.9611415157802927,0.0,0.0,0.0,0.0,0.0,0.0,product-catalog,1
2026-07-22 02:52:33,2.9611415157802927,0.0,0.0,0.0,0.0,0.0,0.0,product-catalog,1
2026-07-22 02:57:33,2.9611415157802927,0.0,0.0,0.0,0.0,0.0,0.0,product-catalog,1
2026-07-22 03:02:33,2.9611415157802927,0.0,0.0,0.0,0.0,0.0,0.0,product-catalog,1
2026-07-22 03:07:33,2.9611415157802927,0.0,0.0,0.0,0.0,0.0,0.0,product-catalog,1
2026-07-22 03:12:33,2.9611415157802927,0.0,0.0,0.0,0.0,0.0,0.0,product-catalog,1
2026-07-22 03:17:33,2.9611415157802927,0.0,0.0,0.0,0.0,0.0,0.0,product-catalog,1
2026-07-22 03:22:33,2.9611415157802927,0.0,0.0,0.0,0.0,0.0,0.0,product-catalog,1
2026-07-22 03:27:33,2.9611415157802927,0.0,0.0,0.0,0.0,0.0,0.0,product-catalog,1
2026-07-22 03:32:33,2.9611415157802927,0.0,0.0,0.0,0.0,0.0,0.0,product-catalog,1
2026-07-22 03:37:33,2.9611415157802927,0.0,0.0,0.0,0.0,0.0,0.0,product-catalog,1
2026-07-22 03:42:33,2.9611415157802927,0.0,0.0,0.0,0.0,0.0,0.0,product-catalog,1
2026-07-22 03:47:33,2.9611415157802927,0.0,0.0,0.0,0.0,0.0,0.0,product-catalog,1
2026-07-22 03:52:33,2.9611415157802927,0.0,0.0,0.0,0.0,0.0,0.0,product-catalog,1
2026-07-22 03:57:33,2.9611415157802927,0.0,0.0,0.0,0.0,0.0,0.0,product-catalog,1
2026-07-22 04:02:33,2.9611415157802927,0.0,0.0,0.0,0.0,0.0,0.0,product-catalog,1
2026-07-22 04:07:33,2.9611415157802927,0.0,0.0,0.0,0.0,0.0,0.0,product-catalog,1
2026-07-22 04:12:33,2.9611415157802927,0.0,0.0,0.0,0.0,0.0,0.0,product-catalog,1
2026-07-22 04:17:33,2.9611415157802927,0.0,0.0,0.0,0.0,0.0,0.0,product-catalog,1
2026-07-22 04:22:33,2.9611415157802927,0.0,0.0,0.0,0.0,0.0,0.0,product-catalog,1
2026-07-22 04:27:33,2.9611415157802927,0.0,0.0,0.0,0.0,0.0,0.0,product-catalog,1
2026-07-22 04:32:33,2.9611415157802927,0.0,0.0,0.0,0.0,0.0,0.0,product-catalog,1
2026-07-22 04:37:33,2.9611415157802927,0.0,0.0,0.0,0.0,0.0,0.0,product-catalog,1
2026-07-22 04:42:33,2.9611415157802927,0.0,0.0,0.0,0.0,0.0,0.0,product-catalog,1
2026-07-22 04:47:33,2.9611415157802927,0.0,0.0,0.0,0.0,0.0,0.0,product-catalog,1
2026-07-22 04:52:33,2.9611415157802927,0.0,0.0,0.0,0.0,0.0,0.0,product-catalog,1
2026-07-22 04:57:33,2.9611415157802927,0.0,0.0,0.0,0.0,0.0,0.0,product-catalog,1
2026-07-22 05:02:33,2.9611415157802927,0.0,0.0,0.0,0.0,0.0,0.0,product-catalog,1
2026-07-22 05:07:33,2.9611415157802927,0.0,0.0,0.0,0.0,0.0,0.0,product-catalog,1
2026-07-22 05:12:33,2.9611415157802927,0.0,0.0,0.0,0.0,0.0,0.0,product-catalog,1
2026-07-22 05:17:33,2.9611415157802927,0.0,0.0,0.0,0.0,0.0,0.0,product-catalog,1
2026-07-22 05:22:33,2.9611415157802927,0.0,0.0,0.0,0.0,0.0,0.0,product-catalog,1
2026-07-22 05:27:33,2.9611415157802927,0.0,0.0,0.0,0.0,0.0,0.0,product-catalog,1
2026-07-22 05:32:33,2.9611415157802927,0.0,0.0,0.0,0.0,0.0,0.0,product-catalog,1
2026-07-22 05:37:33,2.9611415157802927,0.0,0.0,0.0,0.0,0.0,0.0,product-catalog,1
2026-07-22 05:42:33,2.9611415157802927,0.0,0.0,0.0,0.0,0.0,0.0,product-catalog,1
2026-07-22 05:47:33,2.9611415157802927,0.0,0.0,0.0,0.0,0.0,0.0,product-catalog,1
2026-07-22 05:52:33,2.9611415157802927,0.0,0.0,0.0,0.0,0.0,0.0,product-catalog,1
2026-07-22 05:57:33,2.9611415157802927,0.0,0.0,0.0,0.0,0.0,0.0,product-catalog,1
2026-07-22 06:02:33,2.9611415157802927,0.0,0.0,0.0,0.0,0.0,0.0,product-catalog,1
2026-07-22 06:07:33,2.9611415157802927,0.0,0.0,0.0,0.0,0.0,0.0,product-catalog,1
2026-07-22 06:12:33,2.9611415157802927,0.0,0.0,0.0,0.0,0.0,0.0,product-catalog,1
2026-07-22 06:17:33,2.9611415157802927,0.0,0.0,0.0,0.0,0.0,0.0,product-catalog,1
2026-07-22 06:22:33,2.9611415157802927,0.0,0.0,0.0,0.0,0.0,0.0,product-catalog,1
2026-07-22 06:27:33,2.9611415157802927,0.0,0.0,0.0,0.0,0.0,0.0,product-catalog,1
2026-07-22 06:32:33,2.9611415157802927,0.0,0.0,0.0,0.0,0.0,0.0,product-catalog,1
2026-07-22 06:37:33,2.9611415157802927,0.0,0.0,0.0,0.0,0.0,0.0,product-catalog,1
2026-07-22 06:42:33,2.9611415157802927,0.0,0.0,0.0,0.0,0.0,0.0,product-catalog,1
2026-07-22 06:47:33,2.9611415157802927,0.0,0.0,0.0,0.0,0.0,0.0,product-catalog,1
2026-07-22 06:52:33,2.9611415157802927,0.0,0.0,0.0,0.0,0.0,0.0,product-catalog,1
2026-07-22 06:57:33,2.9611415157802927,0.0,0.0,0.0,0.0,0.0,0.0,product-catalog,1
2026-07-22 07:02:33,2.9611415157802927,0.0,0.0,0.0,0.0,0.0,0.0,product-catalog,1
2026-07-22 07:07:33,2.9611415157802927,0.0,0.0,0.0,0.0,0.0,0.0,product-catalog,1
2026-07-22 07:12:33,2.9611415157802927,0.0,0.0,0.0,0.0,0.0,0.0,product-catalog,1
2026-07-22 07:17:33,2.9611415157802927,0.0,0.0,0.0,0.0,0.0,0.0,product-catalog,1
2026-07-22 07:22:33,2.9611415157802927,0.0,0.0,0.0,0.0,0.0,0.0,product-catalog,1
2026-07-22 07:27:33,2.9611415157802927,0.0,0.0,0.0,0.0,0.0,0.0,product-catalog,1
2026-07-22 07:32:33,2.9611415157802927,0.0,0.0,0.0,0.0,0.0,0.0,product-catalog,1
2026-07-22 07:37:33,2.9611415157802927,0.0,0.0,0.0,0.0,0.0,0.0,product-catalog,1
2026-07-22 07:42:33,2.9611415157802927,0.0,0.0,0.0,0.0,0.0,0.0,product-catalog,1
2026-07-22 07:47:33,2.9611415157802927,0.0,0.0,0.0,0.0,0.0,0.0,product-catalog,1
2026-07-22 07:52:33,2.9611415157802927,0.0,0.0,0.0,0.0,0.0,0.0,product-catalog,1
2026-07-22 07:57:33,2.9611415157802927,0.0,0.0,0.0,0.0,0.0,0.0,product-catalog,1
2026-07-22 08:02:33,2.9611415157802927,0.0,0.0,0.0,0.0,0.0,0.0,product-catalog,1
2026-07-22 08:07:33,2.9611415157802927,0.0,0.0,0.0,0.0,0.0,0.0,product-catalog,1
2026-07-22 08:12:33,2.9611415157802927,0.0,0.0,0.0,0.0,0.0,0.0,product-catalog,1
2026-07-22 08:17:33,2.9611415157802927,0.0,0.0,0.0,0.0,0.0,0.0,product-catalog,1
2026-07-22 08:22:33,2.9611415157802927,0.0,0.0,0.0,0.0,0.0,0.0,product-catalog,1
2026-07-22 08:27:33,2.9611415157802927,0.0,0.0,0.0,0.0,0.0,0.0,product-catalog,1
2026-07-22 08:32:33,2.9611415157802927,0.0,0.0,0.0,0.0,0.0,0.0,product-catalog,1
2026-07-22 08:37:33,2.9611415157802927,0.0,0.0,0.0,0.0,0.0,0.0,product-catalog,1
2026-07-22 08:42:33,2.9611415157802927,0.0,0.0,0.0,0.0,0.0,0.0,product-catalog,1
2026-07-22 08:47:33,2.9611415157802927,0.0,0.0,0.0,0.0,0.0,0.0,product-catalog,1
2026-07-22 08:52:33,2.9611415157802927,0.0,0.0,0.0,0.0,0.0,0.0,product-catalog,1
2026-07-22 08:57:33,2.9611415157802927,0.0,0.0,0.0,0.0,0.0,0.0,product-catalog,1
2026-07-22 09:02:33,2.9611415157802927,0.0,0.0,0.0,0.0,0.0,0.0,product-catalog,1
2026-07-22 09:07:33,2.9611415157802927,0.0,0.0,0.0,0.0,0.0,0.0,product-catalog,1
2026-07-22 09:12:33,2.9611415157802927,0.0,0.0,0.0,0.0,0.0,0.0,product-catalog,1
2026-07-22 09:17:33,2.9611415157802927,0.0,0.0,0.0,0.0,0.0,0.0,product-catalog,1
2026-07-22 09:22:33,2.9611415157802927,0.0,0.0,0.0,0.0,0.0,0.0,product-catalog,1
2026-07-22 09:27:33,2.9611415157802927,0.0,0.0,0.0,0.0,0.0,0.0,product-catalog,1
2026-07-22 09:32:33,2.9611415157802927,0.0,0.0,0.0,0.0,0.0,0.0,product-catalog,1
2026-07-22 09:37:33,2.9611415157802927,0.0,0.0,0.0,0.0,0.0,0.0,product-catalog,1
2026-07-22 09:42:33,2.9611415157802927,0.0,0.0,0.0,0.0,0.0,0.0,product-catalog,1
2026-07-22 09:47:33,2.9611415157802927,0.0,0.0,0.0,0.0,0.0,0.0,product-catalog,1
2026-07-22 09:52:33,2.9611415157802927,0.0,0.0,0.0,0.0,0.0,0.0,product-catalog,1
2026-07-22 09:57:33,2.9611415157802927,0.0,0.0,0.0,0.0,0.0,0.0,product-catalog,1
2026-07-22 10:02:33,2.9611415157802927,0.0,0.0,0.0,0.0,0.0,0.0,product-catalog,1
2026-07-22 10:07:33,2.9611415157802927,0.0,0.0,0.0,0.0,0.0,0.0,product-catalog,1
2026-07-22 10:12:33,2.9611415157802927,0.0,0.0,0.0,0.0,0.0,0.0,product-catalog,1
2026-07-22 10:17:33,2.9611415157802927,0.0,0.0,0.0,0.0,0.0,0.0,product-catalog,1
2026-07-22 10:22:33,2.9611415157802927,0.0,0.0,0.0,0.0,0.0,0.0,product-catalog,1
2026-07-22 10:27:33,2.9611415157802927,0.0,0.0,0.0,0.0,0.0,0.0,product-catalog,1
2026-07-22 10:32:33,2.9611415157802927,0.0,0.0,0.0,0.0,0.0,0.0,product-catalog,1
2026-07-22 10:37:33,2.9611415157802927,0.0,0.0,0.0,0.0,0.0,0.0,product-catalog,1
2026-07-22 10:42:33,2.9611415157802927,0.0,0.0,0.0,0.0,0.0,0.0,product-catalog,1
2026-07-22 10:47:33,2.9611415157802927,0.0,0.0,0.0,0.0,0.0,0.0,product-catalog,1
2026-07-22 10:52:33,2.9611415157802927,0.0,0.0,0.0,0.0,0.0,0.0,product-catalog,1
2026-07-22 10:57:33,2.9611415157802927,0.0,0.0,0.0,0.0,0.0,0.0,product-catalog,1
2026-07-22 11:02:33,2.9611415157802927,0.0,0.0,0.0,0.0,0.0,0.0,product-catalog,1
2026-07-22 11:07:33,2.9611415157802927,0.0,0.0,0.0,0.0,0.0,0.0,product-catalog,1
2026-07-22 11:12:33,2.9611415157802927,0.0,0.0,0.0,0.0,0.0,0.0,product-catalog,1
2026-07-22 11:17:33,2.9611415157802927,0.0,0.0,0.0,0.0,0.0,0.0,product-catalog,1
2026-07-22 11:22:33,2.9611415157802927,0.0,0.0,0.0,0.0,0.0,0.0,product-catalog,1
2026-07-22 11:27:33,2.9611415157802927,0.0,0.0,0.0,0.0,0.0,0.0,product-catalog,1
2026-07-22 11:32:33,2.9611415157802927,0.0,0.0,0.0,0.0,0.0,0.0,product-catalog,1
2026-07-22 11:37:33,2.9611415157802927,0.0,0.0,0.0,0.0,0.0,0.0,product-catalog,1
2026-07-22 11:42:33,2.9611415157802927,0.0,0.0,0.0,0.0,0.0,0.0,product-catalog,1
2026-07-22 11:47:33,2.9611415157802927,0.0,0.0,0.0,0.0,0.0,0.0,product-catalog,1
2026-07-22 11:52:33,2.9611415157802927,0.0,0.0,0.0,0.0,0.0,0.0,product-catalog,1
2026-07-22 11:57:33,2.9611415157802927,0.0,0.0,0.0,0.0,0.0,0.0,product-catalog,1
2026-07-22 12:02:33,2.9611415157802927,0.0,0.0,0.0,0.0,0.0,0.0,product-catalog,1
2026-07-22 12:07:33,2.9611415157802927,0.0,0.0,0.0,0.0,0.0,0.0,product-catalog,1
2026-07-22 12:12:33,2.9611415157802927,0.0,0.0,0.0,0.0,0.0,0.0,product-catalog,1
2026-07-22 12:17:33,2.9611415157802927,0.0,0.0,0.0,0.0,0.0,0.0,product-catalog,1
2026-07-22 12:22:33,2.9611415157802927,0.0,0.0,0.0,0.0,0.0,0.0,product-catalog,1
2026-07-22 12:27:33,2.9611415157802927,0.0,0.0,0.0,0.0,0.0,0.0,product-catalog,1
2026-07-22 12:32:33,2.9611415157802927,0.0,0.0,0.0,0.0,0.0,0.0,product-catalog,1
2026-07-22 12:37:33,2.9611415157802927,0.0,0.0,0.0,0.0,0.0,0.0,product-catalog,1
2026-07-22 12:42:33,2.9611415157802927,0.0,0.0,0.0,0.0,0.0,0.0,product-catalog,1
2026-07-22 12:47:33,2.9611415157802927,0.0,0.0,0.0,0.0,0.0,0.0,product-catalog,1
2026-07-22 12:52:33,2.9611415157802927,0.0,0.0,0.0,0.0,0.0,0.0,product-catalog,1
2026-07-22 12:57:33,2.9611415157802927,0.0,0.0,0.0,0.0,0.0,0.0,product-catalog,1
2026-07-22 13:02:33,2.9611415157802927,0.0,0.0,0.0,0.0,0.0,0.0,product-catalog,1
2026-07-22 13:07:33,2.9611415157802927,0.0,0.0,0.0,0.0,0.0,0.0,product-catalog,1
2026-07-22 13:12:33,2.9611415157802927,0.0,0.0,0.0,0.0,0.0,0.0,product-catalog,1
2026-07-22 13:17:33,2.9611415157802927,0.0,0.0,0.0,0.0,0.0,0.0,product-catalog,1
2026-07-22 13:22:33,2.9611415157802927,0.0,0.0,0.0,0.0,0.0,0.0,product-catalog,1
2026-07-22 13:27:33,2.9611415157802927,0.0,0.0,0.0,0.0,0.0,0.0,product-catalog,1
2026-07-22 13:32:33,2.9611415157802927,0.0,0.0,0.0,0.0,0.0,0.0,product-catalog,1
2026-07-22 13:37:33,2.9611415157802927,0.0,0.0,0.0,0.0,0.0,0.0,product-catalog,1
2026-07-22 13:42:33,2.9611415157802927,0.0,0.0,0.0,0.0,0.0,0.0,product-catalog,1
2026-07-22 13:47:33,2.9611415157802927,0.0,0.0,0.0,0.0,0.0,0.0,product-catalog,1
2026-07-22 13:52:33,2.9611415157802927,0.0,0.0,0.0,0.0,0.0,0.0,product-catalog,1
2026-07-22 13:57:33,2.9611415157802927,0.0,0.0,0.0,0.0,0.0,0.0,product-catalog,1
2026-07-22 14:02:33,2.9611415157802927,0.0,0.0,0.0,0.0,0.0,0.0,product-catalog,1
2026-07-22 14:07:33,2.9611415157802927,0.0,0.0,0.0,0.0,0.0,0.0,product-catalog,1
2026-07-22 14:12:33,2.9611415157802927,0.0,0.0,0.0,0.0,0.0,0.0,product-catalog,1
2026-07-22 14:17:33,2.9611415157802927,0.0,0.0,0.0,0.0,0.0,0.0,product-catalog,1
2026-07-22 14:22:33,2.9611415157802927,0.0,0.0,0.0,0.0,0.0,0.0,product-catalog,1
2026-07-22 14:27:33,2.9611415157802927,0.0,0.0,0.0,0.0,0.0,0.0,product-catalog,1
2026-07-22 14:32:33,2.9611415157802927,0.0,0.0,0.0,0.0,0.0,0.0,product-catalog,1
2026-07-22 14:37:33,2.9611415157802927,0.0,0.0,0.0,0.0,0.0,0.0,product-catalog,1
2026-07-22 14:42:33,2.9611415157802927,0.0,0.0,0.0,0.0,0.0,0.0,product-catalog,1
2026-07-22 14:47:33,2.9611415157802927,0.0,0.0,0.0,0.0,0.0,0.0,product-catalog,1
2026-07-22 14:52:33,2.9611415157802927,0.0,0.0,0.0,0.0,0.0,0.0,product-catalog,1
2026-07-22 14:57:33,2.9611415157802927,0.0,0.0,0.0,0.0,0.0,0.0,product-catalog,1
2026-07-22 15:02:33,2.9611415157802927,0.0,0.0,0.0,0.0,0.0,0.0,product-catalog,1
2026-07-22 15:07:33,2.9611415157802927,0.0,0.0,0.0,0.0,0.0,0.0,product-catalog,1
2026-07-22 15:12:33,2.9611415157802927,0.0,0.0,0.0,0.0,0.0,0.0,product-catalog,1
2026-07-22 15:17:33,2.9611415157802927,0.0,0.0,0.0,0.0,0.0,0.0,product-catalog,1
2026-07-22 15:22:33,2.9611415157802927,0.0,0.0,0.0,0.0,0.0,0.0,product-catalog,1
2026-07-22 15:27:33,2.9611415157802927,0.0,0.0,0.0,0.0,0.0,0.0,product-catalog,1
2026-07-22 15:32:33,2.9611415157802927,0.0,0.0,0.0,0.0,0.0,0.0,product-catalog,1
2026-07-22 15:37:33,2.9611415157802927,0.0,0.0,0.0,0.0,0.0,0.0,product-catalog,1
2026-07-22 15:42:33,2.9611415157802927,0.0,0.0,0.0,0.0,0.0,0.0,product-catalog,1
2026-07-22 15:47:33,2.9611415157802927,0.0,0.0,0.0,0.0,0.0,0.0,product-catalog,1
2026-07-22 15:52:33,2.9611415157802927,0.0,0.0,0.0,0.0,0.0,0.0,product-catalog,1
2026-07-22 15:57:33,2.9611415157802927,0.0,0.0,0.0,0.0,0.0,0.0,product-catalog,1
2026-07-22 16:02:33,2.9611415157802927,0.0,0.0,0.0,0.0,0.0,0.0,product-catalog,1
2026-07-22 16:07:33,2.9611415157802927,0.0,0.0,0.0,0.0,0.0,0.0,product-catalog,1
2026-07-22 16:12:33,2.9611415157802927,0.0,0.0,0.0,0.0,0.0,0.0,product-catalog,1
2026-07-22 16:17:33,2.9611415157802927,0.0,0.0,0.0,0.0,0.0,0.0,product-catalog,1
2026-07-22 16:22:33,2.9611415157802927,0.0,0.0,0.0,0.0,0.0,0.0,product-catalog,1
2026-07-22 16:27:33,2.9611415157802927,0.0,0.0,0.0,0.0,0.0,0.0,product-catalog,1
2026-07-22 16:32:33,2.9611415157802927,0.0,0.0,0.0,0.0,0.0,0.0,product-catalog,1
2026-07-22 16:37:33,2.9611415157802927,0.0,0.0,0.0,0.0,0.0,0.0,product-catalog,1
2026-07-22 16:42:33,2.9611415157802927,0.0,0.0,0.0,0.0,0.0,0.0,product-catalog,1
2026-07-22 16:47:33,2.9611415157802927,0.0,0.0,0.0,0.0,0.0,0.0,product-catalog,1
2026-07-22 16:52:33,2.9611415157802927,0.0,0.0,0.0,0.0,0.0,0.0,product-catalog,1
2026-07-22 16:57:33,2.9611415157802927,0.0,0.0,0.0,0.0,0.0,0.0,product-catalog,1
2026-07-22 17:02:33,2.9611415157802927,0.0,0.0,0.0,0.0,0.0,0.0,product-catalog,1
2026-07-22 17:07:33,2.9611415157802927,0.0,0.0,0.0,0.0,0.0,0.0,product-catalog,1
2026-07-22 17:12:33,2.9611415157802927,0.0,0.0,0.0,0.0,0.0,0.0,product-catalog,1
2026-07-22 17:17:33,2.9611415157802927,0.0,0.0,0.0,0.0,0.0,0.0,product-catalog,1
2026-07-22 17:22:33,2.9611415157802927,0.0,0.0,0.0,0.0,0.0,0.0,product-catalog,1
2026-07-22 17:27:33,2.9611415157802927,0.0,0.0,0.0,0.0,0.0,0.0,product-catalog,1
2026-07-22 17:32:33,2.9611415157802927,0.0,0.0,0.0,0.0,0.0,0.0,product-catalog,1
2026-07-22 17:37:33,2.9611415157802927,0.0,0.0,0.0,0.0,0.0,0.0,product-catalog,1
2026-07-22 17:42:33,2.9611415157802927,0.0,0.0,0.0,0.0,0.0,0.0,product-catalog,1
2026-07-22 17:47:33,2.9611415157802927,0.0,0.0,0.0,0.0,0.0,0.0,product-catalog,1
2026-07-22 17:52:33,2.9611415157802927,0.0,0.0,0.0,0.0,0.0,0.0,product-catalog,1
2026-07-22 17:57:33,2.9611415157802927,0.0,0.0,0.0,0.0,0.0,0.0,product-catalog,1
2026-07-22 18:02:33,2.9611415157802927,0.0,0.0,0.0,0.0,0.0,0.0,product-catalog,1
2026-07-22 18:07:33,2.9611415157802927,0.0,0.0,0.0,0.0,0.0,0.0,product-catalog,1
2026-07-22 18:12:33,2.9611415157802927,0.0,0.0,0.0,0.0,0.0,0.0,product-catalog,1
2026-07-22 18:17:33,2.9611415157802927,0.0,0.0,0.0,0.0,0.0,0.0,product-catalog,1
2026-07-22 18:22:33,2.9611415157802927,0.0,0.0,0.0,0.0,0.0,0.0,product-catalog,1
2026-07-22 18:27:33,2.9611415157802927,0.0,0.0,0.0,0.0,0.0,0.0,product-catalog,1
2026-07-22 18:32:33,2.9611415157802927,0.0,0.0,0.0,0.0,0.0,0.0,product-catalog,1
2026-07-22 18:37:33,2.9611415157802927,0.0,0.0,0.0,0.0,0.0,0.0,product-catalog,1
2026-07-22 18:42:33,2.9611415157802927,0.0,0.0,0.0,0.0,0.0,0.0,product-catalog,1
2026-07-22 18:47:33,2.9611415157802927,0.0,0.0,0.0,0.0,0.0,0.0,product-catalog,1
2026-07-22 18:52:33,2.9611415157802927,0.0,0.0,0.0,0.0,0.0,0.0,product-catalog,1
2026-07-22 18:57:33,2.9611415157802927,0.0,0.0,0.0,0.0,0.0,0.0,product-catalog,1
2026-07-22 19:02:33,2.9611415157802927,0.0,0.0,0.0,0.0,0.0,0.0,product-catalog,1
2026-07-22 19:07:33,2.9611415157802927,0.0,0.0,0.0,0.0,0.0,0.0,product-catalog,1
2026-07-22 19:12:33,2.9611415157802927,0.0,0.0,0.0,0.0,0.0,0.0,product-catalog,1
2026-07-22 19:17:33,2.9611415157802927,0.0,0.0,0.0,0.0,0.0,0.0,product-catalog,1
2026-07-22 19:22:33,2.9611415157802927,0.0,0.0,0.0,0.0,0.0,0.0,product-catalog,1
2026-07-22 19:27:33,2.9611415157802927,0.0,0.0,0.0,0.0,0.0,0.0,product-catalog,1
2026-07-22 19:32:33,2.9611415157802927,0.0,0.0,0.0,0.0,0.0,0.0,product-catalog,1
2026-07-22 19:37:33,2.9611415157802927,0.0,0.0,0.0,0.0,0.0,0.0,product-catalog,1
2026-07-22 19:42:33,2.9611415157802927,0.0,0.0,0.0,0.0,0.0,0.0,product-catalog,1
2026-07-22 19:47:33,2.9611415157802927,0.0,0.0,0.0,0.0,0.0,0.0,product-catalog,1
2026-07-22 19:52:33,2.9611415157802927,0.0,0.0,0.0,0.0,0.0,0.0,product-catalog,1
2026-07-22 19:57:33,2.9611415157802927,0.0,0.0,0.0,0.0,0.0,0.0,product-catalog,1
2026-07-22 20:02:33,2.9611415157802927,0.0,0.0,0.0,0.0,0.0,0.0,product-catalog,1
2026-07-22 20:07:33,2.9611415157802927,0.0,0.0,0.0,0.0,0.0,0.0,product-catalog,1
2026-07-22 20:12:33,2.9611415157802927,0.0,0.0,0.0,0.0,0.0,0.0,product-catalog,1
2026-07-22 20:17:33,2.9611415157802927,0.0,0.0,0.0,0.0,0.0,0.0,product-catalog,1
2026-07-22 20:22:33,2.9611415157802927,0.0,0.0,0.0,0.0,0.0,0.0,product-catalog,1
2026-07-22 20:27:33,2.9611415157802927,0.0,0.0,0.0,0.0,0.0,0.0,product-catalog,1
2026-07-22 20:32:33,2.9611415157802927,0.0,0.0,0.0,0.0,0.0,0.0,product-catalog,1
2026-07-22 20:37:33,2.9611415157802927,0.0,0.0,0.0,0.0,0.0,0.0,product-catalog,1
2026-07-22 20:42:33,2.9611415157802927,0.0,0.0,0.0,0.0,0.0,0.0,product-catalog,1
2026-07-22 20:47:33,2.9611415157802927,0.0,0.0,0.0,0.0,0.0,0.0,product-catalog,1
2026-07-22 20:52:33,2.9611415157802927,0.0,0.0,0.0,0.0,0.0,0.0,product-catalog,1
2026-07-22 20:57:33,2.9611415157802927,0.0,0.0,0.0,0.0,0.0,0.0,product-catalog,1
2026-07-22 21:02:33,2.9611415157802927,0.0,0.0,0.0,0.0,0.0,0.0,product-catalog,1
2026-07-22 21:07:33,2.9611415157802927,0.0,0.0,0.0,0.0,0.0,0.0,product-catalog,1
2026-07-22 21:12:33,2.9611415157802927,0.0,0.0,0.0,0.0,0.0,0.0,product-catalog,1
2026-07-22 21:17:33,2.9611415157802927,0.0,0.0,0.0,0.0,0.0,0.0,product-catalog,1
2026-07-22 21:22:33,2.9611415157802927,0.0,0.0,0.0,0.0,0.0,0.0,product-catalog,1
2026-07-22 21:27:33,2.9611415157802927,0.0,0.0,0.0,0.0,0.0,0.0,product-catalog,1
2026-07-22 21:32:33,2.9611415157802927,0.0,0.0,0.0,0.0,0.0,0.0,product-catalog,1
2026-07-22 21:37:33,2.9611415157802927,0.0,0.0,0.0,0.0,0.0,0.0,product-catalog,1
2026-07-22 21:42:33,2.9611415157802927,0.0,0.0,0.0,0.0,0.0,0.0,product-catalog,1
2026-07-22 21:47:33,2.9611415157802927,0.0,0.0,0.0,0.0,0.0,0.0,product-catalog,1
2026-07-22 21:52:33,2.9611415157802927,0.0,0.0,0.0,0.0,0.0,0.0,product-catalog,1
2026-07-22 21:57:33,2.9611415157802927,0.0,0.0,0.0,0.0,0.0,0.0,product-catalog,1
2026-07-22 22:02:33,2.9611415157802927,0.0,0.0,0.0,0.0,0.0,0.0,product-catalog,1
2026-07-22 22:07:33,2.9611415157802927,0.0,0.0,0.0,0.0,0.0,0.0,product-catalog,1
2026-07-22 22:12:33,2.9611415157802927,0.0,0.0,0.0,0.0,0.0,0.0,product-catalog,1
2026-07-22 22:17:33,2.9611415157802927,0.0,0.0,0.0,0.0,0.0,0.0,product-catalog,1
2026-07-22 22:22:33,2.9611415157802927,0.0,0.0,0.0,0.0,0.0,0.0,product-catalog,1
2026-07-22 22:27:33,2.9611415157802927,0.0,0.0,0.0,0.0,0.0,0.0,product-catalog,1
2026-07-22 22:32:33,2.9611415157802927,0.0,0.0,0.0,0.0,0.0,0.0,product-catalog,1
2026-07-22 22:37:33,2.9611415157802927,0.0,0.0,0.0,0.0,0.0,0.0,product-catalog,1
2026-07-22 22:42:33,2.9611415157802927,0.0,0.0,0.0,0.0,0.0,0.0,product-catalog,1
2026-07-22 22:47:33,2.9611415157802927,0.0,0.0,0.0,0.0,0.0,0.0,product-catalog,1
2026-07-22 22:52:33,2.9611415157802927,0.0,0.0,0.0,0.0,0.0,0.0,product-catalog,1
2026-07-22 22:57:33,2.9611415157802927,0.0,0.0,0.0,0.0,0.0,0.0,product-catalog,1
2026-07-22 23:02:33,2.9611415157802927,0.0,0.0,0.0,0.0,0.0,0.0,product-catalog,1
2026-07-22 23:07:33,2.9611415157802927,0.0,0.0,0.0,0.0,0.0,0.0,product-catalog,1
2026-07-22 23:12:33,2.9611415157802927,0.0,0.0,0.0,0.0,0.0,0.0,product-catalog,1
2026-07-22 23:17:33,2.9611415157802927,0.0,0.0,0.0,0.0,0.0,0.0,product-catalog,1
2026-07-22 23:22:33,2.9611415157802927,0.0,0.0,0.0,0.0,0.0,0.0,product-catalog,1
2026-07-22 23:27:33,2.9611415157802927,0.0,0.0,0.0,0.0,0.0,0.0,product-catalog,1
2026-07-22 23:32:33,2.9611415157802927,0.0,0.0,0.0,0.0,0.0,0.0,product-catalog,1
2026-07-22 23:37:33,2.9611415157802927,0.0,0.0,0.0,0.0,0.0,0.0,product-catalog,1
2026-07-22 23:42:33,2.9611415157802927,0.0,0.0,0.0,0.0,0.0,0.0,product-catalog,1
2026-07-22 23:47:33,2.9611415157802927,0.0,0.0,0.0,0.0,0.0,0.0,product-catalog,1
2026-07-22 23:52:33,2.9611415157802927,0.0,0.0,0.0,0.0,0.0,0.0,product-catalog,1
2026-07-22 23:57:33,2.9611415157802927,0.0,0.0,0.0,0.0,0.0,0.0,product-catalog,1
2026-07-23 00:02:33,2.9611415157802927,0.0,0.0,0.0,0.0,0.0,0.0,product-catalog,1
2026-07-23 00:07:33,2.9611415157802927,0.0,0.0,0.0,0.0,0.0,0.0,product-catalog,1
2026-07-23 00:12:33,2.9611415157802927,0.0,0.0,0.0,0.0,0.0,0.0,product-catalog,1
2026-07-23 00:17:33,2.9611415157802927,0.0,0.0,0.0,0.0,0.0,0.0,product-catalog,1
2026-07-23 00:22:33,2.9611415157802927,0.0,0.0,0.0,0.0,0.0,0.0,product-catalog,1
2026-07-23 00:27:33,2.9611415157802927,0.0,0.0,0.0,0.0,0.0,0.0,product-catalog,1
2026-07-23 00:32:33,2.9611415157802927,0.0,0.0,0.0,0.0,0.0,0.0,product-catalog,1
2026-07-23 00:37:33,2.9611415157802927,0.0,0.0,0.0,0.0,0.0,0.0,product-catalog,1
2026-07-23 00:42:33,2.9611415157802927,0.0,0.0,0.0,0.0,0.0,0.0,product-catalog,1
2026-07-23 00:47:33,2.9611415157802927,0.0,0.0,0.0,0.0,0.0,0.0,product-catalog,1
2026-07-23 00:52:33,2.9611415157802927,0.0,0.0,0.0,0.0,0.0,0.0,product-catalog,1
2026-07-23 00:57:33,2.9611415157802927,0.0,0.0,0.0,0.0,0.0,0.0,product-catalog,1
2026-07-23 01:02:33,2.9611415157802927,0.0,0.0,0.0,0.0,0.0,0.0,product-catalog,1
2026-07-23 01:07:33,2.9611415157802927,0.0,0.0,0.0,0.0,0.0,0.0,product-catalog,1
2026-07-23 01:12:33,2.9611415157802927,0.0,0.0,0.0,0.0,0.0,0.0,product-catalog,1
2026-07-23 01:17:33,2.9611415157802927,0.0,0.0,0.0,0.0,0.0,0.0,product-catalog,1
2026-07-23 01:22:33,2.9611415157802927,0.0,0.0,0.0,0.0,0.0,0.0,product-catalog,1
2026-07-23 01:27:33,2.9611415157802927,0.0,0.0,0.0,0.0,0.0,0.0,product-catalog,1
2026-07-23 01:32:33,2.9611415157802927,0.0,0.0,0.0,0.0,0.0,0.0,product-catalog,1
2026-07-23 01:37:33,2.9611415157802927,0.0,0.0,0.0,0.0,0.0,0.0,product-catalog,1
2026-07-23 01:42:33,2.9611415157802927,0.0,0.0,0.0,0.0,0.0,0.0,product-catalog,1
2026-07-23 01:47:33,2.9611415157802927,0.0,0.0,0.0,0.0,0.0,0.0,product-catalog,1
2026-07-23 01:52:33,2.9611415157802927,0.0,0.0,0.0,0.0,0.0,0.0,product-catalog,1
2026-07-23 01:57:33,2.9611415157802927,0.0,0.0,0.0,0.0,0.0,0.0,product-catalog,1
2026-07-23 02:02:33,2.9611415157802927,0.0,0.0,0.0,0.0,0.0,0.0,product-catalog,1
2026-07-23 02:07:33,2.9611415157802927,0.0,0.0,0.0,0.0,0.0,0.0,product-catalog,1
2026-07-23 02:12:33,2.9611415157802927,0.0,0.0,0.0,0.0,0.0,0.0,product-catalog,1
2026-07-23 02:17:33,2.9611415157802927,0.0,0.0,0.0,0.0,0.0,0.0,product-catalog,1
2026-07-23 02:22:33,2.9611415157802927,0.0,0.0,0.0,0.0,0.0,0.0,product-catalog,1
2026-07-23 02:27:33,2.9611415157802927,0.0,0.0,0.0,0.0,0.0,0.0,product-catalog,1
2026-07-23 02:32:33,2.9611415157802927,0.0,0.0,0.0,0.0,0.0,0.0,product-catalog,1
2026-07-23 02:37:33,2.9611415157802927,0.0,0.0,0.0,0.0,0.0,0.0,product-catalog,1
2026-07-23 02:42:33,2.9611415157802927,0.0,0.0,0.0,0.0,0.0,0.0,product-catalog,1
2026-07-23 02:47:33,2.9611415157802927,0.0,0.0,0.0,0.0,0.0,0.0,product-catalog,1
2026-07-23 02:52:33,2.9611415157802927,0.0,0.0,0.0,0.0,0.0,0.0,product-catalog,1
2026-07-23 02:57:33,2.9611415157802927,0.0,0.0,0.0,0.0,0.0,0.0,product-catalog,1
2026-07-23 03:02:33,2.9611415157802927,0.0,0.0,0.0,0.0,0.0,0.0,product-catalog,1
2026-07-23 03:07:33,2.9611415157802927,0.0,0.0,0.0,0.0,0.0,0.0,product-catalog,1
2026-07-23 03:12:33,2.9611415157802927,0.0,0.0,0.0,0.0,0.0,0.0,product-catalog,1
2026-07-23 03:17:33,2.9611415157802927,0.0,0.0,0.0,0.0,0.0,0.0,product-catalog,1
2026-07-23 03:22:33,2.9611415157802927,0.0,0.0,0.0,0.0,0.0,0.0,product-catalog,1
2026-07-23 03:27:33,2.9611415157802927,0.0,0.0,0.0,0.0,0.0,0.0,product-catalog,1
2026-07-23 03:32:33,2.9611415157802927,0.0,0.0,0.0,0.0,0.0,0.0,product-catalog,1
2026-07-23 03:37:33,2.9611415157802927,0.0,0.0,0.0,0.0,0.0,0.0,product-catalog,1
2026-07-23 03:42:33,2.9611415157802927,0.0,0.0,0.0,0.0,0.0,0.0,product-catalog,1
2026-07-23 03:47:33,2.9611415157802927,0.0,0.0,0.0,0.0,0.0,0.0,product-catalog,1
2026-07-23 03:52:33,2.9611415157802927,0.0,0.0,0.0,0.0,0.0,0.0,product-catalog,1
2026-07-23 03:57:33,2.9611415157802927,0.0,0.0,0.0,0.0,0.0,0.0,product-catalog,1
2026-07-23 04:02:33,2.9611415157802927,0.0,0.0,0.0,0.0,0.0,0.0,product-catalog,1
2026-07-23 04:07:33,2.9611415157802927,0.0,0.0,0.0,0.0,0.0,0.0,product-catalog,1
2026-07-23 04:12:33,2.9611415157802927,0.0,0.0,0.0,0.0,0.0,0.0,product-catalog,1
2026-07-23 04:17:33,2.9611415157802927,0.0,0.0,0.0,0.0,0.0,0.0,product-catalog,1
2026-07-23 04:22:33,2.9611415157802927,0.0,0.0,0.0,0.0,0.0,0.0,product-catalog,1
2026-07-23 04:27:33,2.9611415157802927,0.0,0.0,0.0,0.0,0.0,0.0,product-catalog,1
2026-07-23 04:32:33,2.9611415157802927,0.0,0.0,0.0,0.0,0.0,0.0,product-catalog,1
2026-07-23 04:37:33,2.9611415157802927,0.0,0.0,0.0,0.0,0.0,0.0,product-catalog,1
2026-07-23 04:42:33,2.9611415157802927,0.0,0.0,0.0,0.0,0.0,0.0,product-catalog,1
2026-07-23 04:47:33,2.9611415157802927,0.0,0.0,0.0,0.0,0.0,0.0,product-catalog,1
2026-07-23 04:52:33,2.9611415157802927,0.0,0.0,0.0,0.0,0.0,0.0,product-catalog,1
2026-07-23 04:57:33,2.9611415157802927,0.0,0.0,0.0,0.0,0.0,0.0,product-catalog,1
2026-07-23 05:02:33,2.9611415157802927,0.0,0.0,0.0,0.0,0.0,0.0,product-catalog,1
2026-07-23 05:07:33,2.9611415157802927,0.0,0.0,0.0,0.0,0.0,0.0,product-catalog,1
2026-07-23 05:12:33,2.9611415157802927,0.0,0.0,0.0,0.0,0.0,0.0,product-catalog,1
2026-07-23 05:17:33,2.9611415157802927,0.0,0.0,0.0,0.0,0.0,0.0,product-catalog,1
2026-07-23 05:22:33,2.9611415157802927,0.0,0.0,0.0,0.0,0.0,0.0,product-catalog,1
2026-07-23 05:27:33,2.9611415157802927,0.0,0.0,0.0,0.0,0.0,0.0,product-catalog,1
2026-07-23 05:32:33,2.9611415157802927,0.0,0.0,0.0,0.0,0.0,0.0,product-catalog,1
2026-07-23 05:37:33,2.9611415157802927,0.0,0.0,0.0,0.0,0.0,0.0,product-catalog,1
2026-07-23 05:42:33,2.9611415157802927,0.0,0.0,0.0,0.0,0.0,0.0,product-catalog,1
2026-07-23 05:47:33,2.9611415157802927,0.0,0.0,0.0,0.0,0.0,0.0,product-catalog,1
2026-07-23 05:52:33,2.9611415157802927,0.0,0.0,0.0,0.0,0.0,0.0,product-catalog,1
2026-07-23 05:57:33,2.9611415157802927,0.0,0.0,0.0,0.0,0.0,0.0,product-catalog,1
2026-07-23 06:02:33,2.9611415157802927,0.0,0.0,0.0,0.0,0.0,0.0,product-catalog,1
2026-07-23 06:07:33,2.9611415157802927,0.0,0.0,0.0,0.0,0.0,0.0,product-catalog,1
2026-07-23 06:12:33,2.9611415157802927,0.0,0.0,0.0,0.0,0.0,0.0,product-catalog,1
2026-07-23 06:17:33,2.9611415157802927,0.0,0.0,0.0,0.0,0.0,0.0,product-catalog,1
2026-07-23 06:22:33,2.9611415157802927,0.0,0.0,0.0,0.0,0.0,0.0,product-catalog,1
2026-07-23 06:27:33,2.9611415157802927,0.0,0.0,0.0,0.0,0.0,0.0,product-catalog,1
2026-07-23 06:32:33,2.9611415157802927,0.0,0.0,0.0,0.0,0.0,0.0,product-catalog,1
2026-07-23 06:37:33,2.9611415157802927,0.0,0.0,0.0,0.0,0.0,0.0,product-catalog,1
2026-07-23 06:42:33,2.9611415157802927,0.0,0.0,0.0,0.0,0.0,0.0,product-catalog,1
2026-07-23 06:47:33,2.9611415157802927,0.0,0.0,0.0,0.0,0.0,0.0,product-catalog,1
2026-07-23 06:52:33,2.9611415157802927,0.0,0.0,0.0,0.0,0.0,0.0,product-catalog,1
2026-07-23 06:57:33,2.9611415157802927,0.0,0.0,0.0,0.0,0.0,0.0,product-catalog,1
2026-07-23 07:02:33,2.9611415157802927,0.0,0.0,0.0,0.0,0.0,0.0,product-catalog,1
2026-07-23 07:07:33,2.9611415157802927,0.0,0.0,0.0,0.0,0.0,0.0,product-catalog,1
2026-07-23 07:12:33,2.9611415157802927,0.0,0.0,0.0,0.0,0.0,0.0,product-catalog,1
2026-07-23 07:17:33,2.9611415157802927,0.0,0.0,0.0,0.0,0.0,0.0,product-catalog,1
2026-07-23 07:22:33,2.9611415157802927,0.0,0.0,0.0,0.0,0.0,0.0,product-catalog,1
2026-07-23 07:27:33,2.9611415157802927,0.0,0.0,0.0,0.0,0.0,0.0,product-catalog,1
2026-07-23 07:32:33,2.9611415157802927,0.0,0.0,0.0,0.0,0.0,0.0,product-catalog,1
2026-07-23 07:37:33,2.9611415157802927,0.0,0.0,0.0,0.0,0.0,0.0,product-catalog,1
2026-07-23 07:42:33,2.9611415157802927,0.0,0.0,0.0,0.0,0.0,0.0,product-catalog,1
2026-07-23 07:47:33,2.9611415157802927,0.0,0.0,0.0,0.0,0.0,0.0,product-catalog,1
2026-07-23 07:52:33,2.9611415157802927,0.0,0.0,0.0,0.0,0.0,0.0,product-catalog,1
2026-07-23 07:57:33,2.9611415157802927,0.0,0.0,0.0,0.0,0.0,0.0,product-catalog,1
2026-07-23 08:02:33,2.9611415157802927,0.0,0.0,0.0,0.0,0.0,0.0,product-catalog,1
2026-07-23 08:07:33,2.9611415157802927,0.0,0.0,0.0,0.0,0.0,0.0,product-catalog,1
2026-07-23 08:12:33,2.9611415157802927,0.0,0.0,0.0,0.0,0.0,0.0,product-catalog,1
2026-07-23 08:17:33,2.9611415157802927,0.0,0.0,0.0,0.0,0.0,0.0,product-catalog,1
2026-07-23 08:22:33,2.9611415157802927,0.0,0.0,0.0,0.0,0.0,0.0,product-catalog,1
2026-07-23 08:27:33,2.9611415157802927,0.0,0.0,0.0,0.0,0.0,0.0,product-catalog,1
2026-07-23 08:32:33,2.9611415157802927,0.0,0.0,0.0,0.0,0.0,0.0,product-catalog,1
2026-07-23 08:37:33,2.9611415157802927,0.0,0.0,0.0,0.0,0.0,0.0,product-catalog,1
2026-07-23 08:42:33,2.9611415157802927,0.0,0.0,0.0,0.0,0.0,0.0,product-catalog,1
2026-07-23 08:47:33,2.9611415157802927,0.0,0.0,0.0,0.0,0.0,0.0,product-catalog,1
2026-07-23 08:52:33,2.9611415157802927,0.0,0.0,0.0,0.0,0.0,0.0,product-catalog,1
2026-07-23 08:57:33,2.9611415157802927,0.0,0.0,0.0,0.0,0.0,0.0,product-catalog,1
2026-07-23 09:02:33,2.9611415157802927,0.0,0.0,0.0,0.0,0.0,0.0,product-catalog,1
2026-07-23 09:07:33,2.9611415157802927,0.0,0.0,0.0,0.0,0.0,0.0,product-catalog,1
2026-07-23 09:12:33,2.9611415157802927,0.0,0.0,0.0,0.0,0.0,0.0,product-catalog,1
2026-07-23 09:17:33,2.9611415157802927,0.0,0.0,0.0,0.0,0.0,0.0,product-catalog,1
2026-07-23 09:22:33,2.9611415157802927,0.0,0.0,0.0,0.0,0.0,0.0,product-catalog,1
2026-07-23 09:27:33,2.9611415157802927,0.0,0.0,0.0,0.0,0.0,0.0,product-catalog,1
2026-07-23 09:32:33,2.9611415157802927,0.0,0.0,0.0,0.0,0.0,0.0,product-catalog,1
2026-07-23 09:37:33,2.9611415157802927,0.0,0.0,0.0,0.0,0.0,0.0,product-catalog,1
2026-07-23 09:42:33,2.9611415157802927,0.0,0.0,0.0,0.0,0.0,0.0,product-catalog,1
2026-07-23 09:47:33,2.9611415157802927,0.0,0.0,0.0,0.0,0.0,0.0,product-catalog,1
2026-07-23 09:52:33,2.9611415157802927,0.0,0.0,0.0,0.0,0.0,0.0,product-catalog,1
2026-07-23 09:57:33,2.9611415157802927,0.0,0.0,0.0,0.0,0.0,0.0,product-catalog,1
2026-07-23 10:02:33,2.9611415157802927,0.0,0.0,0.0,0.0,0.0,0.0,product-catalog,1
2026-07-23 10:07:33,2.9611415157802927,0.0,0.0,0.0,0.0,0.0,0.0,product-catalog,1
2026-07-23 10:12:33,2.9611415157802927,0.0,0.0,0.0,0.0,0.0,0.0,product-catalog,1
2026-07-23 10:17:33,2.9611415157802927,0.0,0.0,0.0,0.0,0.0,0.0,product-catalog,1
2026-07-23 10:22:33,2.9611415157802927,0.0,0.0,0.0,0.0,0.0,0.0,product-catalog,1
2026-07-23 10:27:33,2.9611415157802927,0.0,0.0,0.0,0.0,0.0,0.0,product-catalog,1
2026-07-23 10:32:33,2.9611415157802927,0.0,0.0,0.0,0.0,0.0,0.0,product-catalog,1
2026-07-23 10:37:33,2.9611415157802927,0.0,0.0,0.0,0.0,0.0,0.0,product-catalog,1
2026-07-23 10:42:33,2.9611415157802927,0.0,0.0,0.0,0.0,0.0,0.0,product-catalog,1
2026-07-23 10:47:33,2.9611415157802927,0.0,0.0,0.0,0.0,0.0,0.0,product-catalog,1
2026-07-23 10:52:33,2.9611415157802927,0.0,0.0,0.0,0.0,0.0,0.0,product-catalog,1
2026-07-23 10:57:33,2.9611415157802927,0.0,0.0,0.0,0.0,0.0,0.0,product-catalog,1
2026-07-23 11:02:33,2.9611415157802927,0.0,0.0,0.0,0.0,0.0,0.0,product-catalog,1
2026-07-23 11:07:33,2.9611415157802927,0.0,0.0,0.0,0.0,0.0,0.0,product-catalog,1
2026-07-23 11:12:33,2.9611415157802927,0.0,0.0,0.0,0.0,0.0,0.0,product-catalog,1
2026-07-23 11:17:33,2.9611415157802927,0.0,0.0,0.0,0.0,0.0,0.0,product-catalog,1
2026-07-23 11:22:33,2.9611415157802927,0.0,0.0,0.0,0.0,0.0,0.0,product-catalog,1
2026-07-23 11:27:33,2.9611415157802927,0.0,0.0,0.0,0.0,0.0,0.0,product-catalog,1
2026-07-23 11:32:33,2.9611415157802927,0.0,0.0,0.0,0.0,0.0,0.0,product-catalog,1
2026-07-23 11:37:33,2.9611415157802927,0.0,0.0,0.0,0.0,0.0,0.0,product-catalog,1
2026-07-23 11:42:33,2.9611415157802927,0.0,0.0,0.0,0.0,0.0,0.0,product-catalog,1
2026-07-23 11:47:33,2.9611415157802927,0.0,0.0,0.0,0.0,0.0,0.0,product-catalog,1
2026-07-23 11:52:33,2.9611415157802927,0.0,0.0,0.0,0.0,0.0,0.0,product-catalog,1
2026-07-23 11:57:33,2.9611415157802927,0.0,0.0,0.0,0.0,0.0,0.0,product-catalog,1
2026-07-23 12:02:33,2.9611415157802927,0.0,0.0,0.0,0.0,0.0,0.0,product-catalog,1
2026-07-23 12:07:33,2.9611415157802927,0.0,0.0,0.0,0.0,0.0,0.0,product-catalog,1
2026-07-23 12:12:33,2.9611415157802927,0.0,0.0,0.0,0.0,0.0,0.0,product-catalog,1
2026-07-23 12:17:33,2.9611415157802927,0.0,0.0,0.0,0.0,0.0,0.0,product-catalog,1
2026-07-23 12:22:33,2.9611415157802927,0.0,0.0,0.0,0.0,0.0,0.0,product-catalog,1
2026-07-23 12:27:33,2.9611415157802927,0.0,0.0,0.0,0.0,0.0,0.0,product-catalog,1
2026-07-23 12:32:33,2.9611415157802927,0.0,0.0,0.0,0.0,0.0,0.0,product-catalog,1
2026-07-23 12:37:33,2.9611415157802927,0.0,0.0,0.0,0.0,0.0,0.0,product-catalog,1
2026-07-23 12:42:33,2.9611415157802927,0.0,0.0,0.0,0.0,0.0,0.0,product-catalog,1
2026-07-23 12:47:33,2.9611415157802927,0.0,0.0,0.0,0.0,0.0,0.0,product-catalog,1
2026-07-23 12:52:33,2.9611415157802927,0.0,0.0,0.0,0.0,0.0,0.0,product-catalog,1
2026-07-23 12:57:33,2.9611415157802927,0.0,0.0,0.0,0.0,0.0,0.0,product-catalog,1
2026-07-23 13:02:33,2.9611415157802927,0.0,0.0,0.0,0.0,0.0,0.0,product-catalog,1
2026-07-23 13:07:33,2.9611415157802927,0.0,0.0,0.0,0.0,0.0,0.0,product-catalog,1
2026-07-23 13:12:33,2.9611415157802927,0.0,0.0,0.0,0.0,0.0,0.0,product-catalog,1
2026-07-23 13:17:33,2.9611415157802927,0.0,0.0,0.0,0.0,0.0,0.0,product-catalog,1
2026-07-23 13:22:33,2.9611415157802927,0.0,0.0,0.0,0.0,0.0,0.0,product-catalog,1
2026-07-23 13:27:33,2.9611415157802927,0.0,0.0,0.0,0.0,0.0,0.0,product-catalog,1
2026-07-23 13:32:33,2.9611415157802927,0.0,0.0,0.0,0.0,0.0,0.0,product-catalog,1
2026-07-23 13:37:33,2.9611415157802927,0.0,0.0,0.0,0.0,0.0,0.0,product-catalog,1
2026-07-23 13:42:33,2.9611415157802927,0.0,0.0,0.0,0.0,0.0,0.0,product-catalog,1
2026-07-23 13:47:33,2.9611415157802927,0.0,0.0,0.0,0.0,0.0,0.0,product-catalog,1
2026-07-23 13:52:33,2.9611415157802927,0.0,0.0,0.0,0.0,0.0,0.0,product-catalog,1
2026-07-23 13:57:33,2.9611415157802927,0.0,0.0,0.0,0.0,0.0,0.0,product-catalog,1
2026-07-23 14:02:33,2.9611415157802927,0.0,0.0,0.0,0.0,0.0,0.0,product-catalog,1
2026-07-23 14:07:33,2.9611415157802927,0.0,0.0,0.0,0.0,0.0,0.0,product-catalog,1
2026-07-23 14:12:33,2.9611415157802927,0.0,0.0,0.0,0.0,0.0,0.0,product-catalog,1
2026-07-23 14:17:33,2.9611415157802927,0.0,0.0,0.0,0.0,0.0,0.0,product-catalog,1
2026-07-23 14:22:33,2.9611415157802927,0.0,0.0,0.0,0.0,0.0,0.0,product-catalog,1
2026-07-23 14:27:33,2.9611415157802927,0.0,0.0,0.0,0.0,0.0,0.0,product-catalog,1
2026-07-23 14:32:33,2.9611415157802927,0.0,0.0,0.0,0.0,0.0,0.0,product-catalog,1
2026-07-23 14:37:33,2.9611415157802927,0.0,0.0,0.0,0.0,0.0,0.0,product-catalog,1
2026-07-23 14:42:33,2.9611415157802927,0.0,0.0,0.0,0.0,0.0,0.0,product-catalog,1
2026-07-23 14:47:33,2.9611415157802927,0.0,0.0,0.0,0.0,0.0,0.0,product-catalog,1
2026-07-23 14:52:33,2.9611415157802927,0.0,0.0,0.0,0.0,0.0,0.0,product-catalog,1
2026-07-23 14:57:33,2.9611415157802927,0.0,0.0,0.0,0.0,0.0,0.0,product-catalog,1
2026-07-23 15:02:33,2.9611415157802927,0.0,0.0,0.0,0.0,0.0,0.0,product-catalog,1
2026-07-23 15:07:33,2.9611415157802927,0.0,0.0,0.0,0.0,0.0,0.0,product-catalog,1
2026-07-23 15:12:33,2.9611415157802927,0.0,0.0,0.0,0.0,0.0,0.0,product-catalog,1
2026-07-23 15:17:33,2.9611415157802927,0.0,0.0,0.0,0.0,0.0,0.0,product-catalog,1
2026-07-23 15:22:33,2.9611415157802927,0.0,0.0,0.0,0.0,0.0,0.0,product-catalog,1
2026-07-23 15:27:33,2.9611415157802927,0.0,0.0,0.0,0.0,0.0,0.0,product-catalog,1
2026-07-23 15:32:33,2.9611415157802927,0.0,0.0,0.0,0.0,0.0,0.0,product-catalog,1
2026-07-23 15:37:33,2.9611415157802927,0.0,0.0,0.0,0.0,0.0,0.0,product-catalog,1
2026-07-23 15:42:33,2.9611415157802927,0.0,0.0,0.0,0.0,0.0,0.0,product-catalog,1
2026-07-23 15:47:33,2.9611415157802927,0.0,0.0,0.0,0.0,0.0,0.0,product-catalog,1
2026-07-23 15:52:33,2.9611415157802927,0.0,0.0,0.0,0.0,0.0,0.0,product-catalog,1
2026-07-23 15:57:33,2.9611415157802927,0.0,0.0,0.0,0.0,0.0,0.0,product-catalog,1
2026-07-23 16:02:33,2.9611415157802927,0.0,0.0,0.0,0.0,0.0,0.0,product-catalog,1
2026-07-23 16:07:33,2.9611415157802927,0.0,0.0,0.0,0.0,0.0,0.0,product-catalog,1
2026-07-23 16:12:33,2.9611415157802927,0.0,0.0,0.0,0.0,0.0,0.0,product-catalog,1
2026-07-23 16:17:33,2.9611415157802927,0.0,0.0,0.0,0.0,0.0,0.0,product-catalog,1
2026-07-23 16:22:33,2.9611415157802927,0.0,0.0,0.0,0.0,0.0,0.0,product-catalog,1
2026-07-23 16:27:33,2.9611415157802927,0.0,0.0,0.0,0.0,0.0,0.0,product-catalog,1
2026-07-23 16:32:33,2.9611415157802927,0.0,0.0,0.0,0.0,0.0,0.0,product-catalog,1
2026-07-23 16:37:33,2.9611415157802927,0.0,0.0,0.0,0.0,0.0,0.0,product-catalog,1
2026-07-23 16:42:33,2.9611415157802927,0.0,0.0,0.0,0.0,0.0,0.0,product-catalog,1
2026-07-23 16:47:33,2.9611415157802927,0.0,0.0,0.0,0.0,0.0,0.0,product-catalog,1
2026-07-23 16:52:33,2.9611415157802927,0.0,0.0,0.0,0.0,0.0,0.0,product-catalog,1
2026-07-23 16:57:33,2.9611415157802927,0.0,0.0,0.0,0.0,0.0,0.0,product-catalog,1
2026-07-23 17:02:33,2.9611415157802927,0.0,0.0,0.0,0.0,0.0,0.0,product-catalog,1
2026-07-23 17:07:33,2.9611415157802927,0.0,0.0,0.0,0.0,0.0,0.0,product-catalog,1
2026-07-23 17:12:33,2.9611415157802927,0.0,0.0,0.0,0.0,0.0,0.0,product-catalog,1
2026-07-23 17:17:33,2.9611415157802927,0.0,0.0,0.0,0.0,0.0,0.0,product-catalog,1
2026-07-23 17:22:33,2.9611415157802927,0.0,0.0,0.0,0.0,0.0,0.0,product-catalog,1
2026-07-23 17:27:33,2.9611415157802927,0.0,0.0,0.0,0.0,0.0,0.0,product-catalog,1
2026-07-23 17:32:33,2.9611415157802927,0.0,0.0,0.0,0.0,0.0,0.0,product-catalog,1
2026-07-23 17:37:33,2.9611415157802927,0.0,0.0,0.0,0.0,0.0,0.0,product-catalog,1
2026-07-23 17:42:33,2.9611415157802927,0.0,0.0,0.0,0.0,0.0,0.0,product-catalog,1
2026-07-23 17:47:33,2.9611415157802927,0.0,0.0,0.0,0.0,0.0,0.0,product-catalog,1
2026-07-23 17:52:33,2.9611415157802927,0.0,0.0,0.0,0.0,0.0,0.0,product-catalog,1
2026-07-23 17:57:33,2.9611415157802927,0.0,0.0,0.0,0.0,0.0,0.0,product-catalog,1
2026-07-23 18:02:33,2.9611415157802927,0.0,0.0,0.0,0.0,0.0,0.0,product-catalog,1
2026-07-23 18:07:33,2.9611415157802927,0.0,0.0,0.0,0.0,0.0,0.0,product-catalog,1
2026-07-23 18:12:33,2.9611415157802927,0.0,0.0,0.0,0.0,0.0,0.0,product-catalog,1
2026-07-23 18:17:33,2.9611415157802927,0.0,0.0,0.0,0.0,0.0,0.0,product-catalog,1
2026-07-23 18:22:33,2.9611415157802927,0.0,0.0,0.0,0.0,0.0,0.0,product-catalog,1
2026-07-23 18:27:33,2.9611415157802927,0.0,0.0,0.0,0.0,0.0,0.0,product-catalog,1
2026-07-23 18:32:33,2.9611415157802927,0.0,0.0,0.0,0.0,0.0,0.0,product-catalog,1
2026-07-23 18:37:33,2.9611415157802927,0.0,0.0,0.0,0.0,0.0,0.0,product-catalog,1
2026-07-23 18:42:33,2.9611415157802927,0.0,0.0,0.0,0.0,0.0,0.0,product-catalog,1
2026-07-23 18:47:33,2.9611415157802927,0.0,0.0,0.0,0.0,0.0,0.0,product-catalog,1
2026-07-23 18:52:33,2.9611415157802927,0.0,0.0,0.0,0.0,0.0,0.0,product-catalog,1
2026-07-23 18:57:33,2.9611415157802927,0.0,0.0,0.0,0.0,0.0,0.0,product-catalog,1
2026-07-23 19:02:33,2.9611415157802927,0.0,0.0,0.0,0.0,0.0,0.0,product-catalog,1
2026-07-23 19:07:33,2.9611415157802927,0.0,0.0,0.0,0.0,0.0,0.0,product-catalog,1
2026-07-23 19:12:33,2.9611415157802927,0.0,0.0,0.0,0.0,0.0,0.0,product-catalog,1
2026-07-23 19:17:33,2.9611415157802927,0.0,0.0,0.0,0.0,0.0,0.0,product-catalog,1
2026-07-23 19:22:33,2.9611415157802927,0.0,0.0,0.0,0.0,0.0,0.0,product-catalog,1
2026-07-23 19:27:33,2.9611415157802927,0.0,0.0,0.0,0.0,0.0,0.0,product-catalog,1
2026-07-23 19:32:33,2.9611415157802927,0.0,0.0,0.0,0.0,0.0,0.0,product-catalog,1
2026-07-23 19:37:33,2.9611415157802927,0.0,0.0,0.0,0.0,0.0,0.0,product-catalog,1
2026-07-23 19:42:33,2.9611415157802927,0.0,0.0,0.0,0.0,0.0,0.0,product-catalog,1
2026-07-23 19:47:33,2.9611415157802927,0.0,0.0,0.0,0.0,0.0,0.0,product-catalog,1
2026-07-23 19:52:33,2.9611415157802927,0.0,0.0,0.0,0.0,0.0,0.0,product-catalog,1
2026-07-23 19:57:33,2.9611415157802927,0.0,0.0,0.0,0.0,0.0,0.0,product-catalog,1
2026-07-23 20:02:33,2.9611415157802927,0.0,0.0,0.0,0.0,0.0,0.0,product-catalog,1
2026-07-23 20:07:33,2.9611415157802927,0.0,0.0,0.0,0.0,0.0,0.0,product-catalog,1
2026-07-23 20:12:33,2.9611415157802927,0.0,0.0,0.0,0.0,0.0,0.0,product-catalog,1
2026-07-23 20:17:33,2.9611415157802927,0.0,0.0,0.0,0.0,0.0,0.0,product-catalog,1
2026-07-23 20:22:33,2.9611415157802927,0.0,0.0,0.0,0.0,0.0,0.0,product-catalog,1
2026-07-23 20:27:33,2.9611415157802927,0.0,0.0,0.0,0.0,0.0,0.0,product-catalog,1
2026-07-23 20:32:33,2.9611415157802927,0.0,0.0,0.0,0.0,0.0,0.0,product-catalog,1
2026-07-23 20:37:33,2.9611415157802927,0.0,0.0,0.0,0.0,0.0,0.0,product-catalog,1
2026-07-23 20:42:33,2.9611415157802927,0.0,0.0,0.0,0.0,0.0,0.0,product-catalog,1
2026-07-23 20:47:33,2.9611415157802927,0.0,0.0,0.0,0.0,0.0,0.0,product-catalog,1
2026-07-23 20:52:33,2.9611415157802927,0.0,0.0,0.0,0.0,0.0,0.0,product-catalog,1
2026-07-23 20:57:33,2.9611415157802927,0.0,0.0,0.0,0.0,0.0,0.0,product-catalog,1
2026-07-23 21:02:33,2.9611415157802927,0.0,0.0,0.0,0.0,0.0,0.0,product-catalog,1
2026-07-23 21:07:33,2.9611415157802927,0.0,0.0,0.0,0.0,0.0,0.0,product-catalog,1
2026-07-23 21:12:33,2.9611415157802927,0.0,0.0,0.0,0.0,0.0,0.0,product-catalog,1
2026-07-23 21:17:33,2.9611415157802927,0.0,0.0,0.0,0.0,0.0,0.0,product-catalog,1
2026-07-23 21:22:33,2.9611415157802927,0.0,0.0,0.0,0.0,0.0,0.0,product-catalog,1
2026-07-23 21:27:33,2.9611415157802927,0.0,0.0,0.0,0.0,0.0,0.0,product-catalog,1
2026-07-23 21:32:33,2.9611415157802927,0.0,0.0,0.0,0.0,0.0,0.0,product-catalog,1
2026-07-23 21:37:33,2.9611415157802927,0.0,0.0,0.0,0.0,0.0,0.0,product-catalog,1
2026-07-23 21:42:33,2.9611415157802927,0.0,0.0,0.0,0.0,0.0,0.0,product-catalog,1
2026-07-23 21:47:33,2.9611415157802927,0.0,0.0,0.0,0.0,0.0,0.0,product-catalog,1
2026-07-23 21:52:33,2.9611415157802927,0.0,0.0,0.0,0.0,0.0,0.0,product-catalog,1
2026-07-23 21:57:33,2.9611415157802927,0.0,0.0,0.0,0.0,0.0,0.0,product-catalog,1
2026-07-23 22:02:33,2.9611415157802927,0.0,0.0,0.0,0.0,0.0,0.0,product-catalog,1
2026-07-23 22:07:33,2.9611415157802927,0.0,0.0,0.0,0.0,0.0,0.0,product-catalog,1
2026-07-23 22:12:33,2.9611415157802927,0.0,0.0,0.0,0.0,0.0,0.0,product-catalog,1
2026-07-23 22:17:33,2.9611415157802927,0.0,0.0,0.0,0.0,0.0,0.0,product-catalog,1
2026-07-23 22:22:33,2.9611415157802927,0.0,0.0,0.0,0.0,0.0,0.0,product-catalog,1
2026-07-23 22:27:33,2.9611415157802927,0.0,0.0,0.0,0.0,0.0,0.0,product-catalog,1
2026-07-23 22:32:33,2.9611415157802927,0.0,0.0,0.0,0.0,0.0,0.0,product-catalog,1
2026-07-23 22:37:33,2.9611415157802927,0.0,0.0,0.0,0.0,0.0,0.0,product-catalog,1
2026-07-23 22:42:33,2.9611415157802927,0.0,0.0,0.0,0.0,0.0,0.0,product-catalog,1
2026-07-23 22:47:33,2.9611415157802927,0.0,0.0,0.0,0.0,0.0,0.0,product-catalog,1
2026-07-23 22:52:33,2.9611415157802927,0.0,0.0,0.0,0.0,0.0,0.0,product-catalog,1
2026-07-23 22:57:33,2.9611415157802927,0.0,0.0,0.0,0.0,0.0,0.0,product-catalog,1
2026-07-23 23:02:33,2.9611415157802927,0.0,0.0,0.0,0.0,0.0,0.0,product-catalog,1
2026-07-23 23:07:33,2.9611415157802927,0.0,0.0,0.0,0.0,0.0,0.0,product-catalog,1
2026-07-23 23:12:33,2.9611415157802927,0.0,0.0,0.0,0.0,0.0,0.0,product-catalog,1
2026-07-23 23:17:33,2.9611415157802927,0.0,0.0,0.0,0.0,0.0,0.0,product-catalog,1
2026-07-23 23:22:33,2.9611415157802927,0.0,0.0,0.0,0.0,0.0,0.0,product-catalog,1
2026-07-23 23:27:33,2.9611415157802927,0.0,0.0,0.0,0.0,0.0,0.0,product-catalog,1
2026-07-23 23:32:33,2.9611415157802927,0.0,0.0,0.0,0.0,0.0,0.0,product-catalog,1
2026-07-23 23:37:33,2.9611415157802927,0.0,0.0,0.0,0.0,0.0,0.0,product-catalog,1
2026-07-23 23:42:33,2.9611415157802927,0.0,0.0,0.0,0.0,0.0,0.0,product-catalog,1
2026-07-23 23:47:33,2.9611415157802927,0.0,0.0,0.0,0.0,0.0,0.0,product-catalog,1
2026-07-23 23:52:33,2.9611415157802927,0.0,0.0,0.0,0.0,0.0,0.0,product-catalog,1
2026-07-23 23:57:33,2.9611415157802927,0.0,0.0,0.0,0.0,0.0,0.0,product-catalog,1
2026-07-24 00:02:33,2.9611415157802927,0.0,0.0,0.0,0.0,0.0,0.0,product-catalog,1
2026-07-24 00:07:33,2.9611415157802927,0.0,0.0,0.0,0.0,0.0,0.0,product-catalog,1
2026-07-24 00:12:33,2.9611415157802927,0.0,0.0,0.0,0.0,0.0,0.0,product-catalog,1
2026-07-24 00:17:33,2.9611415157802927,0.0,0.0,0.0,0.0,0.0,0.0,product-catalog,1
2026-07-24 00:22:33,2.9611415157802927,0.0,0.0,0.0,0.0,0.0,0.0,product-catalog,1
2026-07-24 00:27:33,2.9611415157802927,0.0,0.0,0.0,0.0,0.0,0.0,product-catalog,1
2026-07-24 00:32:33,2.9611415157802927,0.0,0.0,0.0,0.0,0.0,0.0,product-catalog,1
2026-07-24 00:37:33,2.9611415157802927,0.0,0.0,0.0,0.0,0.0,0.0,product-catalog,1
2026-07-24 00:42:33,2.9611415157802927,0.0,0.0,0.0,0.0,0.0,0.0,product-catalog,1
2026-07-24 00:47:33,2.9611415157802927,0.0,0.0,0.0,0.0,0.0,0.0,product-catalog,1
2026-07-24 00:52:33,2.9611415157802927,0.0,0.0,0.0,0.0,0.0,0.0,product-catalog,1
2026-07-24 00:57:33,2.9611415157802927,0.0,0.0,0.0,0.0,0.0,0.0,product-catalog,1
2026-07-24 01:02:33,2.9611415157802927,0.0,0.0,0.0,0.0,0.0,0.0,product-catalog,1
2026-07-24 01:07:33,2.9611415157802927,0.0,0.0,0.0,0.0,0.0,0.0,product-catalog,1
2026-07-24 01:12:33,2.9611415157802927,0.0,0.0,0.0,0.0,0.0,0.0,product-catalog,1
2026-07-24 01:17:33,2.9611415157802927,0.0,0.0,0.0,0.0,0.0,0.0,product-catalog,1
2026-07-24 01:22:33,2.9611415157802927,0.0,0.0,0.0,0.0,0.0,0.0,product-catalog,1
2026-07-24 01:27:33,2.9611415157802927,0.0,0.0,0.0,0.0,0.0,0.0,product-catalog,1
2026-07-24 01:32:33,2.9611415157802927,0.0,0.0,0.0,0.0,0.0,0.0,product-catalog,1
2026-07-24 01:37:33,2.9611415157802927,0.0,0.0,0.0,0.0,0.0,0.0,product-catalog,1
2026-07-24 01:42:33,2.9611415157802927,0.0,0.0,0.0,0.0,0.0,0.0,product-catalog,1
2026-07-24 01:47:33,2.9611415157802927,0.0,0.0,0.0,0.0,0.0,0.0,product-catalog,1
2026-07-24 01:52:33,2.9611415157802927,0.0,0.0,0.0,0.0,0.0,0.0,product-catalog,1
2026-07-24 01:57:33,2.9611415157802927,0.0,0.0,0.0,0.0,0.0,0.0,product-catalog,1
2026-07-24 02:02:33,2.9611415157802927,0.0,0.0,0.0,0.0,0.0,0.0,product-catalog,1
2026-07-24 02:07:33,2.9611415157802927,0.0,0.0,0.0,0.0,0.0,0.0,product-catalog,1
2026-07-24 02:12:33,2.9611415157802927,0.0,0.0,0.0,0.0,0.0,0.0,product-catalog,1
2026-07-24 02:17:33,2.9611415157802927,0.0,0.0,0.0,0.0,0.0,0.0,product-catalog,1
2026-07-24 02:22:33,2.9611415157802927,0.0,0.0,0.0,0.0,0.0,0.0,product-catalog,1
2026-07-24 02:27:33,2.9611415157802927,0.0,0.0,0.0,0.0,0.0,0.0,product-catalog,1
2026-07-24 02:32:33,2.9611415157802927,0.0,0.0,0.0,0.0,0.0,0.0,product-catalog,1
2026-07-24 02:37:33,2.9611415157802927,0.0,0.0,0.0,0.0,0.0,0.0,product-catalog,1
2026-07-24 02:42:33,2.9611415157802927,0.0,0.0,0.0,0.0,0.0,0.0,product-catalog,1
2026-07-24 02:47:33,2.9611415157802927,0.0,0.0,0.0,0.0,0.0,0.0,product-catalog,1
2026-07-24 02:52:33,2.9611415157802927,0.0,0.0,0.0,0.0,0.0,0.0,product-catalog,1
2026-07-24 02:57:33,2.9611415157802927,0.0,0.0,0.0,0.0,0.0,0.0,product-catalog,1
2026-07-24 03:02:33,2.9611415157802927,0.0,0.0,0.0,0.0,0.0,0.0,product-catalog,1
2026-07-24 03:07:33,2.9611415157802927,0.0,0.0,0.0,0.0,0.0,0.0,product-catalog,1
2026-07-24 03:12:33,2.9611415157802927,0.0,0.0,0.0,0.0,0.0,0.0,product-catalog,1
2026-07-24 03:17:33,2.9611415157802927,0.0,0.0,0.0,0.0,0.0,0.0,product-catalog,1
2026-07-24 03:22:33,2.9611415157802927,0.0,0.0,0.0,0.0,0.0,0.0,product-catalog,1
2026-07-24 03:27:33,2.9611415157802927,0.0,0.0,0.0,0.0,0.0,0.0,product-catalog,1
2026-07-24 03:32:33,2.9611415157802927,0.0,0.0,0.0,0.0,0.0,0.0,product-catalog,1
2026-07-24 03:37:33,2.9611415157802927,0.0,0.0,0.0,0.0,0.0,0.0,product-catalog,1
2026-07-24 03:42:33,2.9611415157802927,0.0,0.0,0.0,0.0,0.0,0.0,product-catalog,1
2026-07-24 03:47:33,2.9611415157802927,0.0,0.0,0.0,0.0,0.0,0.0,product-catalog,1
2026-07-24 03:52:33,2.9611415157802927,0.0,0.0,0.0,0.0,0.0,0.0,product-catalog,1
2026-07-24 03:57:33,2.9611415157802927,0.0,0.0,0.0,0.0,0.0,0.0,product-catalog,1
2026-07-24 04:02:33,2.9611415157802927,0.0,0.0,0.0,0.0,0.0,0.0,product-catalog,1
2026-07-24 04:07:33,2.9611415157802927,0.0,0.0,0.0,0.0,0.0,0.0,product-catalog,1
2026-07-24 04:12:33,2.9611415157802927,0.0,0.0,0.0,0.0,0.0,0.0,product-catalog,1
2026-07-24 04:17:33,2.9611415157802927,0.0,0.0,0.0,0.0,0.0,0.0,product-catalog,1
2026-07-24 04:22:33,2.9611415157802927,0.0,0.0,0.0,0.0,0.0,0.0,product-catalog,1
2026-07-24 04:27:33,2.9611415157802927,0.0,0.0,0.0,0.0,0.0,0.0,product-catalog,1
2026-07-24 04:32:33,2.9611415157802927,0.0,0.0,0.0,0.0,0.0,0.0,product-catalog,1
2026-07-24 04:37:33,2.9611415157802927,0.0,0.0,0.0,0.0,0.0,0.0,product-catalog,1
2026-07-24 04:42:33,2.9611415157802927,0.0,0.0,0.0,0.0,0.0,0.0,product-catalog,1
2026-07-24 04:47:33,2.9611415157802927,0.0,0.0,0.0,0.0,0.0,0.0,product-catalog,1
2026-07-24 04:52:33,2.9611415157802927,0.0,0.0,0.0,0.0,0.0,0.0,product-catalog,1
2026-07-24 04:57:33,2.9611415157802927,0.0,0.0,0.0,0.0,0.0,0.0,product-catalog,1
2026-07-24 05:02:33,2.9611415157802927,0.0,0.0,0.0,0.0,0.0,0.0,product-catalog,1
2026-07-24 05:07:33,2.9611415157802927,0.0,0.0,0.0,0.0,0.0,0.0,product-catalog,1
2026-07-24 05:12:33,2.9611415157802927,0.0,0.0,0.0,0.0,0.0,0.0,product-catalog,1
2026-07-24 05:17:33,2.9611415157802927,0.0,0.0,0.0,0.0,0.0,0.0,product-catalog,1
2026-07-24 05:22:33,2.9611415157802927,0.0,0.0,0.0,0.0,0.0,0.0,product-catalog,1
2026-07-24 05:27:33,2.9611415157802927,0.0,0.0,0.0,0.0,0.0,0.0,product-catalog,1
2026-07-24 05:32:33,2.9611415157802927,0.0,0.0,0.0,0.0,0.0,0.0,product-catalog,1
2026-07-24 05:37:33,2.9611415157802927,0.0,0.0,0.0,0.0,0.0,0.0,product-catalog,1
2026-07-24 05:42:33,2.9611415157802927,0.0,0.0,0.0,0.0,0.0,0.0,product-catalog,1
2026-07-24 05:47:33,2.9611415157802927,0.0,0.0,0.0,0.0,0.0,0.0,product-catalog,1
2026-07-24 05:52:33,2.9611415157802927,0.0,0.0,0.0,0.0,0.0,0.0,product-catalog,1
2026-07-24 05:57:33,2.9611415157802927,0.0,0.0,0.0,0.0,0.0,0.0,product-catalog,1
2026-07-24 06:02:33,2.9611415157802927,0.0,0.0,0.0,0.0,0.0,0.0,product-catalog,1
2026-07-24 06:07:33,2.9611415157802927,0.0,0.0,0.0,0.0,0.0,0.0,product-catalog,1
2026-07-24 06:12:33,2.9611415157802927,0.0,0.0,0.0,0.0,0.0,0.0,product-catalog,1
2026-07-24 06:17:33,2.9611415157802927,0.0,0.0,0.0,0.0,0.0,0.0,product-catalog,1
2026-07-24 06:22:33,2.9611415157802927,0.0,0.0,0.0,0.0,0.0,0.0,product-catalog,1
2026-07-24 06:27:33,2.9611415157802927,0.0,0.0,0.0,0.0,0.0,0.0,product-catalog,1
2026-07-24 06:32:33,2.9611415157802927,0.0,0.0,0.0,0.0,0.0,0.0,product-catalog,1
2026-07-24 06:37:33,2.9611415157802927,0.0,0.0,0.0,0.0,0.0,0.0,product-catalog,1
2026-07-24 06:42:33,2.9611415157802927,0.0,0.0,0.0,0.0,0.0,0.0,product-catalog,1
2026-07-24 06:47:33,2.9611415157802927,0.0,0.0,0.0,0.0,0.0,0.0,product-catalog,1
2026-07-24 06:52:33,2.9611415157802927,0.0,0.0,0.0,0.0,0.0,0.0,product-catalog,1
2026-07-24 06:57:33,2.9611415157802927,0.0,0.0,0.0,0.0,0.0,0.0,product-catalog,1
2026-07-24 07:02:33,2.9611415157802927,0.0,0.0,0.0,0.0,0.0,0.0,product-catalog,1
2026-07-24 07:07:33,2.9611415157802927,0.0,0.0,0.0,0.0,0.0,0.0,product-catalog,1
2026-07-24 07:12:33,2.9611415157802927,0.0,0.0,0.0,0.0,0.0,0.0,product-catalog,1
2026-07-24 07:17:33,2.9611415157802927,0.0,0.0,0.0,0.0,0.0,0.0,product-catalog,1
2026-07-24 07:22:33,2.9611415157802927,0.0,0.0,0.0,0.0,0.0,0.0,product-catalog,1
2026-07-24 07:27:33,2.9611415157802927,0.0,0.0,0.0,0.0,0.0,0.0,product-catalog,1
2026-07-24 07:32:33,2.9611415157802927,0.0,0.0,0.0,0.0,0.0,0.0,product-catalog,1
2026-07-24 07:37:33,2.9611415157802927,0.0,0.0,0.0,0.0,0.0,0.0,product-catalog,1
2026-07-24 07:42:33,2.9611415157802927,0.0,0.0,0.0,0.0,0.0,0.0,product-catalog,1
2026-07-24 07:47:33,2.9611415157802927,0.0,0.0,0.0,0.0,0.0,0.0,product-catalog,1
2026-07-24 07:52:33,2.9611415157802927,0.0,0.0,0.0,0.0,0.0,0.0,product-catalog,1
2026-07-24 07:57:33,2.9611415157802927,0.0,0.0,0.0,0.0,0.0,0.0,product-catalog,1
2026-07-24 08:02:33,2.9611415157802927,0.0,0.0,0.0,0.0,0.0,0.0,product-catalog,1
2026-07-24 08:07:33,2.9611415157802927,0.0,0.0,0.0,0.0,0.0,0.0,product-catalog,1
2026-07-24 08:12:33,2.9611415157802927,0.0,0.0,0.0,0.0,0.0,0.0,product-catalog,1
2026-07-24 08:17:33,2.9611415157802927,0.0,0.0,0.0,0.0,0.0,0.0,product-catalog,1
2026-07-24 08:22:33,2.9611415157802927,0.0,0.0,0.0,0.0,0.0,0.0,product-catalog,1
2026-07-24 08:27:33,2.9611415157802927,0.0,0.0,0.0,0.0,0.0,0.0,product-catalog,1
2026-07-24 08:32:33,2.9611415157802927,0.0,0.0,0.0,0.0,0.0,0.0,product-catalog,1
2026-07-24 08:37:33,2.9611415157802927,0.0,0.0,0.0,0.0,0.0,0.0,product-catalog,1
2026-07-24 08:42:33,2.9611415157802927,0.0,0.0,0.0,0.0,0.0,0.0,product-catalog,1
2026-07-24 08:47:33,2.9611415157802927,0.0,0.0,0.0,0.0,0.0,0.0,product-catalog,1
2026-07-24 08:52:33,2.9611415157802927,0.0,0.0,0.0,0.0,0.0,0.0,product-catalog,1
2026-07-24 08:57:33,2.9611415157802927,0.0,0.0,0.0,0.0,0.0,0.0,product-catalog,1
2026-07-24 09:02:33,2.9611415157802927,0.0,0.0,0.0,0.0,0.0,0.0,product-catalog,1
2026-07-24 09:07:33,2.9611415157802927,0.0,0.0,0.0,0.0,0.0,0.0,product-catalog,1
2026-07-24 09:12:33,2.9611415157802927,0.0,0.0,0.0,0.0,0.0,0.0,product-catalog,1
2026-07-24 09:17:33,2.9611415157802927,0.0,0.0,0.0,0.0,0.0,0.0,product-catalog,1
2026-07-24 09:22:33,2.9611415157802927,0.0,0.0,0.0,0.0,0.0,0.0,product-catalog,1
2026-07-24 09:27:33,2.9611415157802927,0.0,0.0,0.0,0.0,0.0,0.0,product-catalog,1
2026-07-24 09:32:33,2.9611415157802927,0.0,0.0,0.0,0.0,0.0,0.0,product-catalog,1
2026-07-24 09:37:33,2.9611415157802927,0.0,0.0,0.0,0.0,0.0,0.0,product-catalog,1
2026-07-24 09:42:33,2.9611415157802927,0.0,0.0,0.0,0.0,0.0,0.0,product-catalog,1
2026-07-24 09:47:33,2.9611415157802927,0.0,0.0,0.0,0.0,0.0,0.0,product-catalog,1
2026-07-24 09:52:33,2.9611415157802927,0.0,0.0,0.0,0.0,0.0,0.0,product-catalog,1
2026-07-24 09:57:33,2.9611415157802927,0.0,0.0,0.0,0.0,0.0,0.0,product-catalog,1
2026-07-24 10:02:33,2.9611415157802927,0.0,0.0,0.0,0.0,0.0,0.0,product-catalog,1
2026-07-24 10:07:33,2.9611415157802927,0.0,0.0,0.0,0.0,0.0,0.0,product-catalog,1
2026-07-24 10:12:33,2.9611415157802927,0.0,0.0,0.0,0.0,0.0,0.0,product-catalog,1
2026-07-24 10:17:33,2.9611415157802927,0.0,0.0,0.0,0.0,0.0,0.0,product-catalog,1
2026-07-24 10:22:33,2.9611415157802927,0.0,0.0,0.0,0.0,0.0,0.0,product-catalog,1
2026-07-24 10:27:33,2.9611415157802927,0.0,0.0,0.0,0.0,0.0,0.0,product-catalog,1
2026-07-24 10:32:33,2.9611415157802927,0.0,0.0,0.0,0.0,0.0,0.0,product-catalog,1
2026-07-24 10:37:33,2.9611415157802927,0.0,0.0,0.0,0.0,0.0,0.0,product-catalog,1
2026-07-24 10:42:33,2.9611415157802927,0.0,0.0,0.0,0.0,0.0,0.0,product-catalog,1
2026-07-24 10:47:33,2.9611415157802927,0.0,0.0,0.0,0.0,0.0,0.0,product-catalog,1
2026-07-24 10:52:33,2.9611415157802927,0.0,0.0,0.0,0.0,0.0,0.0,product-catalog,1
2026-07-24 10:57:33,2.9611415157802927,0.0,0.0,0.0,0.0,0.0,0.0,product-catalog,1
2026-07-24 11:02:33,2.9611415157802927,0.0,0.0,0.0,0.0,0.0,0.0,product-catalog,1
2026-07-24 11:07:33,2.9611415157802927,0.0,0.0,0.0,0.0,0.0,0.0,product-catalog,1
2026-07-24 11:12:33,2.9611415157802927,0.0,0.0,0.0,0.0,0.0,0.0,product-catalog,1
2026-07-24 11:17:33,2.9611415157802927,0.0,0.0,0.0,0.0,0.0,0.0,product-catalog,1
2026-07-24 11:22:33,2.9611415157802927,0.0,0.0,0.0,0.0,0.0,0.0,product-catalog,1
2026-07-24 11:27:33,2.9611415157802927,0.0,0.0,0.0,0.0,0.0,0.0,product-catalog,1
2026-07-24 11:32:33,2.9611415157802927,0.0,0.0,0.0,0.0,0.0,0.0,product-catalog,1
2026-07-24 11:37:33,2.9611415157802927,0.0,0.0,0.0,0.0,0.0,0.0,product-catalog,1
2026-07-24 11:42:33,2.9611415157802927,0.0,0.0,0.0,0.0,0.0,0.0,product-catalog,1
2026-07-24 11:47:33,2.9611415157802927,0.0,0.0,0.0,0.0,0.0,0.0,product-catalog,1
2026-07-24 11:52:33,2.9611415157802927,0.0,0.0,0.0,0.0,0.0,0.0,product-catalog,1
2026-07-24 11:57:33,2.9611415157802927,0.0,0.0,0.0,0.0,0.0,0.0,product-catalog,1
2026-07-24 12:02:33,2.9611415157802927,0.0,0.0,0.0,0.0,0.0,0.0,product-catalog,1
2026-07-24 12:07:33,2.9611415157802927,0.0,0.0,0.0,0.0,0.0,0.0,product-catalog,1
2026-07-24 12:12:33,2.9611415157802927,0.0,0.0,0.0,0.0,0.0,0.0,product-catalog,1
2026-07-24 12:17:33,2.9611415157802927,0.0,0.0,0.0,0.0,0.0,0.0,product-catalog,1
2026-07-24 12:22:33,2.9611415157802927,0.0,0.0,0.0,0.0,0.0,0.0,product-catalog,1
2026-07-24 12:27:33,2.9611415157802927,0.0,0.0,0.0,0.0,0.0,0.0,product-catalog,1
2026-07-24 12:32:33,2.9611415157802927,0.0,0.0,0.0,0.0,0.0,0.0,product-catalog,1
2026-07-24 12:37:33,2.9611415157802927,0.0,0.0,0.0,0.0,0.0,0.0,product-catalog,1
2026-07-24 12:42:33,2.9611415157802927,0.0,0.0,0.0,0.0,0.0,0.0,product-catalog,1
2026-07-24 12:47:33,2.9611415157802927,0.0,0.0,0.0,0.0,0.0,0.0,product-catalog,1
2026-07-24 12:52:33,2.9611415157802927,0.0,0.0,0.0,0.0,0.0,0.0,product-catalog,1
2026-07-24 12:57:33,2.9611415157802927,0.0,0.0,0.0,0.0,0.0,0.0,product-catalog,1
2026-07-24 13:02:33,2.9611415157802927,0.0,0.0,0.0,0.0,0.0,0.0,product-catalog,1
2026-07-24 13:07:33,2.9611415157802927,0.0,0.0,0.0,0.0,0.0,0.0,product-catalog,1
2026-07-24 13:12:33,2.9611415157802927,0.0,0.0,0.0,0.0,0.0,0.0,product-catalog,1
2026-07-24 13:17:33,2.9611415157802927,0.0,0.0,0.0,0.0,0.0,0.0,product-catalog,1
2026-07-24 13:22:33,2.9611415157802927,0.0,0.0,0.0,0.0,0.0,0.0,product-catalog,1
2026-07-24 13:27:33,2.9611415157802927,0.0,0.0,0.0,0.0,0.0,0.0,product-catalog,1
2026-07-24 13:32:33,2.9611415157802927,0.0,0.0,0.0,0.0,0.0,0.0,product-catalog,1
2026-07-24 13:37:33,2.9611415157802927,0.0,0.0,0.0,0.0,0.0,0.0,product-catalog,1
2026-07-24 13:42:33,2.9611415157802927,0.0,0.0,0.0,0.0,0.0,0.0,product-catalog,1
2026-07-24 13:47:33,2.9611415157802927,0.0,0.0,0.0,0.0,0.0,0.0,product-catalog,1
2026-07-24 13:52:33,2.9611415157802927,0.0,0.0,0.0,0.0,0.0,0.0,product-catalog,1
2026-07-24 13:57:33,2.9611415157802927,0.0,0.0,0.0,0.0,0.0,0.0,product-catalog,1
2026-07-24 14:02:33,2.9611415157802927,0.0,0.0,0.0,0.0,0.0,0.0,product-catalog,1
2026-07-24 14:07:33,2.9611415157802927,0.0,0.0,0.0,0.0,0.0,0.0,product-catalog,1
2026-07-24 14:12:33,2.9611415157802927,0.0,0.0,0.0,0.0,0.0,0.0,product-catalog,1
2026-07-24 14:17:33,2.9611415157802927,0.0,0.0,0.0,0.0,0.0,0.0,product-catalog,1
2026-07-24 14:22:33,2.9611415157802927,0.0,0.0,0.0,0.0,0.0,0.0,product-catalog,1
2026-07-24 14:27:33,2.9611415157802927,0.0,0.0,0.0,0.0,0.0,0.0,product-catalog,1
2026-07-24 14:32:33,2.9611415157802927,0.0,0.0,0.0,0.0,0.0,0.0,product-catalog,1
2026-07-24 14:37:33,2.9611415157802927,0.0,0.0,0.0,0.0,0.0,0.0,product-catalog,1
2026-07-24 14:42:33,2.9611415157802927,0.0,0.0,0.0,0.0,0.0,0.0,product-catalog,1
2026-07-24 14:47:33,2.9611415157802927,0.0,0.0,0.0,0.0,0.0,0.0,product-catalog,1
2026-07-24 14:52:33,2.9611415157802927,0.0,0.0,0.0,0.0,0.0,0.0,product-catalog,1
2026-07-24 14:57:33,2.9611415157802927,0.0,0.0,0.0,0.0,0.0,0.0,product-catalog,1
2026-07-24 15:02:33,2.9611415157802927,0.0,0.0,0.0,0.0,0.0,0.0,product-catalog,1
2026-07-24 15:07:33,2.9611415157802927,0.0,0.0,0.0,0.0,0.0,0.0,product-catalog,1
2026-07-24 15:12:33,2.9611415157802927,0.0,0.0,0.0,0.0,0.0,0.0,product-catalog,1
2026-07-24 15:17:33,2.9611415157802927,0.0,0.0,0.0,0.0,0.0,0.0,product-catalog,1
2026-07-24 15:22:33,2.9611415157802927,0.0,0.0,0.0,0.0,0.0,0.0,product-catalog,1
2026-07-24 15:27:33,2.9611415157802927,0.0,0.0,0.0,0.0,0.0,0.0,product-catalog,1
2026-07-24 15:32:33,2.9611415157802927,0.0,0.0,0.0,0.0,0.0,0.0,product-catalog,1
2026-07-24 15:37:33,2.9611415157802927,0.0,0.0,0.0,0.0,0.0,0.0,product-catalog,1
2026-07-24 15:42:33,2.9611415157802927,0.0,0.0,0.0,0.0,0.0,0.0,product-catalog,1
2026-07-24 15:47:33,2.9611415157802927,0.0,0.0,0.0,0.0,0.0,0.0,product-catalog,1
2026-07-24 15:52:33,2.9611415157802927,0.0,0.0,0.0,0.0,0.0,0.0,product-catalog,1
2026-07-24 15:57:33,2.9611415157802927,0.0,0.0,0.0,0.0,0.0,0.0,product-catalog,1
2026-07-24 16:02:33,2.9611415157802927,0.0,0.0,0.0,0.0,0.0,0.0,product-catalog,1
2026-07-24 16:07:33,2.9611415157802927,0.0,0.0,0.0,0.0,0.0,0.0,product-catalog,1
2026-07-24 16:12:33,2.9611415157802927,0.0,0.0,0.0,0.0,0.0,0.0,product-catalog,1
2026-07-24 16:17:33,2.9611415157802927,0.0,0.0,0.0,0.0,0.0,0.0,product-catalog,1
2026-07-24 16:22:33,2.9611415157802927,0.0,0.0,0.0,0.0,0.0,0.0,product-catalog,1
2026-07-24 16:27:33,2.9611415157802927,0.0,0.0,0.0,0.0,0.0,0.0,product-catalog,1
2026-07-24 16:32:33,2.9611415157802927,0.0,0.0,0.0,0.0,0.0,0.0,product-catalog,1
2026-07-24 16:37:33,2.9611415157802927,0.0,0.0,0.0,0.0,0.0,0.0,product-catalog,1
2026-07-24 16:42:33,2.9611415157802927,0.0,0.0,0.0,0.0,0.0,0.0,product-catalog,1
2026-07-24 16:47:33,2.9611415157802927,0.0,0.0,0.0,0.0,0.0,0.0,product-catalog,1
2026-07-24 16:52:33,2.9611415157802927,0.0,0.0,0.0,0.0,0.0,0.0,product-catalog,1
2026-07-24 16:57:33,2.9611415157802927,0.0,0.0,0.0,0.0,0.0,0.0,product-catalog,1
2026-07-24 17:02:33,2.9611415157802927,0.0,0.0,0.0,0.0,0.0,0.0,product-catalog,1
2026-07-24 17:07:33,2.9611415157802927,0.0,0.0,0.0,0.0,0.0,0.0,product-catalog,1
2026-07-24 17:12:33,2.9611415157802927,0.0,0.0,0.0,0.0,0.0,0.0,product-catalog,1
2026-07-24 17:17:33,2.9611415157802927,0.0,0.0,0.0,0.0,0.0,0.0,product-catalog,1
2026-07-24 17:22:33,2.9611415157802927,0.0,0.0,0.0,0.0,0.0,0.0,product-catalog,1
2026-07-24 17:27:33,2.9611415157802927,0.0,0.0,0.0,0.0,0.0,0.0,product-catalog,1
2026-07-24 17:32:33,2.9611415157802927,0.0,0.0,0.0,0.0,0.0,0.0,product-catalog,1
2026-07-24 17:37:33,2.9611415157802927,0.0,0.0,0.0,0.0,0.0,0.0,product-catalog,1
2026-07-24 17:42:33,2.9611415157802927,0.0,0.0,0.0,0.0,0.0,0.0,product-catalog,1
2026-07-24 17:47:33,2.9611415157802927,0.0,0.0,0.0,0.0,0.0,0.0,product-catalog,1
2026-07-24 17:52:33,2.9611415157802927,0.0,0.0,0.0,0.0,0.0,0.0,product-catalog,1
2026-07-24 17:57:33,2.9611415157802927,0.0,0.0,0.0,0.0,0.0,0.0,product-catalog,1
2026-07-24 18:02:33,2.9611415157802927,0.0,0.0,0.0,0.0,0.0,0.0,product-catalog,1
2026-07-24 18:07:33,2.9611415157802927,0.0,0.0,0.0,0.0,0.0,0.0,product-catalog,1
2026-07-24 18:12:33,2.9611415157802927,0.0,0.0,0.0,0.0,0.0,0.0,product-catalog,1
2026-07-24 18:17:33,2.9611415157802927,0.0,0.0,0.0,0.0,0.0,0.0,product-catalog,1
2026-07-24 18:22:33,2.9611415157802927,0.0,0.0,0.0,0.0,0.0,0.0,product-catalog,1
2026-07-24 18:27:33,2.9611415157802927,0.0,0.0,0.0,0.0,0.0,0.0,product-catalog,1
2026-07-24 18:32:33,2.9611415157802927,0.0,0.0,0.0,0.0,0.0,0.0,product-catalog,1
2026-07-24 18:37:33,2.9611415157802927,0.0,0.0,0.0,0.0,0.0,0.0,product-catalog,1
2026-07-24 18:42:33,2.9611415157802927,0.0,0.0,0.0,0.0,0.0,0.0,product-catalog,1
2026-07-24 18:47:33,2.9611415157802927,0.0,0.0,0.0,0.0,0.0,0.0,product-catalog,1
2026-07-24 18:52:33,2.9611415157802927,0.0,0.0,0.0,0.0,0.0,0.0,product-catalog,1
2026-07-24 18:57:33,2.9611415157802927,0.0,0.0,0.0,0.0,0.0,0.0,product-catalog,1
2026-07-24 19:02:33,2.9611415157802927,0.0,0.0,0.0,0.0,0.0,0.0,product-catalog,1
2026-07-24 19:07:33,2.9611415157802927,0.0,0.0,0.0,0.0,0.0,0.0,product-catalog,1
2026-07-24 19:12:33,2.9611415157802927,0.0,0.0,0.0,0.0,0.0,0.0,product-catalog,1
2026-07-24 19:17:33,2.9611415157802927,0.0,0.0,0.0,0.0,0.0,0.0,product-catalog,1
2026-07-24 19:22:33,2.9611415157802927,0.0,0.0,0.0,0.0,0.0,0.0,product-catalog,1
2026-07-24 19:27:33,2.9611415157802927,0.0,0.0,0.0,0.0,0.0,0.0,product-catalog,1
2026-07-24 19:32:33,2.9611415157802927,0.0,0.0,0.0,0.0,0.0,0.0,product-catalog,1
2026-07-24 19:37:33,2.9611415157802927,0.0,0.0,0.0,0.0,0.0,0.0,product-catalog,1
2026-07-24 19:42:33,2.9611415157802927,0.0,0.0,0.0,0.0,0.0,0.0,product-catalog,1
2026-07-24 19:47:33,2.9611415157802927,0.0,0.0,0.0,0.0,0.0,0.0,product-catalog,1
2026-07-24 19:52:33,2.9611415157802927,0.0,0.0,0.0,0.0,0.0,0.0,product-catalog,1
2026-07-24 19:57:33,2.9611415157802927,0.0,0.0,0.0,0.0,0.0,0.0,product-catalog,1
2026-07-24 20:02:33,2.9611415157802927,0.0,0.0,0.0,0.0,0.0,0.0,product-catalog,1
2026-07-24 20:07:33,2.9611415157802927,0.0,0.0,0.0,0.0,0.0,0.0,product-catalog,1
2026-07-24 20:12:33,2.9611415157802927,0.0,0.0,0.0,0.0,0.0,0.0,product-catalog,1
2026-07-24 20:17:33,2.9611415157802927,0.0,0.0,0.0,0.0,0.0,0.0,product-catalog,1
2026-07-24 20:22:33,2.9611415157802927,0.0,0.0,0.0,0.0,0.0,0.0,product-catalog,1
2026-07-24 20:27:33,2.9611415157802927,0.0,0.0,0.0,0.0,0.0,0.0,product-catalog,1
2026-07-24 20:32:33,2.9611415157802927,0.0,0.0,0.0,0.0,0.0,0.0,product-catalog,1
2026-07-24 20:37:33,2.9611415157802927,0.0,0.0,0.0,0.0,0.0,0.0,product-catalog,1
2026-07-24 20:42:33,2.9611415157802927,0.0,0.0,0.0,0.0,0.0,0.0,product-catalog,1
2026-07-24 20:47:33,2.9611415157802927,0.0,0.0,0.0,0.0,0.0,0.0,product-catalog,1
2026-07-24 20:52:33,2.9611415157802927,0.0,0.0,0.0,0.0,0.0,0.0,product-catalog,1
2026-07-24 20:57:33,2.9611415157802927,0.0,0.0,0.0,0.0,0.0,0.0,product-catalog,1
2026-07-24 21:02:33,2.9611415157802927,0.0,0.0,0.0,0.0,0.0,0.0,product-catalog,1
2026-07-24 21:07:33,2.9611415157802927,0.0,0.0,0.0,0.0,0.0,0.0,product-catalog,1
2026-07-24 21:12:33,2.9611415157802927,0.0,0.0,0.0,0.0,0.0,0.0,product-catalog,1
2026-07-24 21:17:33,2.9611415157802927,0.0,0.0,0.0,0.0,0.0,0.0,product-catalog,1
2026-07-24 21:22:33,2.9611415157802927,0.0,0.0,0.0,0.0,0.0,0.0,product-catalog,1
2026-07-24 21:27:33,2.9611415157802927,0.0,0.0,0.0,0.0,0.0,0.0,product-catalog,1
2026-07-24 21:32:33,2.9611415157802927,0.0,0.0,0.0,0.0,0.0,0.0,product-catalog,1
2026-07-24 21:37:33,2.9611415157802927,0.0,0.0,0.0,0.0,0.0,0.0,product-catalog,1
2026-07-24 21:42:33,2.9611415157802927,0.0,0.0,0.0,0.0,0.0,0.0,product-catalog,1
2026-07-24 21:47:33,2.9611415157802927,0.0,0.0,0.0,0.0,0.0,0.0,product-catalog,1
2026-07-24 21:52:33,2.9611415157802927,0.0,0.0,0.0,0.0,0.0,0.0,product-catalog,1
2026-07-24 21:57:33,2.9611415157802927,0.0,0.0,0.0,0.0,0.0,0.0,product-catalog,1
2026-07-24 22:02:33,2.9611415157802927,0.0,0.0,0.0,0.0,0.0,0.0,product-catalog,1
2026-07-24 22:07:33,2.9611415157802927,0.0,0.0,0.0,0.0,0.0,0.0,product-catalog,1
2026-07-24 22:12:33,2.9611415157802927,0.0,0.0,0.0,0.0,0.0,0.0,product-catalog,1
2026-07-24 22:17:33,2.9611415157802927,0.0,0.0,0.0,0.0,0.0,0.0,product-catalog,1
2026-07-24 22:22:33,2.9611415157802927,0.0,0.0,0.0,0.0,0.0,0.0,product-catalog,1
2026-07-24 22:27:33,2.9611415157802927,0.0,0.0,0.0,0.0,0.0,0.0,product-catalog,1
2026-07-24 22:32:33,2.9611415157802927,0.0,0.0,0.0,0.0,0.0,0.0,product-catalog,1
2026-07-24 22:37:33,2.9611415157802927,0.0,0.0,0.0,0.0,0.0,0.0,product-catalog,1
2026-07-24 22:42:33,2.9611415157802927,0.0,0.0,0.0,0.0,0.0,0.0,product-catalog,1
2026-07-24 22:47:33,2.9611415157802927,0.0,0.0,0.0,0.0,0.0,0.0,product-catalog,1
2026-07-24 22:52:33,2.9611415157802927,0.0,0.0,0.0,0.0,0.0,0.0,product-catalog,1
2026-07-24 22:57:33,2.9611415157802927,0.0,0.0,0.0,0.0,0.0,0.0,product-catalog,1
2026-07-24 23:02:33,2.9611415157802927,0.0,0.0,0.0,0.0,0.0,0.0,product-catalog,1
2026-07-24 23:07:33,2.9611415157802927,0.0,0.0,0.0,0.0,0.0,0.0,product-catalog,1
2026-07-24 23:12:33,2.9611415157802927,0.0,0.0,0.0,0.0,0.0,0.0,product-catalog,1
2026-07-24 23:17:33,2.9611415157802927,0.0,0.0,0.0,0.0,0.0,0.0,product-catalog,1
2026-07-24 23:22:33,2.9611415157802927,0.0,0.0,0.0,0.0,0.0,0.0,product-catalog,1
2026-07-24 23:27:33,2.9611415157802927,0.0,0.0,0.0,0.0,0.0,0.0,product-catalog,1
2026-07-24 23:32:33,2.9611415157802927,0.0,0.0,0.0,0.0,0.0,0.0,product-catalog,1
2026-07-24 23:37:33,2.9611415157802927,0.0,0.0,0.0,0.0,0.0,0.0,product-catalog,1
2026-07-24 23:42:33,2.9611415157802927,0.0,0.0,0.0,0.0,0.0,0.0,product-catalog,1
2026-07-24 23:47:33,2.9611415157802927,0.0,0.0,0.0,0.0,0.0,0.0,product-catalog,1
2026-07-24 23:52:33,2.9611415157802927,0.0,0.0,0.0,0.0,0.0,0.0,product-catalog,1
2026-07-24 23:57:33,2.9611415157802927,0.0,0.0,0.0,0.0,0.0,0.0,product-catalog,1
2026-07-25 00:02:33,2.9611415157802927,0.0,0.0,0.0,0.0,0.0,0.0,product-catalog,1
2026-07-25 00:07:33,2.9611415157802927,0.0,0.0,0.0,0.0,0.0,0.0,product-catalog,1
2026-07-25 00:12:33,2.9611415157802927,0.0,0.0,0.0,0.0,0.0,0.0,product-catalog,1
2026-07-25 00:17:33,2.9611415157802927,0.0,0.0,0.0,0.0,0.0,0.0,product-catalog,1
2026-07-25 00:22:33,2.9611415157802927,0.0,0.0,0.0,0.0,0.0,0.0,product-catalog,1
2026-07-25 00:27:33,2.9611415157802927,0.0,0.0,0.0,0.0,0.0,0.0,product-catalog,1
2026-07-25 00:32:33,2.9611415157802927,0.0,0.0,0.0,0.0,0.0,0.0,product-catalog,1
2026-07-25 00:37:33,2.9611415157802927,0.0,0.0,0.0,0.0,0.0,0.0,product-catalog,1
2026-07-25 00:42:33,2.9611415157802927,0.0,0.0,0.0,0.0,0.0,0.0,product-catalog,1
2026-07-25 00:47:33,2.9611415157802927,0.0,0.0,0.0,0.0,0.0,0.0,product-catalog,1
2026-07-25 00:52:33,2.9611415157802927,0.0,0.0,0.0,0.0,0.0,0.0,product-catalog,1
2026-07-25 00:57:33,2.9611415157802927,0.0,0.0,0.0,0.0,0.0,0.0,product-catalog,1
2026-07-25 01:02:33,2.9611415157802927,0.0,0.0,0.0,0.0,0.0,0.0,product-catalog,1
2026-07-25 01:07:33,2.9611415157802927,0.0,0.0,0.0,0.0,0.0,0.0,product-catalog,1
2026-07-25 01:12:33,2.9611415157802927,0.0,0.0,0.0,0.0,0.0,0.0,product-catalog,1
2026-07-25 01:17:33,2.9611415157802927,0.0,0.0,0.0,0.0,0.0,0.0,product-catalog,1
2026-07-25 01:22:33,2.9611415157802927,0.0,0.0,0.0,0.0,0.0,0.0,product-catalog,1
2026-07-25 01:27:33,2.9611415157802927,0.0,0.0,0.0,0.0,0.0,0.0,product-catalog,1
2026-07-25 01:32:33,2.9611415157802927,0.0,0.0,0.0,0.0,0.0,0.0,product-catalog,1
2026-07-25 01:37:33,2.9611415157802927,0.0,0.0,0.0,0.0,0.0,0.0,product-catalog,1
2026-07-25 01:42:33,2.9611415157802927,0.0,0.0,0.0,0.0,0.0,0.0,product-catalog,1
2026-07-25 01:47:33,2.9611415157802927,0.0,0.0,0.0,0.0,0.0,0.0,product-catalog,1
2026-07-25 01:52:33,2.9611415157802927,0.0,0.0,0.0,0.0,0.0,0.0,product-catalog,1
2026-07-25 01:57:33,2.9611415157802927,0.0,0.0,0.0,0.0,0.0,0.0,product-catalog,1
2026-07-25 02:02:33,2.9611415157802927,0.0,0.0,0.0,0.0,0.0,0.0,product-catalog,1
2026-07-25 02:07:33,2.9611415157802927,0.0,0.0,0.0,0.0,0.0,0.0,product-catalog,1
2026-07-25 02:12:33,2.9611415157802927,0.0,0.0,0.0,0.0,0.0,0.0,product-catalog,1
2026-07-25 02:17:33,2.9611415157802927,0.0,0.0,0.0,0.0,0.0,0.0,product-catalog,1
2026-07-25 02:22:33,2.9611415157802927,0.0,0.0,0.0,0.0,0.0,0.0,product-catalog,1
2026-07-25 02:27:33,2.9611415157802927,0.0,0.0,0.0,0.0,0.0,0.0,product-catalog,1
2026-07-25 02:32:33,2.9611415157802927,0.0,0.0,0.0,0.0,0.0,0.0,product-catalog,1
2026-07-25 02:37:33,2.9611415157802927,0.0,0.0,0.0,0.0,0.0,0.0,product-catalog,1
2026-07-25 02:42:33,2.9611415157802927,0.0,0.0,0.0,0.0,0.0,0.0,product-catalog,1
2026-07-25 02:47:33,2.9611415157802927,0.0,0.0,0.0,0.0,0.0,0.0,product-catalog,1
2026-07-25 02:52:33,2.9611415157802927,0.0,0.0,0.0,0.0,0.0,0.0,product-catalog,1
2026-07-25 02:57:33,2.9611415157802927,0.0,0.0,0.0,0.0,0.0,0.0,product-catalog,1
2026-07-25 03:02:33,2.9611415157802927,0.0,0.0,0.0,0.0,0.0,0.0,product-catalog,1
2026-07-25 03:07:33,2.9611415157802927,0.0,0.0,0.0,0.0,0.0,0.0,product-catalog,1
2026-07-25 03:12:33,2.9611415157802927,0.0,0.0,0.0,0.0,0.0,0.0,product-catalog,1
2026-07-25 03:17:33,2.9611415157802927,0.0,0.0,0.0,0.0,0.0,0.0,product-catalog,1
2026-07-25 03:22:33,2.9611415157802927,0.0,0.0,0.0,0.0,0.0,0.0,product-catalog,1
2026-07-25 03:27:33,2.9611415157802927,0.0,0.0,0.0,0.0,0.0,0.0,product-catalog,1
2026-07-25 03:32:33,2.9611415157802927,0.0,0.0,0.0,0.0,0.0,0.0,product-catalog,1
2026-07-25 03:37:33,2.9611415157802927,0.0,0.0,0.0,0.0,0.0,0.0,product-catalog,1
2026-07-25 03:42:33,2.9611415157802927,0.0,0.0,0.0,0.0,0.0,0.0,product-catalog,1
2026-07-25 03:47:33,2.9611415157802927,0.0,0.0,0.0,0.0,0.0,0.0,product-catalog,1
2026-07-25 03:52:33,2.9611415157802927,0.0,0.0,0.0,0.0,0.0,0.0,product-catalog,1
2026-07-25 03:57:33,2.9611415157802927,0.0,0.0,0.0,0.0,0.0,0.0,product-catalog,1
2026-07-25 04:02:33,2.9611415157802927,0.0,0.0,0.0,0.0,0.0,0.0,product-catalog,1
2026-07-25 04:07:33,2.9611415157802927,0.0,0.0,0.0,0.0,0.0,0.0,product-catalog,1
2026-07-25 04:12:33,2.9611415157802927,0.0,0.0,0.0,0.0,0.0,0.0,product-catalog,1
2026-07-25 04:17:33,2.9611415157802927,0.0,0.0,0.0,0.0,0.0,0.0,product-catalog,1
2026-07-25 04:22:33,2.9611415157802927,0.0,0.0,0.0,0.0,0.0,0.0,product-catalog,1
2026-07-25 04:27:33,2.9611415157802927,0.0,0.0,0.0,0.0,0.0,0.0,product-catalog,1
2026-07-25 04:32:33,2.9611415157802927,0.0,0.0,0.0,0.0,0.0,0.0,product-catalog,1
2026-07-25 04:37:33,2.9611415157802927,0.0,0.0,0.0,0.0,0.0,0.0,product-catalog,1
2026-07-25 04:42:33,2.9611415157802927,0.0,0.0,0.0,0.0,0.0,0.0,product-catalog,1
2026-07-25 04:47:33,2.9611415157802927,0.0,0.0,0.0,0.0,0.0,0.0,product-catalog,1
2026-07-25 04:52:33,2.9611415157802927,0.0,0.0,0.0,0.0,0.0,0.0,product-catalog,1
2026-07-25 04:57:33,2.9611415157802927,0.0,0.0,0.0,0.0,0.0,0.0,product-catalog,1
2026-07-25 05:02:33,2.9611415157802927,0.0,0.0,0.0,0.0,0.0,0.0,product-catalog,1
2026-07-25 05:07:33,2.9611415157802927,0.0,0.0,0.0,0.0,0.0,0.0,product-catalog,1
2026-07-25 05:12:33,2.9611415157802927,0.0,0.0,0.0,0.0,0.0,0.0,product-catalog,1
2026-07-25 05:17:33,2.9611415157802927,0.0,0.0,0.0,0.0,0.0,0.0,product-catalog,1
2026-07-25 05:22:33,2.9611415157802927,0.0,0.0,0.0,0.0,0.0,0.0,product-catalog,1
2026-07-25 05:27:33,2.9611415157802927,0.0,0.0,0.0,0.0,0.0,0.0,product-catalog,1
2026-07-25 05:32:33,2.9611415157802927,0.0,0.0,0.0,0.0,0.0,0.0,product-catalog,1
2026-07-25 05:37:33,2.9611415157802927,0.0,0.0,0.0,0.0,0.0,0.0,product-catalog,1
2026-07-25 05:42:33,2.9611415157802927,0.0,0.0,0.0,0.0,0.0,0.0,product-catalog,1
2026-07-25 05:47:33,2.9611415157802927,0.0,0.0,0.0,0.0,0.0,0.0,product-catalog,1
2026-07-25 05:52:33,2.9611415157802927,0.0,0.0,0.0,0.0,0.0,0.0,product-catalog,1
2026-07-25 05:57:33,2.9611415157802927,0.0,0.0,0.0,0.0,0.0,0.0,product-catalog,1
2026-07-25 06:02:33,2.9611415157802927,0.0,0.0,0.0,0.0,0.0,0.0,product-catalog,1
2026-07-25 06:07:33,2.9611415157802927,0.0,0.0,0.0,0.0,0.0,0.0,product-catalog,1
2026-07-25 06:12:33,2.9611415157802927,0.0,0.0,0.0,0.0,0.0,0.0,product-catalog,1
2026-07-25 06:17:33,2.9611415157802927,0.0,0.0,0.0,0.0,0.0,0.0,product-catalog,1
2026-07-25 06:22:33,2.9611415157802927,0.0,0.0,0.0,0.0,0.0,0.0,product-catalog,1
2026-07-25 06:27:33,2.9611415157802927,0.0,0.0,0.0,0.0,0.0,0.0,product-catalog,1
2026-07-25 06:32:33,2.9611415157802927,0.0,0.0,0.0,0.0,0.0,0.0,product-catalog,1
2026-07-25 06:37:33,2.9611415157802927,0.0,0.0,0.0,0.0,0.0,0.0,product-catalog,1
2026-07-25 06:42:33,2.9611415157802927,0.0,0.0,0.0,0.0,0.0,0.0,product-catalog,1
2026-07-25 06:47:33,2.9611415157802927,0.0,0.0,0.0,0.0,0.0,0.0,product-catalog,1
2026-07-25 06:52:33,2.9611415157802927,0.0,0.0,0.0,0.0,0.0,0.0,product-catalog,1
2026-07-25 06:57:33,2.9611415157802927,0.0,0.0,0.0,0.0,0.0,0.0,product-catalog,1
2026-07-25 07:02:33,2.9611415157802927,0.0,0.0,0.0,0.0,0.0,0.0,product-catalog,1
2026-07-25 07:07:33,2.9611415157802927,0.0,0.0,0.0,0.0,0.0,0.0,product-catalog,1
2026-07-25 07:12:33,2.9611415157802927,0.0,0.0,0.0,0.0,0.0,0.0,product-catalog,1
2026-07-25 07:17:33,2.9611415157802927,0.0,0.0,0.0,0.0,0.0,0.0,product-catalog,1
2026-07-25 07:22:33,2.9611415157802927,0.0,0.0,0.0,0.0,0.0,0.0,product-catalog,1
2026-07-25 07:27:33,2.9611415157802927,0.0,0.0,0.0,0.0,0.0,0.0,product-catalog,1
2026-07-25 07:32:33,2.9611415157802927,0.0,0.0,0.0,0.0,0.0,0.0,product-catalog,1
2026-07-25 07:37:33,2.9611415157802927,0.0,0.0,0.0,0.0,0.0,0.0,product-catalog,1
2026-07-25 07:42:33,2.9611415157802927,0.0,0.0,0.0,0.0,0.0,0.0,product-catalog,1
2026-07-25 07:47:33,2.9611415157802927,0.0,0.0,0.0,0.0,0.0,0.0,product-catalog,1
2026-07-25 07:52:33,2.9611415157802927,0.0,0.0,0.0,0.0,0.0,0.0,product-catalog,1
2026-07-25 07:57:33,2.9611415157802927,0.0,0.0,0.0,0.0,0.0,0.0,product-catalog,1
2026-07-25 08:02:33,2.9611415157802927,0.0,0.0,0.0,0.0,0.0,0.0,product-catalog,1
2026-07-25 08:07:33,2.9611415157802927,0.0,0.0,0.0,0.0,0.0,0.0,product-catalog,1
2026-07-25 08:12:33,2.9611415157802927,0.0,0.0,0.0,0.0,0.0,0.0,product-catalog,1
2026-07-25 08:17:33,2.9611415157802927,0.0,0.0,0.0,0.0,0.0,0.0,product-catalog,1
2026-07-25 08:22:33,2.9611415157802927,0.0,0.0,0.0,0.0,0.0,0.0,product-catalog,1
2026-07-25 08:27:33,2.9611415157802927,0.0,0.0,0.0,0.0,0.0,0.0,product-catalog,1
2026-07-25 08:32:33,2.9611415157802927,0.0,0.0,0.0,0.0,0.0,0.0,product-catalog,1
2026-07-25 08:37:33,2.9611415157802927,0.0,0.0,0.0,0.0,0.0,0.0,product-catalog,1
2026-07-25 08:42:33,2.9611415157802927,0.0,0.0,0.0,0.0,0.0,0.0,product-catalog,1
2026-07-25 08:47:33,2.9611415157802927,0.0,0.0,0.0,0.0,0.0,0.0,product-catalog,1
2026-07-25 08:52:33,2.9611415157802927,0.0,0.0,0.0,0.0,0.0,0.0,product-catalog,1
2026-07-25 08:57:33,2.9611415157802927,0.0,0.0,0.0,0.0,0.0,0.0,product-catalog,1
2026-07-25 09:02:33,2.9611415157802927,0.0,0.0,0.0,0.0,0.0,0.0,product-catalog,1
2026-07-25 09:07:33,2.9611415157802927,0.0,0.0,0.0,0.0,0.0,0.0,product-catalog,1
2026-07-25 09:12:33,2.9611415157802927,0.0,0.0,0.0,0.0,0.0,0.0,product-catalog,1
2026-07-25 09:17:33,2.9611415157802927,0.0,0.0,0.0,0.0,0.0,0.0,product-catalog,1
2026-07-25 09:22:33,2.9611415157802927,0.0,0.0,0.0,0.0,0.0,0.0,product-catalog,1
2026-07-25 09:27:33,2.9611415157802927,0.0,0.0,0.0,0.0,0.0,0.0,product-catalog,1
2026-07-25 09:32:33,2.9611415157802927,0.0,0.0,0.0,0.0,0.0,0.0,product-catalog,1
2026-07-25 09:37:33,2.9611415157802927,0.0,0.0,0.0,0.0,0.0,0.0,product-catalog,1
2026-07-25 09:42:33,2.9611415157802927,0.0,0.0,0.0,0.0,0.0,0.0,product-catalog,1
2026-07-25 09:47:33,2.9611415157802927,0.0,0.0,0.0,0.0,0.0,0.0,product-catalog,1
2026-07-25 09:52:33,2.9611415157802927,0.0,0.0,0.0,0.0,0.0,0.0,product-catalog,1
2026-07-25 09:57:33,2.9611415157802927,0.0,0.0,0.0,0.0,0.0,0.0,product-catalog,1
2026-07-25 10:02:33,2.9611415157802927,0.0,0.0,0.0,0.0,0.0,0.0,product-catalog,1
2026-07-25 10:07:33,2.9611415157802927,0.0,0.0,0.0,0.0,0.0,0.0,product-catalog,1
2026-07-25 10:12:33,2.9611415157802927,0.0,0.0,0.0,0.0,0.0,0.0,product-catalog,1
2026-07-25 10:17:33,2.9611415157802927,0.0,0.0,0.0,0.0,0.0,0.0,product-catalog,1
2026-07-25 10:22:33,2.9611415157802927,0.0,0.0,0.0,0.0,0.0,0.0,product-catalog,1
2026-07-25 10:27:33,2.9611415157802927,0.0,0.0,0.0,0.0,0.0,0.0,product-catalog,1
2026-07-25 10:32:33,2.9611415157802927,0.0,0.0,0.0,0.0,0.0,0.0,product-catalog,1
2026-07-25 10:37:33,2.9611415157802927,0.0,0.0,0.0,0.0,0.0,0.0,product-catalog,1
2026-07-25 10:42:33,2.9611415157802927,0.0,0.0,0.0,0.0,0.0,0.0,product-catalog,1
2026-07-25 10:47:33,2.9611415157802927,0.0,0.0,0.0,0.0,0.0,0.0,product-catalog,1
2026-07-25 10:52:33,2.9611415157802927,0.0,0.0,0.0,0.0,0.0,0.0,product-catalog,1
2026-07-25 10:57:33,2.9611415157802927,0.0,0.0,0.0,0.0,0.0,0.0,product-catalog,1
2026-07-25 11:02:33,2.9611415157802927,0.0,0.0,0.0,0.0,0.0,0.0,product-catalog,1
2026-07-25 11:07:33,2.9611415157802927,0.0,0.0,0.0,0.0,0.0,0.0,product-catalog,1
2026-07-25 11:12:33,2.9611415157802927,0.0,0.0,0.0,0.0,0.0,0.0,product-catalog,1
2026-07-25 11:17:33,2.9611415157802927,0.0,0.0,0.0,0.0,0.0,0.0,product-catalog,1
2026-07-25 11:22:33,2.9611415157802927,0.0,0.0,0.0,0.0,0.0,0.0,product-catalog,1
2026-07-25 11:27:33,2.9611415157802927,0.0,0.0,0.0,0.0,0.0,0.0,product-catalog,1
2026-07-25 11:32:33,2.9611415157802927,0.0,0.0,0.0,0.0,0.0,0.0,product-catalog,1
2026-07-25 11:37:33,2.9611415157802927,0.0,0.0,0.0,0.0,0.0,0.0,product-catalog,1
2026-07-25 11:42:33,2.9611415157802927,0.0,0.0,0.0,0.0,0.0,0.0,product-catalog,1
2026-07-25 11:47:33,2.9611415157802927,0.0,0.0,0.0,0.0,0.0,0.0,product-catalog,1
2026-07-25 11:52:33,2.9611415157802927,0.0,0.0,0.0,0.0,0.0,0.0,product-catalog,1
2026-07-25 11:57:33,2.9611415157802927,0.0,0.0,0.0,0.0,0.0,0.0,product-catalog,1
2026-07-25 12:02:33,2.9611415157802927,0.0,0.0,0.0,0.0,0.0,0.0,product-catalog,1
2026-07-25 12:07:33,2.9611415157802927,0.0,0.0,0.0,0.0,0.0,0.0,product-catalog,1
2026-07-25 12:12:33,2.9611415157802927,0.0,0.0,0.0,0.0,0.0,0.0,product-catalog,1
2026-07-25 12:17:33,2.9611415157802927,0.0,0.0,0.0,0.0,0.0,0.0,product-catalog,1
2026-07-25 12:22:33,2.9611415157802927,0.0,0.0,0.0,0.0,0.0,0.0,product-catalog,1
2026-07-25 12:27:33,2.9611415157802927,0.0,0.0,0.0,0.0,0.0,0.0,product-catalog,1
2026-07-25 12:32:33,2.9611415157802927,0.0,0.0,0.0,0.0,0.0,0.0,product-catalog,1
2026-07-25 12:37:33,2.9611415157802927,0.0,0.0,0.0,0.0,0.0,0.0,product-catalog,1
2026-07-25 12:42:33,2.9611415157802927,0.0,0.0,0.0,0.0,0.0,0.0,product-catalog,1
2026-07-25 12:47:33,2.9611415157802927,0.0,0.0,0.0,0.0,0.0,0.0,product-catalog,1
2026-07-25 12:52:33,2.9611415157802927,0.0,0.0,0.0,0.0,0.0,0.0,product-catalog,1
2026-07-25 12:57:33,2.9611415157802927,0.0,0.0,0.0,0.0,0.0,0.0,product-catalog,1
2026-07-25 13:02:33,2.9611415157802927,0.0,0.0,0.0,0.0,0.0,0.0,product-catalog,1
2026-07-25 13:07:33,2.9611415157802927,0.0,0.0,0.0,0.0,0.0,0.0,product-catalog,1
2026-07-25 13:12:33,2.9611415157802927,0.0,0.0,0.0,0.0,0.0,0.0,product-catalog,1
2026-07-25 13:17:33,2.9611415157802927,0.0,0.0,0.0,0.0,0.0,0.0,product-catalog,1
2026-07-25 13:22:33,2.9611415157802927,0.0,0.0,0.0,0.0,0.0,0.0,product-catalog,1
2026-07-25 13:27:33,2.9611415157802927,0.0,0.0,0.0,0.0,0.0,0.0,product-catalog,1
2026-07-25 13:32:33,2.9611415157802927,0.0,0.0,0.0,0.0,0.0,0.0,product-catalog,1
2026-07-25 13:37:33,2.9611415157802927,0.0,0.0,0.0,0.0,0.0,0.0,product-catalog,1
2026-07-25 13:42:33,2.9611415157802927,0.0,0.0,0.0,0.0,0.0,0.0,product-catalog,1
2026-07-25 13:47:33,2.9611415157802927,0.0,0.0,0.0,0.0,0.0,0.0,product-catalog,1
2026-07-25 13:52:33,2.9611415157802927,0.0,0.0,0.0,0.0,0.0,0.0,product-catalog,1
2026-07-25 13:57:33,2.9611415157802927,0.0,0.0,0.0,0.0,0.0,0.0,product-catalog,1
2026-07-25 14:02:33,2.9611415157802927,0.0,0.0,0.0,0.0,0.0,0.0,product-catalog,1
2026-07-25 14:07:33,2.9611415157802927,0.0,0.0,0.0,0.0,0.0,0.0,product-catalog,1
2026-07-25 14:12:33,2.9611415157802927,0.0,0.0,0.0,0.0,0.0,0.0,product-catalog,1
2026-07-25 14:17:33,2.9611415157802927,0.0,0.0,0.0,0.0,0.0,0.0,product-catalog,1
2026-07-25 14:22:33,2.9611415157802927,0.0,0.0,0.0,0.0,0.0,0.0,product-catalog,1
2026-07-25 14:27:33,2.9611415157802927,0.0,0.0,0.0,0.0,0.0,0.0,product-catalog,1
2026-07-25 14:32:33,2.9611415157802927,0.0,0.0,0.0,0.0,0.0,0.0,product-catalog,1
2026-07-25 14:37:33,2.9611415157802927,0.0,0.0,0.0,0.0,0.0,0.0,product-catalog,1
2026-07-25 14:42:33,2.9611415157802927,0.0,0.0,0.0,0.0,0.0,0.0,product-catalog,1
2026-07-25 14:47:33,2.9611415157802927,0.0,0.0,0.0,0.0,0.0,0.0,product-catalog,1
2026-07-25 14:52:33,2.9611415157802927,0.0,0.0,0.0,0.0,0.0,0.0,product-catalog,1
2026-07-25 14:57:33,2.9611415157802927,0.0,0.0,0.0,0.0,0.0,0.0,product-catalog,1
2026-07-25 15:02:33,2.9611415157802927,0.0,0.0,0.0,0.0,0.0,0.0,product-catalog,1
2026-07-25 15:07:33,2.9611415157802927,0.0,0.0,0.0,0.0,0.0,0.0,product-catalog,1
2026-07-25 15:12:33,2.9611415157802927,0.0,0.0,0.0,0.0,0.0,0.0,product-catalog,1
2026-07-25 15:17:33,2.9611415157802927,0.0,0.0,0.0,0.0,0.0,0.0,product-catalog,1
2026-07-25 15:22:33,2.9611415157802927,0.0,0.0,0.0,0.0,0.0,0.0,product-catalog,1
2026-07-25 15:27:33,2.9611415157802927,0.0,0.0,0.0,0.0,0.0,0.0,product-catalog,1
2026-07-25 15:32:33,2.9611415157802927,0.0,0.0,0.0,0.0,0.0,0.0,product-catalog,1
2026-07-25 15:37:33,2.9611415157802927,0.0,0.0,0.0,0.0,0.0,0.0,product-catalog,1
2026-07-25 15:42:33,2.9611415157802927,0.0,0.0,0.0,0.0,0.0,0.0,product-catalog,1
2026-07-25 15:47:33,2.9611415157802927,0.0,0.0,0.0,0.0,0.0,0.0,product-catalog,1
2026-07-25 15:52:33,2.9611415157802927,0.0,0.0,0.0,0.0,0.0,0.0,product-catalog,1
2026-07-25 15:57:33,2.9611415157802927,0.0,0.0,0.0,0.0,0.0,0.0,product-catalog,1
2026-07-25 16:02:33,2.9611415157802927,0.0,0.0,0.0,0.0,0.0,0.0,product-catalog,1
2026-07-25 16:07:33,2.9611415157802927,0.0,0.0,0.0,0.0,0.0,0.0,product-catalog,1
2026-07-25 16:12:33,2.9611415157802927,0.0,0.0,0.0,0.0,0.0,0.0,product-catalog,1
2026-07-25 16:17:33,2.9611415157802927,0.0,0.0,0.0,0.0,0.0,0.0,product-catalog,1
2026-07-25 16:22:33,2.9611415157802927,0.0,0.0,0.0,0.0,0.0,0.0,product-catalog,1
2026-07-25 16:27:33,2.9611415157802927,0.0,0.0,0.0,0.0,0.0,0.0,product-catalog,1
2026-07-25 16:32:33,2.9611415157802927,0.0,0.0,0.0,0.0,0.0,0.0,product-catalog,1
2026-07-25 16:37:33,2.9611415157802927,0.0,0.0,0.0,0.0,0.0,0.0,product-catalog,1
2026-07-25 16:42:33,2.9611415157802927,0.0,0.0,0.0,0.0,0.0,0.0,product-catalog,1
2026-07-25 16:47:33,2.9611415157802927,0.0,0.0,0.0,0.0,0.0,0.0,product-catalog,1
2026-07-25 16:52:33,2.9611415157802927,0.0,0.0,0.0,0.0,0.0,0.0,product-catalog,1
2026-07-25 16:57:33,2.9611415157802927,0.0,0.0,0.0,0.0,0.0,0.0,product-catalog,1
2026-07-25 17:02:33,2.9611415157802927,0.0,0.0,0.0,0.0,0.0,0.0,product-catalog,1
2026-07-25 17:07:33,2.9611415157802927,0.0,0.0,0.0,0.0,0.0,0.0,product-catalog,1
2026-07-25 17:12:33,2.9611415157802927,0.0,0.0,0.0,0.0,0.0,0.0,product-catalog,1
2026-07-25 17:17:33,2.9611415157802927,0.0,0.0,0.0,0.0,0.0,0.0,product-catalog,1
2026-07-25 17:22:33,2.9611415157802927,0.0,0.0,0.0,0.0,0.0,0.0,product-catalog,1
2026-07-25 17:27:33,2.9611415157802927,0.0,0.0,0.0,0.0,0.0,0.0,product-catalog,1
2026-07-25 17:32:33,2.9611415157802927,0.0,0.0,0.0,0.0,0.0,0.0,product-catalog,1
2026-07-25 17:37:33,2.9611415157802927,0.0,0.0,0.0,0.0,0.0,0.0,product-catalog,1
2026-07-25 17:42:33,2.9611415157802927,0.0,0.0,0.0,0.0,0.0,0.0,product-catalog,1
2026-07-25 17:47:33,2.9611415157802927,0.0,0.0,0.0,0.0,0.0,0.0,product-catalog,1
2026-07-25 17:52:33,2.9611415157802927,0.0,0.0,0.0,0.0,0.0,0.0,product-catalog,1
2026-07-25 17:57:33,2.9611415157802927,0.0,0.0,0.0,0.0,0.0,0.0,product-catalog,1
2026-07-25 18:02:33,2.9611415157802927,0.0,0.0,0.0,0.0,0.0,0.0,product-catalog,1
2026-07-25 18:07:33,2.9611415157802927,0.0,0.0,0.0,0.0,0.0,0.0,product-catalog,1
2026-07-25 18:12:33,2.9611415157802927,0.0,0.0,0.0,0.0,0.0,0.0,product-catalog,1
2026-07-25 18:17:33,2.9611415157802927,0.0,0.0,0.0,0.0,0.0,0.0,product-catalog,1
2026-07-25 18:22:33,2.9611415157802927,0.0,0.0,0.0,0.0,0.0,0.0,product-catalog,1
2026-07-25 18:27:33,2.9611415157802927,0.0,0.0,0.0,0.0,0.0,0.0,product-catalog,1
2026-07-25 18:32:33,2.9611415157802927,0.0,0.0,0.0,0.0,0.0,0.0,product-catalog,1
2026-07-25 18:37:33,2.9611415157802927,0.0,0.0,0.0,0.0,0.0,0.0,product-catalog,1
2026-07-25 18:42:33,2.9611415157802927,0.0,0.0,0.0,0.0,0.0,0.0,product-catalog,1
2026-07-25 18:47:33,2.9611415157802927,0.0,0.0,0.0,0.0,0.0,0.0,product-catalog,1
2026-07-25 18:52:33,2.9611415157802927,0.0,0.0,0.0,0.0,0.0,0.0,product-catalog,1
2026-07-25 18:57:33,2.9611415157802927,0.0,0.0,0.0,0.0,0.0,0.0,product-catalog,1
2026-07-25 19:02:33,2.9611415157802927,0.0,0.0,0.0,0.0,0.0,0.0,product-catalog,1
2026-07-25 19:07:33,2.9611415157802927,0.0,0.0,0.0,0.0,0.0,0.0,product-catalog,1
2026-07-25 19:12:33,2.9611415157802927,0.0,0.0,0.0,0.0,0.0,0.0,product-catalog,1
2026-07-25 19:17:33,2.9611415157802927,0.0,0.0,0.0,0.0,0.0,0.0,product-catalog,1
2026-07-25 19:22:33,2.9611415157802927,0.0,0.0,0.0,0.0,0.0,0.0,product-catalog,1
2026-07-25 19:27:33,2.9611415157802927,0.0,0.0,0.0,0.0,0.0,0.0,product-catalog,1
2026-07-25 19:32:33,2.9611415157802927,0.0,0.0,0.0,0.0,0.0,0.0,product-catalog,1
2026-07-25 19:37:33,2.9611415157802927,0.0,0.0,0.0,0.0,0.0,0.0,product-catalog,1
2026-07-25 19:42:33,2.9611415157802927,0.0,0.0,0.0,0.0,0.0,0.0,product-catalog,1
2026-07-25 19:47:33,2.9611415157802927,0.0,0.0,0.0,0.0,0.0,0.0,product-catalog,1
2026-07-25 19:52:33,2.9611415157802927,0.0,0.0,0.0,0.0,0.0,0.0,product-catalog,1
2026-07-25 19:57:33,2.9611415157802927,0.0,0.0,0.0,0.0,0.0,0.0,product-catalog,1
2026-07-25 20:02:33,2.9611415157802927,0.0,0.0,0.0,0.0,0.0,0.0,product-catalog,1
2026-07-25 20:07:33,2.9611415157802927,0.0,0.0,0.0,0.0,0.0,0.0,product-catalog,1
2026-07-25 20:12:33,2.9611415157802927,0.0,0.0,0.0,0.0,0.0,0.0,product-catalog,1
2026-07-25 20:17:33,2.9611415157802927,0.0,0.0,0.0,0.0,0.0,0.0,product-catalog,1
2026-07-25 20:22:33,2.9611415157802927,0.0,0.0,0.0,0.0,0.0,0.0,product-catalog,1
2026-07-25 20:27:33,2.9611415157802927,0.0,0.0,0.0,0.0,0.0,0.0,product-catalog,1
2026-07-25 20:32:33,2.9611415157802927,0.0,0.0,0.0,0.0,0.0,0.0,product-catalog,1
2026-07-25 20:37:33,2.9611415157802927,0.0,0.0,0.0,0.0,0.0,0.0,product-catalog,1
2026-07-25 20:42:33,2.9611415157802927,0.0,0.0,0.0,0.0,0.0,0.0,product-catalog,1
2026-07-25 20:47:33,2.9611415157802927,0.0,0.0,0.0,0.0,0.0,0.0,product-catalog,1
2026-07-25 20:52:33,2.9611415157802927,0.0,0.0,0.0,0.0,0.0,0.0,product-catalog,1
2026-07-25 20:57:33,2.9611415157802927,0.0,0.0,0.0,0.0,0.0,0.0,product-catalog,1
2026-07-25 21:02:33,2.9611415157802927,0.0,0.0,0.0,0.0,0.0,0.0,product-catalog,1
2026-07-25 21:07:33,2.9611415157802927,0.0,0.0,0.0,0.0,0.0,0.0,product-catalog,1
2026-07-25 21:12:33,2.9611415157802927,0.0,0.0,0.0,0.0,0.0,0.0,product-catalog,1
2026-07-25 21:17:33,2.9611415157802927,0.0,0.0,0.0,0.0,0.0,0.0,product-catalog,1
2026-07-25 21:22:33,2.9611415157802927,0.0,0.0,0.0,0.0,0.0,0.0,product-catalog,1
2026-07-25 21:27:33,2.9611415157802927,0.0,0.0,0.0,0.0,0.0,0.0,product-catalog,1
2026-07-25 21:32:33,2.9611415157802927,0.0,0.0,0.0,0.0,0.0,0.0,product-catalog,1
2026-07-25 21:37:33,2.9611415157802927,0.0,0.0,0.0,0.0,0.0,0.0,product-catalog,1
2026-07-25 21:42:33,2.9611415157802927,0.0,0.0,0.0,0.0,0.0,0.0,product-catalog,1
2026-07-25 21:47:33,2.9611415157802927,0.0,0.0,0.0,0.0,0.0,0.0,product-catalog,1
2026-07-25 21:52:33,2.9611415157802927,0.0,0.0,0.0,0.0,0.0,0.0,product-catalog,1
2026-07-25 21:57:33,2.9611415157802927,0.0,0.0,0.0,0.0,0.0,0.0,product-catalog,1
2026-07-25 22:02:33,2.9611415157802927,0.0,0.0,0.0,0.0,0.0,0.0,product-catalog,1
2026-07-25 22:07:33,2.9611415157802927,0.0,0.0,0.0,0.0,0.0,0.0,product-catalog,1
2026-07-25 22:12:33,2.9611415157802927,0.0,0.0,0.0,0.0,0.0,0.0,product-catalog,1
2026-07-25 22:17:33,2.9611415157802927,0.0,0.0,0.0,0.0,0.0,0.0,product-catalog,1
2026-07-25 22:22:33,2.9611415157802927,0.0,0.0,0.0,0.0,0.0,0.0,product-catalog,1
2026-07-25 22:27:33,2.9611415157802927,0.0,0.0,0.0,0.0,0.0,0.0,product-catalog,1
2026-07-25 22:32:33,2.9611415157802927,0.0,0.0,0.0,0.0,0.0,0.0,product-catalog,1
2026-07-25 22:37:33,2.9611415157802927,0.0,0.0,0.0,0.0,0.0,0.0,product-catalog,1
2026-07-25 22:42:33,2.9611415157802927,0.0,0.0,0.0,0.0,0.0,0.0,product-catalog,1
2026-07-25 22:47:33,2.9611415157802927,0.0,0.0,0.0,0.0,0.0,0.0,product-catalog,1
2026-07-25 22:52:33,2.9611415157802927,0.0,0.0,0.0,0.0,0.0,0.0,product-catalog,1
2026-07-25 22:57:33,2.9611415157802927,0.0,0.0,0.0,0.0,0.0,0.0,product-catalog,1
2026-07-25 23:02:33,2.9611415157802927,0.0,0.0,0.0,0.0,0.0,0.0,product-catalog,1
2026-07-25 23:07:33,2.9611415157802927,0.0,0.0,0.0,0.0,0.0,0.0,product-catalog,1
2026-07-25 23:12:33,2.9611415157802927,0.0,0.0,0.0,0.0,0.0,0.0,product-catalog,1
2026-07-25 23:17:33,2.9611415157802927,0.0,0.0,0.0,0.0,0.0,0.0,product-catalog,1
2026-07-25 23:22:33,2.9611415157802927,0.0,0.0,0.0,0.0,0.0,0.0,product-catalog,1
2026-07-25 23:27:33,2.9611415157802927,0.0,0.0,0.0,0.0,0.0,0.0,product-catalog,1
2026-07-25 23:32:33,2.9611415157802927,0.0,0.0,0.0,0.0,0.0,0.0,product-catalog,1
2026-07-25 23:37:33,2.9611415157802927,0.0,0.0,0.0,0.0,0.0,0.0,product-catalog,1
2026-07-25 23:42:33,2.9611415157802927,0.0,0.0,0.0,0.0,0.0,0.0,product-catalog,1
2026-07-25 23:47:33,2.9611415157802927,0.0,0.0,0.0,0.0,0.0,0.0,product-catalog,1
2026-07-25 23:52:33,2.9611415157802927,0.0,0.0,0.0,0.0,0.0,0.0,product-catalog,1
2026-07-25 23:57:33,2.9611415157802927,0.0,0.0,0.0,0.0,0.0,0.0,product-catalog,1
2026-07-26 00:02:33,2.9611415157802927,0.0,0.0,0.0,0.0,0.0,0.0,product-catalog,1
2026-07-26 00:07:33,2.9611415157802927,0.0,0.0,0.0,0.0,0.0,0.0,product-catalog,1
2026-07-26 00:12:33,2.9611415157802927,0.0,0.0,0.0,0.0,0.0,0.0,product-catalog,1
2026-07-26 00:17:33,2.9611415157802927,0.0,0.0,0.0,0.0,0.0,0.0,product-catalog,1
2026-07-26 00:22:33,2.9611415157802927,0.0,0.0,0.0,0.0,0.0,0.0,product-catalog,1
2026-07-26 00:27:33,2.9611415157802927,0.0,0.0,0.0,0.0,0.0,0.0,product-catalog,1
2026-07-26 00:32:33,2.9611415157802927,0.0,0.0,0.0,0.0,0.0,0.0,product-catalog,1
2026-07-26 00:37:33,2.9611415157802927,0.0,0.0,0.0,0.0,0.0,0.0,product-catalog,1
2026-07-26 00:42:33,2.9611415157802927,0.0,0.0,0.0,0.0,0.0,0.0,product-catalog,1
2026-07-26 00:47:33,2.9611415157802927,0.0,0.0,0.0,0.0,0.0,0.0,product-catalog,1
2026-07-26 00:52:33,2.9611415157802927,0.0,0.0,0.0,0.0,0.0,0.0,product-catalog,1
2026-07-26 00:57:33,2.9611415157802927,0.0,0.0,0.0,0.0,0.0,0.0,product-catalog,1
2026-07-26 01:02:33,2.9611415157802927,0.0,0.0,0.0,0.0,0.0,0.0,product-catalog,1
2026-07-26 01:07:33,2.9611415157802927,0.0,0.0,0.0,0.0,0.0,0.0,product-catalog,1
2026-07-26 01:12:33,2.9611415157802927,0.0,0.0,0.0,0.0,0.0,0.0,product-catalog,1
2026-07-26 01:17:33,2.9611415157802927,0.0,0.0,0.0,0.0,0.0,0.0,product-catalog,1
2026-07-26 01:22:33,2.9611415157802927,0.0,0.0,0.0,0.0,0.0,0.0,product-catalog,1
2026-07-26 01:27:33,2.9611415157802927,0.0,0.0,0.0,0.0,0.0,0.0,product-catalog,1
2026-07-26 01:32:33,2.9611415157802927,0.0,0.0,0.0,0.0,0.0,0.0,product-catalog,1
2026-07-26 01:37:33,2.9611415157802927,0.0,0.0,0.0,0.0,0.0,0.0,product-catalog,1
2026-07-26 01:42:33,2.9611415157802927,0.0,0.0,0.0,0.0,0.0,0.0,product-catalog,1
2026-07-26 01:47:33,2.9611415157802927,0.0,0.0,0.0,0.0,0.0,0.0,product-catalog,1
2026-07-26 01:52:33,2.9611415157802927,0.0,0.0,0.0,0.0,0.0,0.0,product-catalog,1
2026-07-26 01:57:33,2.9611415157802927,0.0,0.0,0.0,0.0,0.0,0.0,product-catalog,1
2026-07-26 02:02:33,2.9611415157802927,0.0,0.0,0.0,0.0,0.0,0.0,product-catalog,1
2026-07-26 02:07:33,2.9611415157802927,0.0,0.0,0.0,0.0,0.0,0.0,product-catalog,1
2026-07-26 02:12:33,2.9611415157802927,0.0,0.0,0.0,0.0,0.0,0.0,product-catalog,1
2026-07-26 02:17:33,2.9611415157802927,0.0,0.0,0.0,0.0,0.0,0.0,product-catalog,1
2026-07-26 02:22:33,2.9611415157802927,0.0,0.0,0.0,0.0,0.0,0.0,product-catalog,1
2026-07-26 02:27:33,2.9611415157802927,0.0,0.0,0.0,0.0,0.0,0.0,product-catalog,1
2026-07-26 02:32:33,2.9611415157802927,0.0,0.0,0.0,0.0,0.0,0.0,product-catalog,1
2026-07-26 02:37:33,2.9611415157802927,0.0,0.0,0.0,0.0,0.0,0.0,product-catalog,1
2026-07-26 02:42:33,2.9611415157802927,0.0,0.0,0.0,0.0,0.0,0.0,product-catalog,1
2026-07-26 02:47:33,2.9611415157802927,0.0,0.0,0.0,0.0,0.0,0.0,product-catalog,1
2026-07-26 02:52:33,2.9611415157802927,0.0,0.0,0.0,0.0,0.0,0.0,product-catalog,1
2026-07-26 02:57:33,2.9611415157802927,0.0,0.0,0.0,0.0,0.0,0.0,product-catalog,1
2026-07-26 03:02:33,2.9611415157802927,0.0,0.0,0.0,0.0,0.0,0.0,product-catalog,1
2026-07-26 03:07:33,2.9611415157802927,0.0,0.0,0.0,0.0,0.0,0.0,product-catalog,1
2026-07-26 03:12:33,2.9611415157802927,0.0,0.0,0.0,0.0,0.0,0.0,product-catalog,1
2026-07-26 03:17:33,2.9611415157802927,0.0,0.0,0.0,0.0,0.0,0.0,product-catalog,1
2026-07-26 03:22:33,2.9611415157802927,0.0,0.0,0.0,0.0,0.0,0.0,product-catalog,1
2026-07-26 03:27:33,2.9611415157802927,0.0,0.0,0.0,0.0,0.0,0.0,product-catalog,1
2026-07-26 03:32:33,2.9611415157802927,0.0,0.0,0.0,0.0,0.0,0.0,product-catalog,1
2026-07-26 03:37:33,2.9611415157802927,0.0,0.0,0.0,0.0,0.0,0.0,product-catalog,1
2026-07-26 03:42:33,2.9611415157802927,0.0,0.0,0.0,0.0,0.0,0.0,product-catalog,1
2026-07-26 03:47:33,2.9611415157802927,0.0,0.0,0.0,0.0,0.0,0.0,product-catalog,1
2026-07-26 03:52:33,2.9611415157802927,0.0,0.0,0.0,0.0,0.0,0.0,product-catalog,1
2026-07-26 03:57:33,2.9611415157802927,0.0,0.0,0.0,0.0,0.0,0.0,product-catalog,1
2026-07-26 04:02:33,2.9611415157802927,0.0,0.0,0.0,0.0,0.0,0.0,product-catalog,1
2026-07-26 04:07:33,2.9611415157802927,0.0,0.0,0.0,0.0,0.0,0.0,product-catalog,1
2026-07-26 04:12:33,2.9611415157802927,0.0,0.0,0.0,0.0,0.0,0.0,product-catalog,1
2026-07-26 04:17:33,2.9611415157802927,0.0,0.0,0.0,0.0,0.0,0.0,product-catalog,1
2026-07-26 04:22:33,2.9611415157802927,0.0,0.0,0.0,0.0,0.0,0.0,product-catalog,1
2026-07-26 04:27:33,2.9611415157802927,0.0,0.0,0.0,0.0,0.0,0.0,product-catalog,1
2026-07-26 04:32:33,2.9611415157802927,0.0,0.0,0.0,0.0,0.0,0.0,product-catalog,1
2026-07-26 04:37:33,2.9611415157802927,0.0,0.0,0.0,0.0,0.0,0.0,product-catalog,1
2026-07-26 04:42:33,2.9611415157802927,0.0,0.0,0.0,0.0,0.0,0.0,product-catalog,1
2026-07-26 04:47:33,2.9611415157802927,0.0,0.0,0.0,0.0,0.0,0.0,product-catalog,1
2026-07-26 04:52:33,2.9611415157802927,0.0,0.0,0.0,0.0,0.0,0.0,product-catalog,1
2026-07-26 04:57:33,2.9611415157802927,0.0,0.0,0.0,0.0,0.0,0.0,product-catalog,1
2026-07-26 05:02:33,2.9611415157802927,0.0,0.0,0.0,0.0,0.0,0.0,product-catalog,1
2026-07-26 05:07:33,2.9611415157802927,0.0,0.0,0.0,0.0,0.0,0.0,product-catalog,1
2026-07-26 05:12:33,2.9611415157802927,0.0,0.0,0.0,0.0,0.0,0.0,product-catalog,1
2026-07-26 05:17:33,2.9611415157802927,0.0,0.0,0.0,0.0,0.0,0.0,product-catalog,1
2026-07-26 05:22:33,2.9611415157802927,0.0,0.0,0.0,0.0,0.0,0.0,product-catalog,1
2026-07-26 05:27:33,2.9611415157802927,0.0,0.0,0.0,0.0,0.0,0.0,product-catalog,1
2026-07-26 05:32:33,2.9611415157802927,0.0,0.0,0.0,0.0,0.0,0.0,product-catalog,1
2026-07-26 05:37:33,2.9611415157802927,0.0,0.0,0.0,0.0,0.0,0.0,product-catalog,1
2026-07-26 05:42:33,2.9611415157802927,0.0,0.0,0.0,0.0,0.0,0.0,product-catalog,1
2026-07-26 05:47:33,2.9611415157802927,0.0,0.0,0.0,0.0,0.0,0.0,product-catalog,1
2026-07-26 05:52:33,2.9611415157802927,0.0,0.0,0.0,0.0,0.0,0.0,product-catalog,1
2026-07-26 05:57:33,2.9611415157802927,0.0,0.0,0.0,0.0,0.0,0.0,product-catalog,1
2026-07-26 06:02:33,2.9611415157802927,0.0,0.0,0.0,0.0,0.0,0.0,product-catalog,1
2026-07-26 06:07:33,2.9611415157802927,0.0,0.0,0.0,0.0,0.0,0.0,product-catalog,1
2026-07-26 06:12:33,2.9611415157802927,0.0,0.0,0.0,0.0,0.0,0.0,product-catalog,1
2026-07-26 06:17:33,2.9611415157802927,0.0,0.0,0.0,0.0,0.0,0.0,product-catalog,1
2026-07-26 06:22:33,2.9611415157802927,0.0,0.0,0.0,0.0,0.0,0.0,product-catalog,1
2026-07-26 06:27:33,2.9611415157802927,0.0,0.0,0.0,0.0,0.0,0.0,product-catalog,1
2026-07-26 06:32:33,2.9611415157802927,0.0,0.0,0.0,0.0,0.0,0.0,product-catalog,1
2026-07-26 06:37:33,2.9611415157802927,0.0,0.0,0.0,0.0,0.0,0.0,product-catalog,1
2026-07-26 06:42:33,2.9611415157802927,0.0,0.0,0.0,0.0,0.0,0.0,product-catalog,1
2026-07-26 06:47:33,2.9611415157802927,0.0,0.0,0.0,0.0,0.0,0.0,product-catalog,1
2026-07-26 06:52:33,2.9611415157802927,0.0,0.0,0.0,0.0,0.0,0.0,product-catalog,1
2026-07-26 06:57:33,2.9611415157802927,0.0,0.0,0.0,0.0,0.0,0.0,product-catalog,1
2026-07-26 07:02:33,2.9611415157802927,0.0,0.0,0.0,0.0,0.0,0.0,product-catalog,1
2026-07-26 07:07:33,2.9611415157802927,0.0,0.0,0.0,0.0,0.0,0.0,product-catalog,1
2026-07-26 07:12:33,2.9611415157802927,0.0,0.0,0.0,0.0,0.0,0.0,product-catalog,1
2026-07-26 07:17:33,2.9611415157802927,0.0,0.0,0.0,0.0,0.0,0.0,product-catalog,1
2026-07-26 07:22:33,2.9611415157802927,0.0,0.0,0.0,0.0,0.0,0.0,product-catalog,1
2026-07-26 07:27:33,2.9611415157802927,0.0,0.0,0.0,0.0,0.0,0.0,product-catalog,1
2026-07-26 07:32:33,2.9611415157802927,0.0,0.0,0.0,0.0,0.0,0.0,product-catalog,1
2026-07-26 07:37:33,2.9611415157802927,0.0,0.0,0.0,0.0,0.0,0.0,product-catalog,1
2026-07-26 07:42:33,2.9611415157802927,0.0,0.0,0.0,0.0,0.0,0.0,product-catalog,1
2026-07-26 07:47:33,2.9611415157802927,0.0,0.0,0.0,0.0,0.0,0.0,product-catalog,1
2026-07-26 07:52:33,2.9611415157802927,0.0,0.0,0.0,0.0,0.0,0.0,product-catalog,1
2026-07-26 07:57:33,2.9611415157802927,0.0,0.0,0.0,0.0,0.0,0.0,product-catalog,1
2026-07-26 08:02:33,2.9611415157802927,0.0,0.0,0.0,0.0,0.0,0.0,product-catalog,1
2026-07-26 08:07:33,2.9611415157802927,0.0,0.0,0.0,0.0,0.0,0.0,product-catalog,1
2026-07-26 08:12:33,2.9611415157802927,0.0,0.0,0.0,0.0,0.0,0.0,product-catalog,1
2026-07-26 08:17:33,2.9611415157802927,0.0,0.0,0.0,0.0,0.0,0.0,product-catalog,1
2026-07-26 08:22:33,2.9611415157802927,0.0,0.0,0.0,0.0,0.0,0.0,product-catalog,1
2026-07-26 08:27:33,2.9611415157802927,0.0,0.0,0.0,0.0,0.0,0.0,product-catalog,1
2026-07-26 08:32:33,2.9611415157802927,0.0,0.0,0.0,0.0,0.0,0.0,product-catalog,1
2026-07-26 08:37:33,2.9611415157802927,0.0,0.0,0.0,0.0,0.0,0.0,product-catalog,1
2026-07-26 08:42:33,2.9611415157802927,0.0,0.0,0.0,0.0,0.0,0.0,product-catalog,1
2026-07-26 08:47:33,2.9611415157802927,0.0,0.0,0.0,0.0,0.0,0.0,product-catalog,1
2026-07-26 08:52:33,2.9611415157802927,0.0,0.0,0.0,0.0,0.0,0.0,product-catalog,1
2026-07-26 08:57:33,2.9611415157802927,0.0,0.0,0.0,0.0,0.0,0.0,product-catalog,1
2026-07-26 09:02:33,2.9611415157802927,0.0,0.0,0.0,0.0,0.0,0.0,product-catalog,1
2026-07-26 09:07:33,2.9611415157802927,0.0,0.0,0.0,0.0,0.0,0.0,product-catalog,1
2026-07-26 09:12:33,2.9611415157802927,0.0,0.0,0.0,0.0,0.0,0.0,product-catalog,1
2026-07-26 09:17:33,2.9611415157802927,0.0,0.0,0.0,0.0,0.0,0.0,product-catalog,1
2026-07-26 09:22:33,2.9611415157802927,0.0,0.0,0.0,0.0,0.0,0.0,product-catalog,1
2026-07-26 09:27:33,2.9611415157802927,0.0,0.0,0.0,0.0,0.0,0.0,product-catalog,1
2026-07-26 09:32:33,2.9611415157802927,0.0,0.0,0.0,0.0,0.0,0.0,product-catalog,1
2026-07-26 09:37:33,2.9611415157802927,0.0,0.0,0.0,0.0,0.0,0.0,product-catalog,1
2026-07-26 09:42:33,2.9611415157802927,0.0,0.0,0.0,0.0,0.0,0.0,product-catalog,1
2026-07-26 09:47:33,2.9611415157802927,0.0,0.0,0.0,0.0,0.0,0.0,product-catalog,1
2026-07-26 09:52:33,2.9611415157802927,0.0,0.0,0.0,0.0,0.0,0.0,product-catalog,1
2026-07-26 09:57:33,2.9611415157802927,0.0,0.0,0.0,0.0,0.0,0.0,product-catalog,1
2026-07-26 10:02:33,2.9611415157802927,0.0,0.0,0.0,0.0,0.0,0.0,product-catalog,1
2026-07-26 10:07:33,2.9611415157802927,0.0,0.0,0.0,0.0,0.0,0.0,product-catalog,1
2026-07-26 10:12:33,2.9611415157802927,0.0,0.0,0.0,0.0,0.0,0.0,product-catalog,1
2026-07-26 10:17:33,2.9611415157802927,0.0,0.0,0.0,0.0,0.0,0.0,product-catalog,1
2026-07-26 10:22:33,2.9611415157802927,0.0,0.0,0.0,0.0,0.0,0.0,product-catalog,1
2026-07-26 10:27:33,2.9611415157802927,0.0,0.0,0.0,0.0,0.0,0.0,product-catalog,1
2026-07-26 10:32:33,2.9611415157802927,0.0,0.0,0.0,0.0,0.0,0.0,product-catalog,1
2026-07-26 10:37:33,2.9611415157802927,0.0,0.0,0.0,0.0,0.0,0.0,product-catalog,1
2026-07-26 10:42:33,2.9611415157802927,0.0,0.0,0.0,0.0,0.0,0.0,product-catalog,1
2026-07-26 10:47:33,2.9611415157802927,0.0,0.0,0.0,0.0,0.0,0.0,product-catalog,1
2026-07-26 10:52:33,2.9611415157802927,0.0,0.0,0.0,0.0,0.0,0.0,product-catalog,1
2026-07-26 10:57:33,2.9611415157802927,0.0,0.0,0.0,0.0,0.0,0.0,product-catalog,1
2026-07-26 11:02:33,2.9611415157802927,0.0,0.0,0.0,0.0,0.0,0.0,product-catalog,1
2026-07-26 11:07:33,2.9611415157802927,0.0,0.0,0.0,0.0,0.0,0.0,product-catalog,1
2026-07-26 11:12:33,2.9611415157802927,0.0,0.0,0.0,0.0,0.0,0.0,product-catalog,1
2026-07-26 11:17:33,2.9611415157802927,0.0,0.0,0.0,0.0,0.0,0.0,product-catalog,1
2026-07-26 11:22:33,2.9611415157802927,0.0,0.0,0.0,0.0,0.0,0.0,product-catalog,1
2026-07-26 11:27:33,2.9611415157802927,0.0,0.0,0.0,0.0,0.0,0.0,product-catalog,1
2026-07-26 11:32:33,2.9611415157802927,0.0,0.0,0.0,0.0,0.0,0.0,product-catalog,1
2026-07-26 11:37:33,2.9611415157802927,0.0,0.0,0.0,0.0,0.0,0.0,product-catalog,1
2026-07-26 11:42:33,2.9611415157802927,0.0,0.0,0.0,0.0,0.0,0.0,product-catalog,1
2026-07-26 11:47:33,2.9611415157802927,0.0,0.0,0.0,0.0,0.0,0.0,product-catalog,1
2026-07-26 11:52:33,2.9611415157802927,0.0,0.0,0.0,0.0,0.0,0.0,product-catalog,1
2026-07-26 11:57:33,2.9611415157802927,0.0,0.0,0.0,0.0,0.0,0.0,product-catalog,1
2026-07-26 12:02:33,2.9611415157802927,0.0,0.0,0.0,0.0,0.0,0.0,product-catalog,1
2026-07-26 12:07:33,2.9611415157802927,0.0,0.0,0.0,0.0,0.0,0.0,product-catalog,1
2026-07-26 12:12:33,2.9611415157802927,0.0,0.0,0.0,0.0,0.0,0.0,product-catalog,1
2026-07-26 12:17:33,2.9611415157802927,0.0,0.0,0.0,0.0,0.0,0.0,product-catalog,1
2026-07-26 12:22:33,2.9611415157802927,0.0,0.0,0.0,0.0,0.0,0.0,product-catalog,1
2026-07-26 12:27:33,2.9611415157802927,0.0,0.0,0.0,0.0,0.0,0.0,product-catalog,1
2026-07-26 12:32:33,2.9611415157802927,0.0,0.0,0.0,0.0,0.0,0.0,product-catalog,1
2026-07-26 12:37:33,2.9611415157802927,0.0,0.0,0.0,0.0,0.0,0.0,product-catalog,1
2026-07-26 12:42:33,2.9611415157802927,0.0,0.0,0.0,0.0,0.0,0.0,product-catalog,1
2026-07-26 12:47:33,2.9611415157802927,0.0,0.0,0.0,0.0,0.0,0.0,product-catalog,1
2026-07-26 12:52:33,2.9611415157802927,0.0,0.0,0.0,0.0,0.0,0.0,product-catalog,1
2026-07-26 12:57:33,2.9611415157802927,0.0,0.0,0.0,0.0,0.0,0.0,product-catalog,1
2026-07-26 13:02:33,2.9611415157802927,0.0,0.0,0.0,0.0,0.0,0.0,product-catalog,1
2026-07-26 13:07:33,2.9611415157802927,0.0,0.0,0.0,0.0,0.0,0.0,product-catalog,1
2026-07-26 13:12:33,2.9611415157802927,0.0,0.0,0.0,0.0,0.0,0.0,product-catalog,1
2026-07-26 13:17:33,2.9611415157802927,0.0,0.0,0.0,0.0,0.0,0.0,product-catalog,1
2026-07-26 13:22:33,2.9611415157802927,0.0,0.0,0.0,0.0,0.0,0.0,product-catalog,1
2026-07-26 13:27:33,2.9611415157802927,0.0,0.0,0.0,0.0,0.0,0.0,product-catalog,1
2026-07-26 13:32:33,2.9611415157802927,0.0,0.0,0.0,0.0,0.0,0.0,product-catalog,1
2026-07-26 13:37:33,2.9611415157802927,0.0,0.0,0.0,0.0,0.0,0.0,product-catalog,1
2026-07-26 13:42:33,2.9611415157802927,0.0,0.0,0.0,0.0,0.0,0.0,product-catalog,1
2026-07-26 13:47:33,2.9611415157802927,0.0,0.0,0.0,0.0,0.0,0.0,product-catalog,1
2026-07-26 13:52:33,2.9611415157802927,0.0,0.0,0.0,0.0,0.0,0.0,product-catalog,1
2026-07-26 13:57:33,2.9611415157802927,0.0,0.0,0.0,0.0,0.0,0.0,product-catalog,1
2026-07-26 14:02:33,2.9611415157802927,0.0,0.0,0.0,0.0,0.0,0.0,product-catalog,1
2026-07-26 14:07:33,2.9611415157802927,0.0,0.0,0.0,0.0,0.0,0.0,product-catalog,1
2026-07-26 14:12:33,2.9611415157802927,0.0,0.0,0.0,0.0,0.0,0.0,product-catalog,1
2026-07-26 14:17:33,2.9611415157802927,0.0,0.0,0.0,0.0,0.0,0.0,product-catalog,1
2026-07-26 14:22:33,2.9611415157802927,0.0,0.0,0.0,0.0,0.0,0.0,product-catalog,1
2026-07-26 14:27:33,2.9611415157802927,0.0,0.0,0.0,0.0,0.0,0.0,product-catalog,1
2026-07-26 14:32:33,2.9611415157802927,0.0,0.0,0.0,0.0,0.0,0.0,product-catalog,1
2026-07-26 14:37:33,2.9611415157802927,0.0,0.0,0.0,0.0,0.0,0.0,product-catalog,1
2026-07-26 14:42:33,2.9611415157802927,0.0,0.0,0.0,0.0,0.0,0.0,product-catalog,1
2026-07-26 14:47:33,2.9611415157802927,0.0,0.0,0.0,0.0,0.0,0.0,product-catalog,1
2026-07-26 14:52:33,2.9611415157802927,0.0,0.0,0.0,0.0,0.0,0.0,product-catalog,1
2026-07-26 14:57:33,2.9611415157802927,0.0,0.0,0.0,0.0,0.0,0.0,product-catalog,1
2026-07-26 15:02:33,2.9611415157802927,0.0,0.0,0.0,0.0,0.0,0.0,product-catalog,1
2026-07-26 15:07:33,2.9611415157802927,0.0,0.0,0.0,0.0,0.0,0.0,product-catalog,1
2026-07-26 15:12:33,2.9611415157802927,0.0,0.0,0.0,0.0,0.0,0.0,product-catalog,1
2026-07-26 15:17:33,2.9611415157802927,0.0,0.0,0.0,0.0,0.0,0.0,product-catalog,1
2026-07-26 15:22:33,2.9611415157802927,0.0,0.0,0.0,0.0,0.0,0.0,product-catalog,1
2026-07-26 15:27:33,2.9611415157802927,0.0,0.0,0.0,0.0,0.0,0.0,product-catalog,1
2026-07-26 15:32:33,2.9611415157802927,0.0,0.0,0.0,0.0,0.0,0.0,product-catalog,1
2026-07-26 15:37:33,2.9611415157802927,0.0,0.0,0.0,0.0,0.0,0.0,product-catalog,1
2026-07-26 15:42:33,2.9611415157802927,0.0,0.0,0.0,0.0,0.0,0.0,product-catalog,1
2026-07-26 15:47:33,2.9611415157802927,0.0,0.0,0.0,0.0,0.0,0.0,product-catalog,1
2026-07-26 15:52:33,2.9611415157802927,0.0,0.0,0.0,0.0,0.0,0.0,product-catalog,1
2026-07-26 15:57:33,2.9611415157802927,0.0,0.0,0.0,0.0,0.0,0.0,product-catalog,1
2026-07-26 16:02:33,2.9611415157802927,0.0,0.0,0.0,0.0,0.0,0.0,product-catalog,1
2026-07-26 16:07:33,2.9611415157802927,0.0,0.0,0.0,0.0,0.0,0.0,product-catalog,1
2026-07-26 16:12:33,2.9611415157802927,0.0,0.0,0.0,0.0,0.0,0.0,product-catalog,1
2026-07-26 16:17:33,2.9611415157802927,0.0,0.0,0.0,0.0,0.0,0.0,product-catalog,1
2026-07-26 16:22:33,2.9611415157802927,0.0,0.0,0.0,0.0,0.0,0.0,product-catalog,1
2026-07-26 16:27:33,2.9611415157802927,0.0,0.0,0.0,0.0,0.0,0.0,product-catalog,1
2026-07-26 16:32:33,2.9611415157802927,0.0,0.0,0.0,0.0,0.0,0.0,product-catalog,1
2026-07-26 16:37:33,2.9611415157802927,0.0,0.0,0.0,0.0,0.0,0.0,product-catalog,1
2026-07-26 16:42:33,2.9611415157802927,0.0,0.0,0.0,0.0,0.0,0.0,product-catalog,1
2026-07-26 16:47:33,2.9611415157802927,0.0,0.0,0.0,0.0,0.0,0.0,product-catalog,1
2026-07-26 16:52:33,2.9611415157802927,0.0,0.0,0.0,0.0,0.0,0.0,product-catalog,1
2026-07-26 16:57:33,2.9611415157802927,0.0,0.0,0.0,0.0,0.0,0.0,product-catalog,1
2026-07-26 17:02:33,2.9611415157802927,0.0,0.0,0.0,0.0,0.0,0.0,product-catalog,1
2026-07-26 17:07:33,2.9611415157802927,0.0,0.0,0.0,0.0,0.0,0.0,product-catalog,1
2026-07-26 17:12:33,2.9611415157802927,0.0,0.0,0.0,0.0,0.0,0.0,product-catalog,1
2026-07-26 17:17:33,2.9611415157802927,0.0,0.0,0.0,0.0,0.0,0.0,product-catalog,1
2026-07-26 17:22:33,2.9611415157802927,0.0,0.0,0.0,0.0,0.0,0.0,product-catalog,1
2026-07-26 17:27:33,2.9611415157802927,0.0,0.0,0.0,0.0,0.0,0.0,product-catalog,1
2026-07-26 17:32:33,2.9611415157802927,0.0,0.0,0.0,0.0,0.0,0.0,product-catalog,1
2026-07-26 17:37:33,2.9611415157802927,0.0,0.0,0.0,0.0,0.0,0.0,product-catalog,1
2026-07-26 17:42:33,2.9611415157802927,0.0,0.0,0.0,0.0,0.0,0.0,product-catalog,1
2026-07-26 17:47:33,2.9611415157802927,0.0,0.0,0.0,0.0,0.0,0.0,product-catalog,1
2026-07-26 17:52:33,2.9611415157802927,0.0,0.0,0.0,0.0,0.0,0.0,product-catalog,1
2026-07-26 17:57:33,2.9611415157802927,0.0,0.0,0.0,0.0,0.0,0.0,product-catalog,1
2026-07-26 18:02:33,2.9611415157802927,0.0,0.0,0.0,0.0,0.0,0.0,product-catalog,1
2026-07-26 18:07:33,2.9611415157802927,0.0,0.0,0.0,0.0,0.0,0.0,product-catalog,1
2026-07-26 18:12:33,2.9611415157802927,0.0,0.0,0.0,0.0,0.0,0.0,product-catalog,1
2026-07-26 18:17:33,2.9611415157802927,0.0,0.0,0.0,0.0,0.0,0.0,product-catalog,1
2026-07-26 18:22:33,2.9611415157802927,0.0,0.0,0.0,0.0,0.0,0.0,product-catalog,1
2026-07-26 18:27:33,2.9611415157802927,0.0,0.0,0.0,0.0,0.0,0.0,product-catalog,1
2026-07-26 18:32:33,2.9611415157802927,0.0,0.0,0.0,0.0,0.0,0.0,product-catalog,1
2026-07-26 18:37:33,2.9611415157802927,0.0,0.0,0.0,0.0,0.0,0.0,product-catalog,1
2026-07-26 18:42:33,2.9611415157802927,0.0,0.0,0.0,0.0,0.0,0.0,product-catalog,1
2026-07-26 18:47:33,2.9611415157802927,0.0,0.0,0.0,0.0,0.0,0.0,product-catalog,1
2026-07-26 18:52:33,2.9611415157802927,0.0,0.0,0.0,0.0,0.0,0.0,product-catalog,1
2026-07-26 18:57:33,2.9611415157802927,0.0,0.0,0.0,0.0,0.0,0.0,product-catalog,1
2026-07-26 19:02:33,2.9611415157802927,0.0,0.0,0.0,0.0,0.0,0.0,product-catalog,1
2026-07-26 19:07:33,2.9611415157802927,0.0,0.0,0.0,0.0,0.0,0.0,product-catalog,1
2026-07-26 19:12:33,2.9611415157802927,0.0,0.0,0.0,0.0,0.0,0.0,product-catalog,1
2026-07-26 19:17:33,2.9611415157802927,0.0,0.0,0.0,0.0,0.0,0.0,product-catalog,1
2026-07-26 19:22:33,2.9611415157802927,0.0,0.0,0.0,0.0,0.0,0.0,product-catalog,1
2026-07-26 19:27:33,2.9611415157802927,0.0,0.0,0.0,0.0,0.0,0.0,product-catalog,1
2026-07-26 19:32:33,2.9611415157802927,0.0,0.0,0.0,0.0,0.0,0.0,product-catalog,1
2026-07-26 19:37:33,2.9611415157802927,0.0,0.0,0.0,0.0,0.0,0.0,product-catalog,1
2026-07-26 19:42:33,2.9611415157802927,0.0,0.0,0.0,0.0,0.0,0.0,product-catalog,1
2026-07-26 19:47:33,2.9611415157802927,0.0,0.0,0.0,0.0,0.0,0.0,product-catalog,1
2026-07-26 19:52:33,2.9611415157802927,0.0,0.0,0.0,0.0,0.0,0.0,product-catalog,1
2026-07-26 19:57:33,2.9611415157802927,0.0,0.0,0.0,0.0,0.0,0.0,product-catalog,1
2026-07-26 20:02:33,2.9611415157802927,0.0,0.0,0.0,0.0,0.0,0.0,product-catalog,1
2026-07-26 20:07:33,2.9611415157802927,0.0,0.0,0.0,0.0,0.0,0.0,product-catalog,1
2026-07-26 20:12:33,2.9611415157802927,0.0,0.0,0.0,0.0,0.0,0.0,product-catalog,1
2026-07-26 20:17:33,2.9611415157802927,0.0,0.0,0.0,0.0,0.0,0.0,product-catalog,1
2026-07-26 20:22:33,2.9611415157802927,0.0,0.0,0.0,0.0,0.0,0.0,product-catalog,1
2026-07-26 20:27:33,2.9611415157802927,0.0,0.0,0.0,0.0,0.0,0.0,product-catalog,1
2026-07-26 20:32:33,2.9611415157802927,0.0,0.0,0.0,0.0,0.0,0.0,product-catalog,1
2026-07-26 20:37:33,2.9611415157802927,0.0,0.0,0.0,0.0,0.0,0.0,product-catalog,1
2026-07-26 20:42:33,2.9611415157802927,0.0,0.0,0.0,0.0,0.0,0.0,product-catalog,1
2026-07-26 20:47:33,2.9611415157802927,0.0,0.0,0.0,0.0,0.0,0.0,product-catalog,1
2026-07-26 20:52:33,2.9611415157802927,0.0,0.0,0.0,0.0,0.0,0.0,product-catalog,1
2026-07-26 20:57:33,2.9611415157802927,0.0,0.0,0.0,0.0,0.0,0.0,product-catalog,1
2026-07-26 21:02:33,2.9611415157802927,0.0,0.0,0.0,0.0,0.0,0.0,product-catalog,1
2026-07-26 21:07:33,2.9611415157802927,0.0,0.0,0.0,0.0,0.0,0.0,product-catalog,1
2026-07-26 21:12:33,2.9611415157802927,0.0,0.0,0.0,0.0,0.0,0.0,product-catalog,1
2026-07-26 21:17:33,2.9611415157802927,0.0,0.0,0.0,0.0,0.0,0.0,product-catalog,1
2026-07-26 21:22:33,2.9611415157802927,0.0,0.0,0.0,0.0,0.0,0.0,product-catalog,1
2026-07-26 21:27:33,2.9611415157802927,0.0,0.0,0.0,0.0,0.0,0.0,product-catalog,1
2026-07-26 21:32:33,2.9611415157802927,0.0,0.0,0.0,0.0,0.0,0.0,product-catalog,1
2026-07-26 21:37:33,2.9611415157802927,0.0,0.0,0.0,0.0,0.0,0.0,product-catalog,1
2026-07-26 21:42:33,2.9611415157802927,0.0,0.0,0.0,0.0,0.0,0.0,product-catalog,1
2026-07-26 21:47:33,2.9611415157802927,0.0,0.0,0.0,0.0,0.0,0.0,product-catalog,1
2026-07-26 21:52:33,2.9611415157802927,0.0,0.0,0.0,0.0,0.0,0.0,product-catalog,1
2026-07-26 21:57:33,2.9611415157802927,0.0,0.0,0.0,0.0,0.0,0.0,product-catalog,1
2026-07-26 22:02:33,2.9611415157802927,0.0,0.0,0.0,0.0,0.0,0.0,product-catalog,1
2026-07-26 22:07:33,2.9611415157802927,0.0,0.0,0.0,0.0,0.0,0.0,product-catalog,1
2026-07-26 22:12:33,2.9611415157802927,0.0,0.0,0.0,0.0,0.0,0.0,product-catalog,1
2026-07-26 22:17:33,2.9611415157802927,0.0,0.0,0.0,0.0,0.0,0.0,product-catalog,1
2026-07-26 22:22:33,2.9611415157802927,0.0,0.0,0.0,0.0,0.0,0.0,product-catalog,1
2026-07-26 22:27:33,2.9611415157802927,0.0,0.0,0.0,0.0,0.0,0.0,product-catalog,1
2026-07-26 22:32:33,2.9611415157802927,0.0,0.0,0.0,0.0,0.0,0.0,product-catalog,1
2026-07-26 22:37:33,2.9611415157802927,0.0,0.0,0.0,0.0,0.0,0.0,product-catalog,1
2026-07-26 22:42:33,2.9611415157802927,0.0,0.0,0.0,0.0,0.0,0.0,product-catalog,1
2026-07-26 22:47:33,2.9611415157802927,0.0,0.0,0.0,0.0,0.0,0.0,product-catalog,1
2026-07-26 22:52:33,2.9611415157802927,0.0,0.0,0.0,0.0,0.0,0.0,product-catalog,1
2026-07-26 22:57:33,2.9611415157802927,0.0,0.0,0.0,0.0,0.0,0.0,product-catalog,1
2026-07-26 23:02:33,2.9611415157802927,0.0,0.0,0.0,0.0,0.0,0.0,product-catalog,1
2026-07-26 23:07:33,2.9611415157802927,0.0,0.0,0.0,0.0,0.0,0.0,product-catalog,1
2026-07-26 23:12:33,2.9611415157802927,0.0,0.0,0.0,0.0,0.0,0.0,product-catalog,1
2026-07-26 23:17:33,2.9611415157802927,0.0,0.0,0.0,0.0,0.0,0.0,product-catalog,1
2026-07-26 23:22:33,2.9611415157802927,0.0,0.0,0.0,0.0,0.0,0.0,product-catalog,1
2026-07-26 23:27:33,2.9611415157802927,0.0,0.0,0.0,0.0,0.0,0.0,product-catalog,1
2026-07-26 23:32:33,2.9611415157802927,0.0,0.0,0.0,0.0,0.0,0.0,product-catalog,1
2026-07-26 23:37:33,2.9611415157802927,0.0,0.0,0.0,0.0,0.0,0.0,product-catalog,1
2026-07-26 23:42:33,2.9611415157802927,0.0,0.0,0.0,0.0,0.0,0.0,product-catalog,1
2026-07-26 23:47:33,2.9611415157802927,0.0,0.0,0.0,0.0,0.0,0.0,product-catalog,1
2026-07-26 23:52:33,2.9611415157802927,0.0,0.0,0.0,0.0,0.0,0.0,product-catalog,1
2026-07-26 23:57:33,2.9611415157802927,0.0,0.0,0.0,0.0,0.0,0.0,product-catalog,1
2026-07-27 00:02:33,2.9611415157802927,0.0,0.0,0.0,0.0,0.0,0.0,product-catalog,1
2026-07-27 00:07:33,2.9611415157802927,0.0,0.0,0.0,0.0,0.0,0.0,product-catalog,1
2026-07-27 00:12:33,2.9611415157802927,0.0,0.0,0.0,0.0,0.0,0.0,product-catalog,1
2026-07-27 00:17:33,2.9611415157802927,0.0,0.0,0.0,0.0,0.0,0.0,product-catalog,1
2026-07-27 00:22:33,2.9611415157802927,0.0,0.0,0.0,0.0,0.0,0.0,product-catalog,1
2026-07-27 00:27:33,2.9611415157802927,0.0,0.0,0.0,0.0,0.0,0.0,product-catalog,1
2026-07-27 00:32:33,2.9611415157802927,0.0,0.0,0.0,0.0,0.0,0.0,product-catalog,1
2026-07-27 00:37:33,2.9611415157802927,0.0,0.0,0.0,0.0,0.0,0.0,product-catalog,1
2026-07-27 00:42:33,2.9611415157802927,0.0,0.0,0.0,0.0,0.0,0.0,product-catalog,1
2026-07-27 00:47:33,2.9611415157802927,0.0,0.0,0.0,0.0,0.0,0.0,product-catalog,1
2026-07-27 00:52:33,2.9611415157802927,0.0,0.0,0.0,0.0,0.0,0.0,product-catalog,1
2026-07-27 00:57:33,2.9611415157802927,0.0,0.0,0.0,0.0,0.0,0.0,product-catalog,1
2026-07-27 01:02:33,2.9611415157802927,0.0,0.0,0.0,0.0,0.0,0.0,product-catalog,1
2026-07-27 01:07:33,2.9611415157802927,0.0,0.0,0.0,0.0,0.0,0.0,product-catalog,1
2026-07-27 01:12:33,2.9611415157802927,0.0,0.0,0.0,0.0,0.0,0.0,product-catalog,1
2026-07-27 01:17:33,2.9611415157802927,0.0,0.0,0.0,0.0,0.0,0.0,product-catalog,1
2026-07-27 01:22:33,2.9611415157802927,0.0,0.0,0.0,0.0,0.0,0.0,product-catalog,1
2026-07-27 01:27:33,2.9611415157802927,0.0,0.0,0.0,0.0,0.0,0.0,product-catalog,1
2026-07-27 01:32:33,2.9611415157802927,0.0,0.0,0.0,0.0,0.0,0.0,product-catalog,1
2026-07-27 01:37:33,2.9611415157802927,0.0,0.0,0.0,0.0,0.0,0.0,product-catalog,1
2026-07-27 01:42:33,2.9611415157802927,0.0,0.0,0.0,0.0,0.0,0.0,product-catalog,1
2026-07-27 01:47:33,2.9611415157802927,0.0,0.0,0.0,0.0,0.0,0.0,product-catalog,1
2026-07-27 01:52:33,2.9611415157802927,0.0,0.0,0.0,0.0,0.0,0.0,product-catalog,1
2026-07-27 01:57:33,2.9611415157802927,0.0,0.0,0.0,0.0,0.0,0.0,product-catalog,1
2026-07-27 02:02:33,2.9611415157802927,0.0,0.0,0.0,0.0,0.0,0.0,product-catalog,1
2026-07-27 02:07:33,2.9611415157802927,0.0,0.0,0.0,0.0,0.0,0.0,product-catalog,1
2026-07-27 02:12:33,2.9611415157802927,0.0,0.0,0.0,0.0,0.0,0.0,product-catalog,1
2026-07-27 02:17:33,2.9611415157802927,0.0,0.0,0.0,0.0,0.0,0.0,product-catalog,1
2026-07-27 02:22:33,2.9611415157802927,0.0,0.0,0.0,0.0,0.0,0.0,product-catalog,1
2026-07-27 02:27:33,2.9611415157802927,0.0,0.0,0.0,0.0,0.0,0.0,product-catalog,1
2026-07-27 02:32:33,2.9611415157802927,0.0,0.0,0.0,0.0,0.0,0.0,product-catalog,1
2026-07-27 02:37:33,2.9611415157802927,0.0,0.0,0.0,0.0,0.0,0.0,product-catalog,1
2026-07-27 02:42:33,2.9611415157802927,0.0,0.0,0.0,0.0,0.0,0.0,product-catalog,1
2026-07-27 02:47:33,2.9611415157802927,0.0,0.0,0.0,0.0,0.0,0.0,product-catalog,1
2026-07-27 02:52:33,2.9611415157802927,0.0,0.0,0.0,0.0,0.0,0.0,product-catalog,1
2026-07-27 02:57:33,2.9611415157802927,0.0,0.0,0.0,0.0,0.0,0.0,product-catalog,1
2026-07-27 03:02:33,2.9611415157802927,0.0,0.0,0.0,0.0,0.0,0.0,product-catalog,1
2026-07-27 03:07:33,2.9611415157802927,0.0,0.0,0.0,0.0,0.0,0.0,product-catalog,1
2026-07-27 03:12:33,2.9611415157802927,0.0,0.0,0.0,0.0,0.0,0.0,product-catalog,1
2026-07-27 03:17:33,2.9611415157802927,0.0,0.0,0.0,0.0,0.0,0.0,product-catalog,1
2026-07-27 03:22:33,2.9611415157802927,0.0,0.0,0.0,0.0,0.0,0.0,product-catalog,1
2026-07-27 03:27:33,2.9611415157802927,0.0,0.0,0.0,0.0,0.0,0.0,product-catalog,1
2026-07-27 03:32:33,2.9611415157802927,0.0,0.0,0.0,0.0,0.0,0.0,product-catalog,1
2026-07-27 03:37:33,2.9611415157802927,0.0,0.0,0.0,0.0,0.0,0.0,product-catalog,1
2026-07-27 03:42:33,2.9611415157802927,0.0,0.0,0.0,0.0,0.0,0.0,product-catalog,1
2026-07-27 03:47:33,2.9611415157802927,0.0,0.0,0.0,0.0,0.0,0.0,product-catalog,1
2026-07-27 03:52:33,2.9611415157802927,0.0,0.0,0.0,0.0,0.0,0.0,product-catalog,1
2026-07-27 03:57:33,2.9611415157802927,0.0,0.0,0.0,0.0,0.0,0.0,product-catalog,1
2026-07-27 04:02:33,2.9611415157802927,0.0,0.0,0.0,0.0,0.0,0.0,product-catalog,1
2026-07-27 04:07:33,2.9611415157802927,0.0,0.0,0.0,0.0,0.0,0.0,product-catalog,1
2026-07-27 04:12:33,2.9611415157802927,0.0,0.0,0.0,0.0,0.0,0.0,product-catalog,1
2026-07-27 04:17:33,2.9611415157802927,0.0,0.0,0.0,0.0,0.0,0.0,product-catalog,1
2026-07-27 04:22:33,2.9611415157802927,0.0,0.0,0.0,0.0,0.0,0.0,product-catalog,1
2026-07-27 04:27:33,2.9611415157802927,0.0,0.0,0.0,0.0,0.0,0.0,product-catalog,1
2026-07-27 04:32:33,2.9611415157802927,0.0,0.0,0.0,0.0,0.0,0.0,product-catalog,1
2026-07-27 04:37:33,2.9611415157802927,0.0,0.0,0.0,0.0,0.0,0.0,product-catalog,1
2026-07-27 04:42:33,2.9611415157802927,0.0,0.0,0.0,0.0,0.0,0.0,product-catalog,1
2026-07-27 04:47:33,2.9611415157802927,0.0,0.0,0.0,0.0,0.0,0.0,product-catalog,1
2026-07-27 04:52:33,2.9611415157802927,0.0,0.0,0.0,0.0,0.0,0.0,product-catalog,1
2026-07-27 04:57:33,2.9611415157802927,0.0,0.0,0.0,0.0,0.0,0.0,product-catalog,1
2026-07-27 05:02:33,2.9611415157802927,0.0,0.0,0.0,0.0,0.0,0.0,product-catalog,1
2026-07-27 05:07:33,2.9611415157802927,0.0,0.0,0.0,0.0,0.0,0.0,product-catalog,1
2026-07-27 05:12:33,2.9611415157802927,0.0,0.0,0.0,0.0,0.0,0.0,product-catalog,1
2026-07-27 05:17:33,2.9611415157802927,0.0,0.0,0.0,0.0,0.0,0.0,product-catalog,1
2026-07-27 05:22:33,2.9611415157802927,0.0,0.0,0.0,0.0,0.0,0.0,product-catalog,1
2026-07-27 05:27:33,2.9611415157802927,0.0,0.0,0.0,0.0,0.0,0.0,product-catalog,1
2026-07-27 05:32:33,2.9611415157802927,0.0,0.0,0.0,0.0,0.0,0.0,product-catalog,1
2026-07-27 05:37:33,2.9611415157802927,0.0,0.0,0.0,0.0,0.0,0.0,product-catalog,1
2026-07-27 05:42:33,2.9611415157802927,0.0,0.0,0.0,0.0,0.0,0.0,product-catalog,1
2026-07-27 05:47:33,2.9611415157802927,0.0,0.0,0.0,0.0,0.0,0.0,product-catalog,1
2026-07-27 05:52:33,2.9611415157802927,0.0,0.0,0.0,0.0,0.0,0.0,product-catalog,1
2026-07-27 05:57:33,2.9611415157802927,0.0,0.0,0.0,0.0,0.0,0.0,product-catalog,1
2026-07-27 06:02:33,2.9611415157802927,0.0,0.0,0.0,0.0,0.0,0.0,product-catalog,1
2026-07-27 06:07:33,2.9611415157802927,0.0,0.0,0.0,0.0,0.0,0.0,product-catalog,1
2026-07-27 06:12:33,2.9611415157802927,0.0,0.0,0.0,0.0,0.0,0.0,product-catalog,1
2026-07-27 06:17:33,2.9611415157802927,0.0,0.0,0.0,0.0,0.0,0.0,product-catalog,1
2026-07-27 06:22:33,2.9611415157802927,0.0,0.0,0.0,0.0,0.0,0.0,product-catalog,1
2026-07-27 06:27:33,2.9611415157802927,0.0,0.0,0.0,0.0,0.0,0.0,product-catalog,1
2026-07-27 06:32:33,2.9611415157802927,0.0,0.0,0.0,0.0,0.0,0.0,product-catalog,1
2026-07-27 06:37:33,2.9611415157802927,0.0,0.0,0.0,0.0,0.0,0.0,product-catalog,1
2026-07-27 06:42:33,2.9611415157802927,0.0,0.0,0.0,0.0,0.0,0.0,product-catalog,1
2026-07-27 06:47:33,2.9611415157802927,0.0,0.0,0.0,0.0,0.0,0.0,product-catalog,1
2026-07-27 06:52:33,2.9611415157802927,0.0,0.0,0.0,0.0,0.0,0.0,product-catalog,1
2026-07-27 06:57:33,2.9611415157802927,0.0,0.0,0.0,0.0,0.0,0.0,product-catalog,1
2026-07-27 07:02:33,2.9611415157802927,0.0,0.0,0.0,0.0,0.0,0.0,product-catalog,1
2026-07-27 07:07:33,2.9611415157802927,0.0,0.0,0.0,0.0,0.0,0.0,product-catalog,1
2026-07-27 07:12:33,2.9611415157802927,0.0,0.0,0.0,0.0,0.0,0.0,product-catalog,1
2026-07-27 07:17:33,2.9611415157802927,0.0,0.0,0.0,0.0,0.0,0.0,product-catalog,1
2026-07-27 07:22:33,2.9611415157802927,0.0,0.0,0.0,0.0,0.0,0.0,product-catalog,1
2026-07-27 07:27:33,2.9611415157802927,0.0,0.0,0.0,0.0,0.0,0.0,product-catalog,1
2026-07-27 07:32:33,2.9611415157802927,0.0,0.0,0.0,0.0,0.0,0.0,product-catalog,1
2026-07-27 07:37:33,2.9611415157802927,0.0,0.0,0.0,0.0,0.0,0.0,product-catalog,1
2026-07-27 07:42:33,2.9611415157802927,0.0,0.0,0.0,0.0,0.0,0.0,product-catalog,1
2026-07-27 07:47:33,2.9611415157802927,0.0,0.0,0.0,0.0,0.0,0.0,product-catalog,1
2026-07-27 07:52:33,2.9611415157802927,0.0,0.0,0.0,0.0,0.0,0.0,product-catalog,1
2026-07-27 07:57:33,2.9611415157802927,0.0,0.0,0.0,0.0,0.0,0.0,product-catalog,1
2026-07-27 08:02:33,2.9611415157802927,0.0,0.0,0.0,0.0,0.0,0.0,product-catalog,1
2026-07-27 08:07:33,2.9611415157802927,0.0,0.0,0.0,0.0,0.0,0.0,product-catalog,1
2026-07-27 08:12:33,2.9611415157802927,0.0,0.0,0.0,0.0,0.0,0.0,product-catalog,1
2026-07-27 08:17:33,2.9611415157802927,0.0,0.0,0.0,0.0,0.0,0.0,product-catalog,1
2026-07-27 08:22:33,2.9611415157802927,0.0,0.0,0.0,0.0,0.0,0.0,product-catalog,1
2026-07-27 08:27:33,2.9611415157802927,0.0,0.0,0.0,0.0,0.0,0.0,product-catalog,1
2026-07-27 08:32:33,2.9611415157802927,0.0,0.0,0.0,0.0,0.0,0.0,product-catalog,1
2026-07-27 08:37:33,2.9611415157802927,0.0,0.0,0.0,0.0,0.0,0.0,product-catalog,1
2026-07-27 08:42:33,2.9611415157802927,0.0,0.0,0.0,0.0,0.0,0.0,product-catalog,1
2026-07-27 08:47:33,2.9611415157802927,0.0,0.0,0.0,0.0,0.0,0.0,product-catalog,1
2026-07-27 08:52:33,2.9611415157802927,0.0,0.0,0.0,0.0,0.0,0.0,product-catalog,1
2026-07-27 08:57:33,2.9611415157802927,0.0,0.0,0.0,0.0,0.0,0.0,product-catalog,1
2026-07-27 09:02:33,2.9611415157802927,0.0,0.0,0.0,0.0,0.0,0.0,product-catalog,1
2026-07-27 09:07:33,2.9611415157802927,0.0,0.0,0.0,0.0,0.0,0.0,product-catalog,1
2026-07-27 09:12:33,2.9611415157802927,0.0,0.0,0.0,0.0,0.0,0.0,product-catalog,1
2026-07-27 09:17:33,2.9611415157802927,0.0,0.0,0.0,0.0,0.0,0.0,product-catalog,1
2026-07-27 09:22:33,2.9611415157802927,0.0,0.0,0.0,0.0,0.0,0.0,product-catalog,1
2026-07-27 09:27:33,2.9611415157802927,0.0,0.0,0.0,0.0,0.0,0.0,product-catalog,1
2026-07-27 09:32:33,2.9611415157802927,0.0,0.0,0.0,0.0,0.0,0.0,product-catalog,1
2026-07-27 09:37:33,2.9611415157802927,0.0,0.0,0.0,0.0,0.0,0.0,product-catalog,1
2026-07-27 09:42:33,2.9611415157802927,0.0,0.0,0.0,0.0,0.0,0.0,product-catalog,1
2026-07-27 09:47:33,2.9611415157802927,0.0,0.0,0.0,0.0,0.0,0.0,product-catalog,1
2026-07-27 09:52:33,2.9611415157802927,0.0,0.0,0.0,0.0,0.0,0.0,product-catalog,1
2026-07-27 09:57:33,2.9611415157802927,0.0,0.0,0.0,0.0,0.0,0.0,product-catalog,1
2026-07-27 10:02:33,2.9611415157802927,0.0,0.0,0.0,0.0,0.0,0.0,product-catalog,1
2026-07-27 10:07:33,2.9611415157802927,0.0,0.0,0.0,0.0,0.0,0.0,product-catalog,1
2026-07-27 10:12:33,2.9611415157802927,0.0,0.0,0.0,0.0,0.0,0.0,product-catalog,1
2026-07-27 10:17:33,2.9611415157802927,0.0,0.0,0.0,0.0,0.0,0.0,product-catalog,1
2026-07-27 10:22:33,2.9611415157802927,0.0,0.0,0.0,0.0,0.0,0.0,product-catalog,1
2026-07-27 10:27:33,2.9611415157802927,0.0,0.0,0.0,0.0,0.0,0.0,product-catalog,1
2026-07-27 10:32:33,2.9611415157802927,0.0,0.0,0.0,0.0,0.0,0.0,product-catalog,1
2026-07-27 10:37:33,2.9611415157802927,0.0,0.0,0.0,0.0,0.0,0.0,product-catalog,1
2026-07-27 10:42:33,2.9611415157802927,0.0,0.0,0.0,0.0,0.0,0.0,product-catalog,1
2026-07-27 10:47:33,2.9611415157802927,0.0,0.0,0.0,0.0,0.0,0.0,product-catalog,1
2026-07-27 10:52:33,2.9611415157802927,0.0,0.0,0.0,0.0,0.0,0.0,product-catalog,1
2026-07-27 10:57:33,2.9611415157802927,0.0,0.0,0.0,0.0,0.0,0.0,product-catalog,1
2026-07-27 11:02:33,2.9611415157802927,0.0,0.0,0.0,0.0,0.0,0.0,product-catalog,1
2026-07-27 11:07:33,2.9611415157802927,0.0,0.0,0.0,0.0,0.0,0.0,product-catalog,1
2026-07-27 11:12:33,2.9611415157802927,0.0,0.0,0.0,0.0,0.0,0.0,product-catalog,1
2026-07-27 11:17:33,2.9611415157802927,0.0,0.0,0.0,0.0,0.0,0.0,product-catalog,1
2026-07-27 11:22:33,2.9611415157802927,0.0,0.0,0.0,0.0,0.0,0.0,product-catalog,1
2026-07-27 11:27:33,2.9611415157802927,0.0,0.0,0.0,0.0,0.0,0.0,product-catalog,1
2026-07-27 11:32:33,2.9611415157802927,0.0,0.0,0.0,0.0,0.0,0.0,product-catalog,1
2026-07-27 11:37:33,2.9611415157802927,0.0,0.0,0.0,0.0,0.0,0.0,product-catalog,1
2026-07-27 11:42:33,2.9611415157802927,0.0,0.0,0.0,0.0,0.0,0.0,product-catalog,1
2026-07-27 11:47:33,2.9611415157802927,0.0,0.0,0.0,0.0,0.0,0.0,product-catalog,1
2026-07-27 11:52:33,2.9611415157802927,0.0,0.0,0.0,0.0,0.0,0.0,product-catalog,1
2026-07-27 11:57:33,2.9611415157802927,0.0,0.0,0.0,0.0,0.0,0.0,product-catalog,1
2026-07-27 12:02:33,2.9611415157802927,0.0,0.0,0.0,0.0,0.0,0.0,product-catalog,1
2026-07-27 12:07:33,2.9611415157802927,0.0,0.0,0.0,0.0,0.0,0.0,product-catalog,1
2026-07-27 12:12:33,2.9611415157802927,0.0,0.0,0.0,0.0,0.0,0.0,product-catalog,1
2026-07-27 12:17:33,2.9611415157802927,0.0,0.0,0.0,0.0,0.0,0.0,product-catalog,1
2026-07-27 12:22:33,2.9611415157802927,0.0,0.0,0.0,0.0,0.0,0.0,product-catalog,1
2026-07-27 12:27:33,2.9611415157802927,0.0,0.0,0.0,0.0,0.0,0.0,product-catalog,1
2026-07-27 12:32:33,2.9611415157802927,0.0,0.0,0.0,0.0,0.0,0.0,product-catalog,1
2026-07-27 12:37:33,2.9611415157802927,0.0,0.0,0.0,0.0,0.0,0.0,product-catalog,1
2026-07-27 12:42:33,2.9611415157802927,0.0,0.0,0.0,0.0,0.0,0.0,product-catalog,1
2026-07-27 12:47:33,2.9611415157802927,0.0,0.0,0.0,0.0,0.0,0.0,product-catalog,1
2026-07-27 12:52:33,2.9611415157802927,0.0,0.0,0.0,0.0,0.0,0.0,product-catalog,1
2026-07-27 12:57:33,2.9611415157802927,0.0,0.0,0.0,0.0,0.0,0.0,product-catalog,1
2026-07-27 13:02:33,2.9611415157802927,0.0,0.0,0.0,0.0,0.0,0.0,product-catalog,1
2026-07-27 13:07:33,2.9611415157802927,0.0,0.0,0.0,0.0,0.0,0.0,product-catalog,1
2026-07-27 13:12:33,2.9611415157802927,0.0,0.0,0.0,0.0,0.0,0.0,product-catalog,1
2026-07-27 13:17:33,2.9611415157802927,0.0,0.0,0.0,0.0,0.0,0.0,product-catalog,1
2026-07-27 13:22:33,2.9611415157802927,0.0,0.0,0.0,0.0,0.0,0.0,product-catalog,1
2026-07-27 13:27:33,2.9611415157802927,0.0,0.0,0.0,0.0,0.0,0.0,product-catalog,1
2026-07-27 13:32:33,2.9611415157802927,0.0,0.0,0.0,0.0,0.0,0.0,product-catalog,1
2026-07-27 13:37:33,2.9611415157802927,0.0,0.0,0.0,0.0,0.0,0.0,product-catalog,1
2026-07-27 13:42:33,2.9611415157802927,0.0,0.0,0.0,0.0,0.0,0.0,product-catalog,1
2026-07-27 13:47:33,2.9611415157802927,0.0,0.0,0.0,0.0,0.0,0.0,product-catalog,1
2026-07-27 13:52:33,2.9611415157802927,0.0,0.0,0.0,0.0,0.0,0.0,product-catalog,1
2026-07-27 13:57:33,2.9611415157802927,0.0,0.0,0.0,0.0,0.0,0.0,product-catalog,1
2026-07-27 14:02:33,2.9611415157802927,0.0,0.0,0.0,0.0,0.0,0.0,product-catalog,1
2026-07-27 14:07:33,2.9611415157802927,0.0,0.0,0.0,0.0,0.0,0.0,product-catalog,1
2026-07-27 14:12:33,2.9611415157802927,0.0,0.0,0.0,0.0,0.0,0.0,product-catalog,1
2026-07-27 14:17:33,2.9611415157802927,0.0,0.0,0.0,0.0,0.0,0.0,product-catalog,1
2026-07-27 14:22:33,2.9611415157802927,0.0,0.0,0.0,0.0,0.0,0.0,product-catalog,1
2026-07-27 14:27:33,2.9611415157802927,0.0,0.0,0.0,0.0,0.0,0.0,product-catalog,1
2026-07-27 14:32:33,2.9611415157802927,0.0,0.0,0.0,0.0,0.0,0.0,product-catalog,1
2026-07-27 14:37:33,2.9611415157802927,0.0,0.0,0.0,0.0,0.0,0.0,product-catalog,1
2026-07-27 14:42:33,2.9611415157802927,0.0,0.0,0.0,0.0,0.0,0.0,product-catalog,1
2026-07-27 14:47:33,2.9611415157802927,0.0,0.0,0.0,0.0,0.0,0.0,product-catalog,1
2026-07-27 14:52:33,2.9611415157802927,0.0,0.0,0.0,0.0,0.0,0.0,product-catalog,1
2026-07-27 14:57:33,2.9611415157802927,0.0,0.0,0.0,0.0,0.0,0.0,product-catalog,1
2026-07-27 15:02:33,2.9611415157802927,0.0,0.0,0.0,0.0,0.0,0.0,product-catalog,1
2026-07-27 15:07:33,2.9611415157802927,0.0,0.0,0.0,0.0,0.0,0.0,product-catalog,1
2026-07-27 15:12:33,2.9611415157802927,0.0,0.0,0.0,0.0,0.0,0.0,product-catalog,1
2026-07-27 15:17:33,2.9611415157802927,0.0,0.0,0.0,0.0,0.0,0.0,product-catalog,1
2026-07-27 15:22:33,2.9611415157802927,0.0,0.0,0.0,0.0,0.0,0.0,product-catalog,1
2026-07-27 15:27:33,2.9611415157802927,0.0,0.0,0.0,0.0,0.0,0.0,product-catalog,1
2026-07-27 15:32:33,2.9611415157802927,0.0,0.0,0.0,0.0,0.0,0.0,product-catalog,1
2026-07-27 15:37:33,2.9611415157802927,0.0,0.0,0.0,0.0,0.0,0.0,product-catalog,1
2026-07-27 15:42:33,2.9611415157802927,0.0,0.0,0.0,0.0,0.0,0.0,product-catalog,1
2026-07-27 15:47:33,2.9611415157802927,0.0,0.0,0.0,0.0,0.0,0.0,product-catalog,1
2026-07-27 15:52:33,2.9611415157802927,0.0,0.0,0.0,0.0,0.0,0.0,product-catalog,1
2026-07-27 15:57:33,2.9611415157802927,0.0,0.0,0.0,0.0,0.0,0.0,product-catalog,1
2026-07-27 16:02:33,2.9611415157802927,0.0,0.0,0.0,0.0,0.0,0.0,product-catalog,1
2026-07-27 16:07:33,2.9611415157802927,0.0,0.0,0.0,0.0,0.0,0.0,product-catalog,1
2026-07-27 16:12:33,2.9611415157802927,0.0,0.0,0.0,0.0,0.0,0.0,product-catalog,1
2026-07-27 16:17:33,2.9611415157802927,0.0,0.0,0.0,0.0,0.0,0.0,product-catalog,1
2026-07-27 16:22:33,2.9611415157802927,0.0,0.0,0.0,0.0,0.0,0.0,product-catalog,1
2026-07-27 16:27:33,2.9611415157802927,0.0,0.0,0.0,0.0,0.0,0.0,product-catalog,1
2026-07-27 16:32:33,2.9611415157802927,0.0,0.0,0.0,0.0,0.0,0.0,product-catalog,1
2026-07-27 16:37:33,2.9611415157802927,0.0,0.0,0.0,0.0,0.0,0.0,product-catalog,1
2026-07-27 16:42:33,2.9611415157802927,0.0,0.0,0.0,0.0,0.0,0.0,product-catalog,1
2026-07-27 16:47:33,2.9611415157802927,0.0,0.0,0.0,0.0,0.0,0.0,product-catalog,1
2026-07-27 16:52:33,2.9611415157802927,0.0,0.0,0.0,0.0,0.0,0.0,product-catalog,1
2026-07-27 16:57:33,2.9611415157802927,0.0,0.0,0.0,0.0,0.0,0.0,product-catalog,1
2026-07-27 17:02:33,2.9611415157802927,0.0,0.0,0.0,0.0,0.0,0.0,product-catalog,1
2026-07-27 17:07:33,2.9611415157802927,0.0,0.0,0.0,0.0,0.0,0.0,product-catalog,1
2026-07-27 17:12:33,2.9611415157802927,0.0,0.0,0.0,0.0,0.0,0.0,product-catalog,1
2026-07-27 17:17:33,2.9611415157802927,0.0,0.0,0.0,0.0,0.0,0.0,product-catalog,1
2026-07-27 17:22:33,2.9611415157802927,0.0,0.0,0.0,0.0,0.0,0.0,product-catalog,1
2026-07-27 17:27:33,2.9611415157802927,0.0,0.0,0.0,0.0,0.0,0.0,product-catalog,1
2026-07-27 17:32:33,2.9611415157802927,0.0,0.0,0.0,0.0,0.0,0.0,product-catalog,1
2026-07-27 17:37:33,2.9611415157802927,0.0,0.0,0.0,0.0,0.0,0.0,product-catalog,1
2026-07-27 17:42:33,2.9611415157802927,0.0,0.0,0.0,0.0,0.0,0.0,product-catalog,1
2026-07-27 17:47:33,2.9611415157802927,0.0,0.0,0.0,0.0,0.0,0.0,product-catalog,1
2026-07-27 17:52:33,2.9611415157802927,0.0,0.0,0.0,0.0,0.0,0.0,product-catalog,1
2026-07-27 17:57:33,2.9611415157802927,0.0,0.0,0.0,0.0,0.0,0.0,product-catalog,1
2026-07-27 18:02:33,2.9611415157802927,0.0,0.0,0.0,0.0,0.0,0.0,product-catalog,1
2026-07-27 18:07:33,2.9611415157802927,0.0,0.0,0.0,0.0,0.0,0.0,product-catalog,1
2026-07-27 18:12:33,2.9611415157802927,0.0,0.0,0.0,0.0,0.0,0.0,product-catalog,1
2026-07-27 18:17:33,2.9611415157802927,0.0,0.0,0.0,0.0,0.0,0.0,product-catalog,1
2026-07-27 18:22:33,2.9611415157802927,0.0,0.0,0.0,0.0,0.0,0.0,product-catalog,1
2026-07-27 18:27:33,2.9611415157802927,0.0,0.0,0.0,0.0,0.0,0.0,product-catalog,1
2026-07-27 18:32:33,2.9611415157802927,0.0,0.0,0.0,0.0,0.0,0.0,product-catalog,1
2026-07-27 18:37:33,2.9611415157802927,0.0,0.0,0.0,0.0,0.0,0.0,product-catalog,1
2026-07-27 18:42:33,2.9611415157802927,0.0,0.0,0.0,0.0,0.0,0.0,product-catalog,1
2026-07-27 18:47:33,2.9611415157802927,0.0,0.0,0.0,0.0,0.0,0.0,product-catalog,1
2026-07-27 18:52:33,2.9611415157802927,0.0,0.0,0.0,0.0,0.0,0.0,product-catalog,1
2026-07-27 18:57:33,2.9611415157802927,0.0,0.0,0.0,0.0,0.0,0.0,product-catalog,1
2026-07-27 19:02:33,2.9611415157802927,0.0,0.0,0.0,0.0,0.0,0.0,product-catalog,1
2026-07-27 19:07:33,2.9611415157802927,0.0,0.0,0.0,0.0,0.0,0.0,product-catalog,1
2026-07-27 19:12:33,2.9611415157802927,0.0,0.0,0.0,0.0,0.0,0.0,product-catalog,1
2026-07-27 19:17:33,2.9611415157802927,0.0,0.0,0.0,0.0,0.0,0.0,product-catalog,1
2026-07-27 19:22:33,2.9611415157802927,0.0,0.0,0.0,0.0,0.0,0.0,product-catalog,1
2026-07-27 19:27:33,2.9611415157802927,0.0,0.0,0.0,0.0,0.0,0.0,product-catalog,1
2026-07-27 19:32:33,2.9611415157802927,0.0,0.0,0.0,0.0,0.0,0.0,product-catalog,1
2026-07-27 19:37:33,2.9611415157802927,0.0,0.0,0.0,0.0,0.0,0.0,product-catalog,1
2026-07-27 19:42:33,2.9611415157802927,0.0,0.0,0.0,0.0,0.0,0.0,product-catalog,1
2026-07-27 19:47:33,2.9611415157802927,0.0,0.0,0.0,0.0,0.0,0.0,product-catalog,1
2026-07-27 19:52:33,2.9611415157802927,0.0,0.0,0.0,0.0,0.0,0.0,product-catalog,1
2026-07-27 19:57:33,2.9611415157802927,0.0,0.0,0.0,0.0,0.0,0.0,product-catalog,1
2026-07-27 20:02:33,2.9611415157802927,0.0,0.0,0.0,0.0,0.0,0.0,product-catalog,1
2026-07-27 20:07:33,2.9611415157802927,0.0,0.0,0.0,0.0,0.0,0.0,product-catalog,1
2026-07-27 20:12:33,2.9611415157802927,0.0,0.0,0.0,0.0,0.0,0.0,product-catalog,1
2026-07-27 20:17:33,2.9611415157802927,0.0,0.0,0.0,0.0,0.0,0.0,product-catalog,1
2026-07-27 20:22:33,2.9611415157802927,0.0,0.0,0.0,0.0,0.0,0.0,product-catalog,1
2026-07-27 20:27:33,2.9611415157802927,0.0,0.0,0.0,0.0,0.0,0.0,product-catalog,1
2026-07-27 20:32:33,2.9611415157802927,0.0,0.0,0.0,0.0,0.0,0.0,product-catalog,1
2026-07-27 20:37:33,2.9611415157802927,0.0,0.0,0.0,0.0,0.0,0.0,product-catalog,1
2026-07-27 20:42:33,2.9611415157802927,0.0,0.0,0.0,0.0,0.0,0.0,product-catalog,1
2026-07-27 20:47:33,2.9611415157802927,0.0,0.0,0.0,0.0,0.0,0.0,product-catalog,1
2026-07-27 20:52:33,2.9611415157802927,0.0,0.0,0.0,0.0,0.0,0.0,product-catalog,1
2026-07-27 20:57:33,2.9611415157802927,0.0,0.0,0.0,0.0,0.0,0.0,product-catalog,1
2026-07-27 21:02:33,2.9611415157802927,0.0,0.0,0.0,0.0,0.0,0.0,product-catalog,1
2026-07-27 21:07:33,2.9611415157802927,0.0,0.0,0.0,0.0,0.0,0.0,product-catalog,1
2026-07-27 21:12:33,2.9611415157802927,0.0,0.0,0.0,0.0,0.0,0.0,product-catalog,1
2026-07-27 21:17:33,2.9611415157802927,0.0,0.0,0.0,0.0,0.0,0.0,product-catalog,1
2026-07-27 21:22:33,2.9611415157802927,0.0,0.0,0.0,0.0,0.0,0.0,product-catalog,1
2026-07-27 21:27:33,2.9611415157802927,0.0,0.0,0.0,0.0,0.0,0.0,product-catalog,1
2026-07-27 21:32:33,2.9611415157802927,0.0,0.0,0.0,0.0,0.0,0.0,product-catalog,1
2026-07-27 21:37:33,2.9611415157802927,0.0,0.0,0.0,0.0,0.0,0.0,product-catalog,1
2026-07-27 21:42:33,2.9611415157802927,0.0,0.0,0.0,0.0,0.0,0.0,product-catalog,1
2026-07-27 21:47:33,2.9611415157802927,0.0,0.0,0.0,0.0,0.0,0.0,product-catalog,1
2026-07-27 21:52:33,2.9611415157802927,0.0,0.0,0.0,0.0,0.0,0.0,product-catalog,1
2026-07-27 21:57:33,2.9611415157802927,0.0,0.0,0.0,0.0,0.0,0.0,product-catalog,1
2026-07-27 22:02:33,2.9611415157802927,0.0,0.0,0.0,0.0,0.0,0.0,product-catalog,1
2026-07-27 22:07:33,2.9611415157802927,0.0,0.0,0.0,0.0,0.0,0.0,product-catalog,1
2026-07-27 22:12:33,2.9611415157802927,0.0,0.0,0.0,0.0,0.0,0.0,product-catalog,1
2026-07-27 22:17:33,2.9611415157802927,0.0,0.0,0.0,0.0,0.0,0.0,product-catalog,1
2026-07-27 22:22:33,2.9611415157802927,0.0,0.0,0.0,0.0,0.0,0.0,product-catalog,1
2026-07-27 22:27:33,2.9611415157802927,0.0,0.0,0.0,0.0,0.0,0.0,product-catalog,1
2026-07-27 22:32:33,2.9611415157802927,0.0,0.0,0.0,0.0,0.0,0.0,product-catalog,1
2026-07-27 22:37:33,2.9611415157802927,0.0,0.0,0.0,0.0,0.0,0.0,product-catalog,1
2026-07-27 22:42:33,2.9611415157802927,0.0,0.0,0.0,0.0,0.0,0.0,product-catalog,1
2026-07-27 22:47:33,2.9611415157802927,0.0,0.0,0.0,0.0,0.0,0.0,product-catalog,1
2026-07-27 22:52:33,2.9611415157802927,0.0,0.0,0.0,0.0,0.0,0.0,product-catalog,1
2026-07-27 22:57:33,2.9611415157802927,0.0,0.0,0.0,0.0,0.0,0.0,product-catalog,1
2026-07-27 23:02:33,2.9611415157802927,0.0,0.0,0.0,0.0,0.0,0.0,product-catalog,1
2026-07-27 23:07:33,2.9611415157802927,0.0,0.0,0.0,0.0,0.0,0.0,product-catalog,1
2026-07-27 23:12:33,2.9611415157802927,0.0,0.0,0.0,0.0,0.0,0.0,product-catalog,1
2026-07-27 23:17:33,2.9611415157802927,0.0,0.0,0.0,0.0,0.0,0.0,product-catalog,1
2026-07-27 23:22:33,2.9611415157802927,0.0,0.0,0.0,0.0,0.0,0.0,product-catalog,1
2026-07-27 23:27:33,2.9611415157802927,0.0,0.0,0.0,0.0,0.0,0.0,product-catalog,1
2026-07-27 23:32:33,2.9611415157802927,0.0,0.0,0.0,0.0,0.0,0.0,product-catalog,1
2026-07-27 23:37:33,2.9611415157802927,0.0,0.0,0.0,0.0,0.0,0.0,product-catalog,1
2026-07-27 23:42:33,2.9611415157802927,0.0,0.0,0.0,0.0,0.0,0.0,product-catalog,1
2026-07-27 23:47:33,2.9611415157802927,0.0,0.0,0.0,0.0,0.0,0.0,product-catalog,1
2026-07-27 23:52:33,2.9611415157802927,0.0,0.0,0.0,0.0,0.0,0.0,product-catalog,1
2026-07-27 23:57:33,2.9611415157802927,0.0,0.0,0.0,0.0,0.0,0.0,product-catalog,1
2026-07-28 00:02:33,2.9611415157802927,0.0,0.0,0.0,0.0,0.0,0.0,product-catalog,1
2026-07-28 00:07:33,2.9611415157802927,0.0,0.0,0.0,0.0,0.0,0.0,product-catalog,1
2026-07-28 00:12:33,2.9611415157802927,0.0,0.0,0.0,0.0,0.0,0.0,product-catalog,1
2026-07-28 00:17:33,2.9611415157802927,0.0,0.0,0.0,0.0,0.0,0.0,product-catalog,1
2026-07-28 00:22:33,2.9611415157802927,0.0,0.0,0.0,0.0,0.0,0.0,product-catalog,1
2026-07-28 00:27:33,2.9611415157802927,0.0,0.0,0.0,0.0,0.0,0.0,product-catalog,1
2026-07-28 00:32:33,2.9611415157802927,0.0,0.0,0.0,0.0,0.0,0.0,product-catalog,1
2026-07-28 00:37:33,2.9611415157802927,0.0,0.0,0.0,0.0,0.0,0.0,product-catalog,1
2026-07-28 00:42:33,2.9611415157802927,0.0,0.0,0.0,0.0,0.0,0.0,product-catalog,1
2026-07-28 00:47:33,2.9611415157802927,0.0,0.0,0.0,0.0,0.0,0.0,product-catalog,1
2026-07-28 00:52:33,2.9611415157802927,0.0,0.0,0.0,0.0,0.0,0.0,product-catalog,1
2026-07-28 00:57:33,2.9611415157802927,0.0,0.0,0.0,0.0,0.0,0.0,product-catalog,1
2026-07-28 01:02:33,2.9611415157802927,0.0,0.0,0.0,0.0,0.0,0.0,product-catalog,1
2026-07-28 01:07:33,2.9611415157802927,0.0,0.0,0.0,0.0,0.0,0.0,product-catalog,1
2026-07-28 01:12:33,2.9611415157802927,0.0,0.0,0.0,0.0,0.0,0.0,product-catalog,1
2026-07-28 01:17:33,2.9611415157802927,0.0,0.0,0.0,0.0,0.0,0.0,product-catalog,1
2026-07-28 01:22:33,2.9611415157802927,0.0,0.0,0.0,0.0,0.0,0.0,product-catalog,1
2026-07-28 01:27:33,2.9611415157802927,0.0,0.0,0.0,0.0,0.0,0.0,product-catalog,1
2026-07-28 01:32:33,2.9611415157802927,0.0,0.0,0.0,0.0,0.0,0.0,product-catalog,1
2026-07-28 01:37:33,2.9611415157802927,0.0,0.0,0.0,0.0,0.0,0.0,product-catalog,1
2026-07-28 01:42:33,2.9611415157802927,0.0,0.0,0.0,0.0,0.0,0.0,product-catalog,1
2026-07-28 01:47:33,2.9611415157802927,0.0,0.0,0.0,0.0,0.0,0.0,product-catalog,1
2026-07-28 01:52:33,2.9611415157802927,0.0,0.0,0.0,0.0,0.0,0.0,product-catalog,1
2026-07-28 01:57:33,2.9611415157802927,0.0,0.0,0.0,0.0,0.0,0.0,product-catalog,1
2026-07-28 02:02:33,2.9611415157802927,0.0,0.0,0.0,0.0,0.0,0.0,product-catalog,1
2026-07-28 02:07:33,2.9611415157802927,0.0,0.0,0.0,0.0,0.0,0.0,product-catalog,1
2026-07-28 02:12:33,2.9611415157802927,0.0,0.0,0.0,0.0,0.0,0.0,product-catalog,1
2026-07-28 02:17:33,2.9611415157802927,0.0,0.0,0.0,0.0,0.0,0.0,product-catalog,1
2026-07-28 02:22:33,2.9611415157802927,0.0,0.0,0.0,0.0,0.0,0.0,product-catalog,1
2026-07-28 02:27:33,2.9611415157802927,0.0,0.0,0.0,0.0,0.0,0.0,product-catalog,1
2026-07-28 02:32:33,2.9611415157802927,0.0,0.0,0.0,0.0,0.0,0.0,product-catalog,1
2026-07-28 02:37:33,2.9611415157802927,0.0,0.0,0.0,0.0,0.0,0.0,product-catalog,1
2026-07-28 02:42:33,2.9611415157802927,0.0,0.0,0.0,0.0,0.0,0.0,product-catalog,1
2026-07-28 02:47:33,2.9611415157802927,0.0,0.0,0.0,0.0,0.0,0.0,product-catalog,1
2026-07-28 02:52:33,2.9611415157802927,0.0,0.0,0.0,0.0,0.0,0.0,product-catalog,1
2026-07-28 02:57:33,2.9611415157802927,0.0,0.0,0.0,0.0,0.0,0.0,product-catalog,1
2026-07-28 03:02:33,2.9611415157802927,0.0,0.0,0.0,0.0,0.0,0.0,product-catalog,1
2026-07-28 03:07:33,2.9611415157802927,0.0,0.0,0.0,0.0,0.0,0.0,product-catalog,1
2026-07-28 03:12:33,2.9611415157802927,0.0,0.0,0.0,0.0,0.0,0.0,product-catalog,1
2026-07-28 03:17:33,2.9611415157802927,0.0,0.0,0.0,0.0,0.0,0.0,product-catalog,1
2026-07-28 03:22:33,2.9611415157802927,0.0,0.0,0.0,0.0,0.0,0.0,product-catalog,1
2026-07-28 03:27:33,2.9611415157802927,0.0,0.0,0.0,0.0,0.0,0.0,product-catalog,1
2026-07-28 03:32:33,2.9611415157802927,0.0,0.0,0.0,0.0,0.0,0.0,product-catalog,1
2026-07-28 03:37:33,2.9611415157802927,0.0,0.0,0.0,0.0,0.0,0.0,product-catalog,1
2026-07-28 03:42:33,2.9611415157802927,0.0,0.0,0.0,0.0,0.0,0.0,product-catalog,1
2026-07-28 03:47:33,2.9611415157802927,0.0,0.0,0.0,0.0,0.0,0.0,product-catalog,1
2026-07-28 03:52:33,2.9611415157802927,0.0,0.0,0.0,0.0,0.0,0.0,product-catalog,1
2026-07-28 03:57:33,2.9611415157802927,0.0,0.0,0.0,0.0,0.0,0.0,product-catalog,1
2026-07-28 04:02:33,2.9611415157802927,0.0,0.0,0.0,0.0,0.0,0.0,product-catalog,1
2026-07-28 04:07:33,2.9611415157802927,0.0,0.0,0.0,0.0,0.0,0.0,product-catalog,1
2026-07-28 04:12:33,2.9611415157802927,0.0,0.0,0.0,0.0,0.0,0.0,product-catalog,1
2026-07-28 04:17:33,2.9611415157802927,0.0,0.0,0.0,0.0,0.0,0.0,product-catalog,1
2026-07-28 04:22:33,2.9611415157802927,0.0,0.0,0.0,0.0,0.0,0.0,product-catalog,1
2026-07-28 04:27:33,2.9611415157802927,0.0,0.0,0.0,0.0,0.0,0.0,product-catalog,1
2026-07-28 04:32:33,2.9611415157802927,0.0,0.0,0.0,0.0,0.0,0.0,product-catalog,1
2026-07-28 04:37:33,2.9611415157802927,0.0,0.0,0.0,0.0,0.0,0.0,product-catalog,1
2026-07-28 04:42:33,2.9611415157802927,0.0,0.0,0.0,0.0,0.0,0.0,product-catalog,1
2026-07-28 04:47:33,2.9611415157802927,0.0,0.0,0.0,0.0,0.0,0.0,product-catalog,1
2026-07-28 04:52:33,2.9611415157802927,0.0,0.0,0.0,0.0,0.0,0.0,product-catalog,1
2026-07-28 04:57:33,2.9611415157802927,0.0,0.0,0.0,0.0,0.0,0.0,product-catalog,1
2026-07-28 05:02:33,2.9611415157802927,0.0,0.0,0.0,0.0,0.0,0.0,product-catalog,1
2026-07-28 05:07:33,2.9611415157802927,0.0,0.0,0.0,0.0,0.0,0.0,product-catalog,1
2026-07-28 05:12:33,2.9611415157802927,0.0,0.0,0.0,0.0,0.0,0.0,product-catalog,1
2026-07-28 05:17:33,2.9611415157802927,0.0,0.0,0.0,0.0,0.0,0.0,product-catalog,1
2026-07-28 05:22:33,2.9611415157802927,0.0,0.0,0.0,0.0,0.0,0.0,product-catalog,1
2026-07-28 05:27:33,2.9611415157802927,0.0,0.0,0.0,0.0,0.0,0.0,product-catalog,1
2026-07-28 05:32:33,2.9611415157802927,0.0,0.0,0.0,0.0,0.0,0.0,product-catalog,1
2026-07-28 05:37:33,2.9611415157802927,0.0,0.0,0.0,0.0,0.0,0.0,product-catalog,1
2026-07-28 05:42:33,2.9611415157802927,0.0,0.0,0.0,0.0,0.0,0.0,product-catalog,1
2026-07-28 05:47:33,2.9611415157802927,0.0,0.0,0.0,0.0,0.0,0.0,product-catalog,1
2026-07-28 05:52:33,2.9611415157802927,0.0,0.0,0.0,0.0,0.0,0.0,product-catalog,1
2026-07-28 05:57:33,2.9611415157802927,0.0,0.0,0.0,0.0,0.0,0.0,product-catalog,1
2026-07-28 06:02:33,2.9611415157802927,0.0,0.0,0.0,0.0,0.0,0.0,product-catalog,1
2026-07-28 06:07:33,2.9611415157802927,0.0,0.0,0.0,0.0,0.0,0.0,product-catalog,1
2026-07-28 06:12:33,2.9611415157802927,0.0,0.0,0.0,0.0,0.0,0.0,product-catalog,1
2026-07-28 06:17:33,2.9611415157802927,0.0,0.0,0.0,0.0,0.0,0.0,product-catalog,1
2026-07-28 06:22:33,2.9611415157802927,0.0,0.0,0.0,0.0,0.0,0.0,product-catalog,1
2026-07-28 06:27:33,2.9611415157802927,0.0,0.0,0.0,0.0,0.0,0.0,product-catalog,1
2026-07-28 06:32:33,2.9611415157802927,0.0,0.0,0.0,0.0,0.0,0.0,product-catalog,1
2026-07-28 06:37:33,2.9611415157802927,0.0,0.0,0.0,0.0,0.0,0.0,product-catalog,1
2026-07-28 06:42:33,2.9611415157802927,0.0,0.0,0.0,0.0,0.0,0.0,product-catalog,1
2026-07-28 06:47:33,2.9611415157802927,0.0,0.0,0.0,0.0,0.0,0.0,product-catalog,1
2026-07-28 06:52:33,2.9611415157802927,0.0,0.0,0.0,0.0,0.0,0.0,product-catalog,1
2026-07-28 06:57:33,2.9611415157802927,0.0,0.0,0.0,0.0,0.0,0.0,product-catalog,1
2026-07-28 07:02:33,2.9611415157802927,0.0,0.0,0.0,0.0,0.0,0.0,product-catalog,1
2026-07-28 07:07:33,2.9611415157802927,0.0,0.0,0.0,0.0,0.0,0.0,product-catalog,1
2026-07-28 07:12:33,2.9611415157802927,0.0,0.0,0.0,0.0,0.0,0.0,product-catalog,1
2026-07-28 07:17:33,2.9611415157802927,0.0,0.0,0.0,0.0,0.0,0.0,product-catalog,1
2026-07-28 07:22:33,2.9611415157802927,0.0,0.0,0.0,0.0,0.0,0.0,product-catalog,1
2026-07-28 07:27:33,2.9611415157802927,0.0,0.0,0.0,0.0,0.0,0.0,product-catalog,1
2026-07-28 07:32:33,2.9611415157802927,0.0,0.0,0.0,0.0,0.0,0.0,product-catalog,1
2026-07-28 07:37:33,2.9611415157802927,0.0,0.0,0.0,0.0,0.0,0.0,product-catalog,1
2026-07-28 07:42:33,2.9611415157802927,0.0,0.0,0.0,0.0,0.0,0.0,product-catalog,1
2026-07-28 07:47:33,2.9611415157802927,0.0,0.0,0.0,0.0,0.0,0.0,product-catalog,1
2026-07-28 07:52:33,2.9611415157802927,0.0,0.0,0.0,0.0,0.0,0.0,product-catalog,1
2026-07-28 07:57:33,2.9611415157802927,0.0,0.0,0.0,0.0,0.0,0.0,product-catalog,1
2026-07-28 08:02:33,2.9611415157802927,0.0,0.0,0.0,0.0,0.0,0.0,product-catalog,1
2026-07-28 08:07:33,2.9611415157802927,0.0,0.0,0.0,0.0,0.0,0.0,product-catalog,1
2026-07-28 08:12:33,2.9611415157802927,0.0,0.0,0.0,0.0,0.0,0.0,product-catalog,1
2026-07-28 08:17:33,2.9611415157802927,0.0,0.0,0.0,0.0,0.0,0.0,product-catalog,1
2026-07-28 08:22:33,2.9611415157802927,0.0,0.0,0.0,0.0,0.0,0.0,product-catalog,1
2026-07-28 08:27:33,2.9611415157802927,0.0,0.0,0.0,0.0,0.0,0.0,product-catalog,1
2026-07-28 08:32:33,2.9611415157802927,0.0,0.0,0.0,0.0,0.0,0.0,product-catalog,1
2026-07-28 08:37:33,2.9611415157802927,0.0,0.0,0.0,0.0,0.0,0.0,product-catalog,1
2026-07-28 08:42:33,2.9611415157802927,0.0,0.0,0.0,0.0,0.0,0.0,product-catalog,1
2026-07-28 08:47:33,2.9611415157802927,0.0,0.0,0.0,0.0,0.0,0.0,product-catalog,1
2026-07-28 08:52:33,2.9611415157802927,0.0,0.0,0.0,0.0,0.0,0.0,product-catalog,1
2026-07-28 08:57:33,2.9611415157802927,0.0,0.0,0.0,0.0,0.0,0.0,product-catalog,1
2026-07-28 09:02:33,2.9611415157802927,0.0,0.0,0.0,0.0,0.0,0.0,product-catalog,1
2026-07-28 09:07:33,2.9611415157802927,0.0,0.0,0.0,0.0,0.0,0.0,product-catalog,1
2026-07-28 09:12:33,2.9611415157802927,0.0,0.0,0.0,0.0,0.0,0.0,product-catalog,1
2026-07-28 09:17:33,2.9611415157802927,0.0,0.0,0.0,0.0,0.0,0.0,product-catalog,1
2026-07-28 09:22:33,2.9611415157802927,0.0,0.0,0.0,0.0,0.0,0.0,product-catalog,1
2026-07-28 09:27:33,2.9611415157802927,0.0,0.0,0.0,0.0,0.0,0.0,product-catalog,1
2026-07-28 09:32:33,2.9611415157802927,0.0,0.0,0.0,0.0,0.0,0.0,product-catalog,1
2026-07-28 09:37:33,2.9611415157802927,0.0,0.0,0.0,0.0,0.0,0.0,product-catalog,1
2026-07-28 09:42:33,2.9611415157802927,0.0,0.0,0.0,0.0,0.0,0.0,product-catalog,1
2026-07-28 09:47:33,2.9611415157802927,0.0,0.0,0.0,0.0,0.0,0.0,product-catalog,1
2026-07-28 09:52:33,2.9611415157802927,0.0,0.0,0.0,0.0,0.0,0.0,product-catalog,1
2026-07-28 09:57:33,2.9611415157802927,0.0,0.0,0.0,0.0,0.0,0.0,product-catalog,1
2026-07-28 10:02:33,2.9611415157802927,0.0,0.0,0.0,0.0,0.0,0.0,product-catalog,1
2026-07-28 10:07:33,2.9611415157802927,0.0,0.0,0.0,0.0,0.0,0.0,product-catalog,1
2026-07-28 10:12:33,2.9611415157802927,0.0,0.0,0.0,0.0,0.0,0.0,product-catalog,1
2026-07-28 10:17:33,2.9611415157802927,0.0,0.0,0.0,0.0,0.0,0.0,product-catalog,1
2026-07-28 10:22:33,2.9611415157802927,0.0,0.0,0.0,0.0,0.0,0.0,product-catalog,1
2026-07-28 10:27:33,2.9611415157802927,0.0,0.0,0.0,0.0,0.0,0.0,product-catalog,1
2026-07-28 10:32:33,2.9611415157802927,0.0,0.0,0.0,0.0,0.0,0.0,product-catalog,1
2026-07-28 10:37:33,2.9611415157802927,0.0,0.0,0.0,0.0,0.0,0.0,product-catalog,1
2026-07-28 10:42:33,2.9611415157802927,0.0,0.0,0.0,0.0,0.0,0.0,product-catalog,1
2026-07-28 10:47:33,2.9611415157802927,0.0,0.0,0.0,0.0,0.0,0.0,product-catalog,1
2026-07-28 10:52:33,2.9611415157802927,0.0,0.0,0.0,0.0,0.0,0.0,product-catalog,1
2026-07-28 10:57:33,2.9611415157802927,0.0,0.0,0.0,0.0,0.0,0.0,product-catalog,1
2026-07-28 11:02:33,2.9611415157802927,0.0,0.0,0.0,0.0,0.0,0.0,product-catalog,1
2026-07-28 11:07:33,2.9611415157802927,0.0,0.0,0.0,0.0,0.0,0.0,product-catalog,1
2026-07-28 11:12:33,2.9611415157802927,0.0,0.0,0.0,0.0,0.0,0.0,product-catalog,1
2026-07-28 11:17:33,2.9611415157802927,0.0,0.0,0.0,0.0,0.0,0.0,product-catalog,1
2026-07-28 11:22:33,2.9611415157802927,0.0,0.0,0.0,0.0,0.0,0.0,product-catalog,1
2026-07-28 11:27:33,2.9611415157802927,0.0,0.0,0.0,0.0,0.0,0.0,product-catalog,1
2026-07-28 11:32:33,2.9611415157802927,0.0,0.0,0.0,0.0,0.0,0.0,product-catalog,1
2026-07-28 11:37:33,2.9611415157802927,0.0,0.0,0.0,0.0,0.0,0.0,product-catalog,1
2026-07-28 11:42:33,2.9611415157802927,0.0,0.0,0.0,0.0,0.0,0.0,product-catalog,1
2026-07-28 11:47:33,2.9611415157802927,0.0,0.0,0.0,0.0,0.0,0.0,product-catalog,1
2026-07-28 11:52:33,2.9611415157802927,0.0,0.0,0.0,0.0,0.0,0.0,product-catalog,1
2026-07-28 11:57:33,2.9611415157802927,0.0,0.0,0.0,0.0,0.0,0.0,product-catalog,1
2026-07-28 12:02:33,2.9611415157802927,0.0,0.0,0.0,0.0,0.0,0.0,product-catalog,1
2026-07-28 12:07:33,2.9611415157802927,0.0,0.0,0.0,0.0,0.0,0.0,product-catalog,1
2026-07-28 12:12:33,2.9611415157802927,0.0,0.0,0.0,0.0,0.0,0.0,product-catalog,1
2026-07-28 12:17:33,2.9611415157802927,0.0,0.0,0.0,0.0,0.0,0.0,product-catalog,1
2026-07-28 12:22:33,2.9611415157802927,0.0,0.0,0.0,0.0,0.0,0.0,product-catalog,1
2026-07-28 12:27:33,2.9611415157802927,0.0,0.0,0.0,0.0,0.0,0.0,product-catalog,1
2026-07-28 12:32:33,2.9611415157802927,0.0,0.0,0.0,0.0,0.0,0.0,product-catalog,1
2026-07-28 12:37:33,2.9611415157802927,0.0,0.0,0.0,0.0,0.0,0.0,product-catalog,1
2026-07-28 12:42:33,2.9611415157802927,0.0,0.0,0.0,0.0,0.0,0.0,product-catalog,1
2026-07-28 12:47:33,2.9611415157802927,0.0,0.0,0.0,0.0,0.0,0.0,product-catalog,1
2026-07-28 12:52:33,2.9611415157802927,0.0,0.0,0.0,0.0,0.0,0.0,product-catalog,1
2026-07-28 12:57:33,2.9611415157802927,0.0,0.0,0.0,0.0,0.0,0.0,product-catalog,1
2026-07-28 13:02:33,2.9611415157802927,0.0,0.0,0.0,0.0,0.0,0.0,product-catalog,1
2026-07-28 13:07:33,2.9611415157802927,0.0,0.0,0.0,0.0,0.0,0.0,product-catalog,1
2026-07-28 13:12:33,2.9611415157802927,0.0,0.0,0.0,0.0,0.0,0.0,product-catalog,1
2026-07-28 13:17:33,2.9611415157802927,0.0,0.0,0.0,0.0,0.0,0.0,product-catalog,1
2026-07-28 13:22:33,2.9611415157802927,0.0,0.0,0.0,0.0,0.0,0.0,product-catalog,1
2026-07-28 13:27:33,2.9611415157802927,0.0,0.0,0.0,0.0,0.0,0.0,product-catalog,1
2026-07-28 13:32:33,2.9611415157802927,0.0,0.0,0.0,0.0,0.0,0.0,product-catalog,1
2026-07-28 13:37:33,2.9611415157802927,0.0,0.0,0.0,0.0,0.0,0.0,product-catalog,1
2026-07-28 13:42:33,2.9611415157802927,0.0,0.0,0.0,0.0,0.0,0.0,product-catalog,1
2026-07-28 13:47:33,2.9611415157802927,0.0,0.0,0.0,0.0,0.0,0.0,product-catalog,1
2026-07-28 13:52:33,2.9611415157802927,0.0,0.0,0.0,0.0,0.0,0.0,product-catalog,1
2026-07-28 13:57:33,2.9611415157802927,0.0,0.0,0.0,0.0,0.0,0.0,product-catalog,1
2026-07-28 14:02:33,2.9611415157802927,0.0,0.0,0.0,0.0,0.0,0.0,product-catalog,1
2026-07-28 14:07:33,2.9611415157802927,0.0,0.0,0.0,0.0,0.0,0.0,product-catalog,1
2026-07-28 14:12:33,2.9611415157802927,0.0,0.0,0.0,0.0,0.0,0.0,product-catalog,1
2026-07-28 14:17:33,2.9611415157802927,0.0,0.0,0.0,0.0,0.0,0.0,product-catalog,1
2026-07-28 14:22:33,2.9611415157802927,0.0,0.0,0.0,0.0,0.0,0.0,product-catalog,1
2026-07-28 14:27:33,2.9611415157802927,0.0,0.0,0.0,0.0,0.0,0.0,product-catalog,1
2026-07-28 14:32:33,2.9611415157802927,0.0,0.0,0.0,0.0,0.0,0.0,product-catalog,1
2026-07-28 14:37:33,2.9611415157802927,0.0,0.0,0.0,0.0,0.0,0.0,product-catalog,1
2026-07-28 14:42:33,2.9611415157802927,0.0,0.0,0.0,0.0,0.0,0.0,product-catalog,1
2026-07-28 14:47:33,2.9611415157802927,0.0,0.0,0.0,0.0,0.0,0.0,product-catalog,1
2026-07-28 14:52:33,2.9611415157802927,0.0,0.0,0.0,0.0,0.0,0.0,product-catalog,1
2026-07-28 14:57:33,2.9611415157802927,0.0,0.0,0.0,0.0,0.0,0.0,product-catalog,1
2026-07-28 15:02:33,2.9611415157802927,0.0,0.0,0.0,0.0,0.0,0.0,product-catalog,1
2026-07-28 15:07:33,2.9611415157802927,0.0,0.0,0.0,0.0,0.0,0.0,product-catalog,1
2026-07-28 15:12:33,2.9611415157802927,0.0,0.0,0.0,0.0,0.0,0.0,product-catalog,1
2026-07-28 15:17:33,2.9611415157802927,0.0,0.0,0.0,0.0,0.0,0.0,product-catalog,1
2026-07-28 15:22:33,2.9611415157802927,0.0,0.0,0.0,0.0,0.0,0.0,product-catalog,1
2026-07-28 15:27:33,2.9611415157802927,0.0,0.0,0.0,0.0,0.0,0.0,product-catalog,1
2026-07-28 15:32:33,2.9611415157802927,0.0,0.0,1.8414648330674896,0.0,0.0,0.0,product-catalog,1
2026-07-28 15:37:33,7.85611996994432,0.0,0.0,1.8783243719155769,0.0,0.0,0.0,product-catalog,1
2026-07-28 15:42:33,28.10404956646014,0.0,0.0,1.861831007514185,0.0,0.0,0.0,product-catalog,1
2026-07-28 15:47:33,40.62611915505908,0.0,0.0,1.8640622449364856,0.0,0.0,0.0,product-catalog,1
2026-07-28 15:52:33,57.245117769361215,0.0,0.0,1.8613728737016408,0.0,0.0,0.0,product-catalog,1
2026-07-28 15:57:33,73.25,0.0,0.0,1.8689976965329864,0.0,0.0,0.0,product-catalog,1
2026-07-28 16:07:33,80.45833333333333,0.0,0.0,1.8635998069808584,0.0,0.0,0.0,product-catalog,1
2026-07-28 16:12:33,48.28770119875499,0.0,0.0,1.83790308370044,0.0,0.0,0.0,product-catalog,1
2026-07-28 16:17:33,48.44979812584116,0.0,0.0,1.8460398659375552,0.0,0.0,0.0,product-catalog,1
2026-07-28 16:22:33,47.4,0.0,0.0,1.848086642599278,0.0,0.0,0.0,product-catalog,1
2026-07-28 16:27:33,47.1123036987346,0.0,0.0,1.8423644428351589,0.0,0.0,0.0,product-catalog,1
2026-07-28 16:32:33,47.53333333333333,0.0,0.0,1.8484472049689444,0.0,0.0,0.0,product-catalog,1
2026-07-28 16:37:33,47.09166666666666,0.0,0.0,1.8487459105779716,0.0,0.0,0.0,product-catalog,1
2026-07-28 16:42:33,48.4125,0.0,0.0,1.8457505957108815,0.0,0.0,0.0,product-catalog,1
2026-07-28 16:47:33,7.891666666666667,0.0,0.0,1.856862745098039,0.0,0.0,0.0,product-catalog,1
2026-07-28 16:52:33,3.983333333333333,0.0,0.0,1.8423982869379012,0.0,0.0,0.0,product-catalog,1
2026-07-28 16:57:33,3.2625,0.0,0.0,1.8593667546174144,0.0,0.0,0.0,product-catalog,1
2026-07-28 17:02:33,3.4333333333333336,0.0,0.0,1.8447761194029848,0.0,0.0,0.0,product-catalog,1
2026-07-28 17:07:33,56.9125,0.0,0.0,1.892265065804664,0.0,0.0,0.0,product-catalog,1
2026-07-28 17:12:33,8.8125,0.0,0.0,1.8534566699123665,0.0,0.0,0.0,product-catalog,1
2026-07-28 17:17:33,4.775,0.0,0.0,1.8517055655296228,0.0,0.0,0.0,product-catalog,1
2026-07-28 17:22:33,4.304166666666667,0.0,0.0,1.8781818181818184,0.0,0.0,0.0,product-catalog,1
2026-07-28 17:27:33,4.729166666666667,0.0,0.0,1.8455284552845528,0.0,0.0,0.0,product-catalog,1
2026-07-28 17:32:33,4.395833333333333,0.0,0.0,1.834782608695652,0.0,0.0,0.0,product-catalog,1
2026-07-28 17:37:33,4.541666666666666,0.0,0.0,1.845719661335842,0.0,0.0,0.0,product-catalog,1
2026-07-28 17:42:33,5.091687882032842,0.0,0.0,1.8530749789385008,0.0,0.0,0.0,product-catalog,1
2026-07-28 17:47:33,7.091666666666667,0.0,0.0,1.8703296703296703,0.0,0.0,0.0,product-catalog,1
2026-07-28 17:52:33,33.64194701622513,0.0,0.0,1.844782939832445,0.0,0.0,0.0,product-catalog,1
2026-07-28 17:57:33,35.620684913812866,0.0,0.0,1.843560560680484,0.0,0.0,0.0,product-catalog,1
2026-07-28 18:02:33,35.30431376797403,0.0,0.0,1.856078860898138,0.0,0.0,0.0,product-catalog,1
2026-07-28 18:07:33,35.012354115191194,0.0,0.0,1.8293904208998548,0.0,0.0,0.0,product-catalog,1
2026-07-28 18:12:33,35.437352344365245,0.0,0.0,1.8331936295054487,0.0,0.0,0.0,product-catalog,1
2026-07-28 18:17:33,35.829166666666666,0.0,0.0,1.8415466983938136,0.0,0.0,0.0,product-catalog,1
2026-07-28 18:22:33,35.3125,0.0,0.0,1.845065312046444,0.0,0.0,0.0,product-catalog,1
2026-07-28 18:27:33,36.25833333333333,0.0,0.0,1.838882366752759,0.0,0.0,0.0,product-catalog,1
2026-07-28 18:32:33,35.916666666666664,0.0,0.0,1.838388625592417,0.0,0.0,0.0,product-catalog,1
2026-07-28 18:37:33,35.55922231389119,0.0,0.0,1.823504273504274,0.0,0.0,0.0,product-catalog,1
2026-07-28 18:42:33,36.379015087437146,0.0,0.0,1.840042149631191,0.0,0.0,0.0,product-catalog,1
2026-07-28 18:47:33,34.65416666666666,0.0,0.0,1.833958103638368,0.0,0.0,0.0,product-catalog,1
2026-07-28 18:52:33,37.04583333333333,0.0,0.0,1.8429064947029012,0.0,0.0,0.0,product-catalog,1
2026-07-28 18:57:33,36.2373490110458,0.0,0.0,1.837610048127715,0.0,0.0,0.0,product-catalog,1
2026-07-28 19:02:33,36.1040162332657,0.0,0.0,1.8403539823008848,0.0,0.0,0.0,product-catalog,1
2026-07-28 19:07:33,34.95039479166667,0.0,0.0,1.8403701033563384,0.0,0.0,0.0,product-catalog,1
2026-07-28 19:12:33,35.31666666666666,0.0,0.0,1.840830115830116,0.0,0.0,0.0,product-catalog,1
2026-07-28 19:17:33,34.80431168463202,0.0,0.0,1.844381746810599,0.0,0.0,0.0,product-catalog,1
2026-07-28 19:22:33,35.09166666666667,0.0,0.0,1.848957189901208,0.0,0.0,0.0,product-catalog,1
2026-07-28 19:27:33,35.94181642423509,0.0,0.0,1.84250622997508,0.0,0.0,0.0,product-catalog,1
2026-07-28 19:32:33,36.43333333333333,0.0,0.0,1.8380474132897349,0.0,0.0,0.0,product-catalog,1
2026-07-28 19:37:33,34.0375,0.0,0.0,1.8384846211552888,0.0,0.0,0.0,product-catalog,1
2026-07-28 19:42:33,35.80848253534389,0.0,0.0,1.831541558134028,0.0,0.0,0.0,product-catalog,1
2026-07-28 19:47:33,35.94598310826294,0.0,0.0,1.8392277626436104,0.0,0.0,0.0,product-catalog,1
2026-07-28 19:52:33,34.79152170199292,0.0,0.0,1.8432671081677705,0.0,0.0,0.0,product-catalog,1
2026-07-28 20:02:33,35.295980399918335,0.0,0.0,1.8549635036496352,0.0,0.0,0.0,product-catalog,1
2026-07-28 20:07:33,32.31522599719507,0.0,0.0,1.9253708201141675,0.0,0.0,0.0,product-catalog,1
2026-07-28 20:12:33,36.17931741382255,0.0,0.0,1.911151870873074,0.0,0.0,0.0,product-catalog,1
2026-07-28 20:17:33,34.94597894157892,0.0,0.0,1.9305115089514069,0.0,0.0,0.0,product-catalog,1
2026-07-28 20:22:33,33.64180684086183,0.0,0.0,1.9308090872857715,0.0,0.0,0.0,product-catalog,1
2026-07-28 20:27:33,35.4,0.0,0.0,1.920964702926768,0.0,0.0,0.0,product-catalog,1
2026-07-28 20:32:33,34.729166666666664,0.0,0.0,1.8971927162367224,0.0,0.0,0.0,product-catalog,1
2026-07-28 20:37:33,35.079166666666666,0.0,0.0,1.9109962168978565,0.0,0.0,0.0,product-catalog,1
2026-07-28 20:42:33,36.37916666666667,0.0,0.0,1.8941545136796436,0.0,0.0,0.0,product-catalog,1
2026-07-28 20:47:33,34.225,0.0,0.0,1.8991907514450868,0.0,0.0,0.0,product-catalog,1
2026-07-28 20:52:33,36.145833333333336,0.0,0.0,1.9045005488474205,0.0,0.0,0.0,product-catalog,1
2026-07-28 20:57:33,35.99999999999999,0.0,0.0,1.90122249388753,0.0,0.0,0.0,product-catalog,1
2026-07-28 21:02:33,34.46666666666667,0.0,0.0,1.9334631865991432,0.0,0.0,0.0,product-catalog,1
2026-07-28 21:07:33,34.962645677690325,0.0,0.0,1.9109058704453443,0.0,0.0,0.0,product-catalog,1
2026-07-28 21:12:33,35.970983212430056,0.0,0.0,1.903871600098016,0.0,0.0,0.0,product-catalog,1
2026-07-28 21:17:33,36.19568251798952,0.0,0.0,1.9178952532810007,0.0,0.0,0.0,product-catalog,1
2026-07-28 21:22:33,35.02916666666667,0.0,0.0,1.9306710895636645,0.0,0.0,0.0,product-catalog,1
2026-07-28 21:27:33,36.37068178882589,0.0,0.0,1.9126232501521607,0.0,0.0,0.0,product-catalog,1
2026-07-28 21:32:33,33.22866081640965,0.0,0.0,1.9048922495232288,0.0,0.0,0.0,product-catalog,1
2026-07-28 21:37:33,35.725,0.0,0.0,1.956789653860784,0.0,0.0,0.0,product-catalog,1
2026-07-28 21:42:33,34.8875,0.0,0.0,1.934959558351521,0.0,0.0,0.0,product-catalog,1
2026-07-28 21:47:33,36.275,0.0,0.0,1.9239779005524864,0.0,0.0,0.0,product-catalog,1
2026-07-28 21:52:33,26.741666666666664,0.0,0.0,1.945503536544291,0.0,0.0,0.0,product-catalog,1
2026-07-28 21:57:33,29.504166666666663,0.0,0.0,1.915221637866266,0.0,0.0,0.0,product-catalog,1
2026-07-28 22:02:33,45.10833333333333,0.0,0.0,1.9494597839135657,0.0,0.0,0.0,product-catalog,1
2026-07-28 22:07:33,88.81969504166666,0.0,0.0,1.946899494698679,0.0,0.0,0.0,product-catalog,1
2026-07-28 22:12:33,108.65164690485511,0.0,0.0,1.971346073830728,0.0,0.0,0.0,product-catalog,1
2026-07-28 22:17:33,31.370833333333334,0.0,0.0,1.9787122207621552,0.0,0.0,0.0,product-catalog,1
2026-07-28 22:22:33,4.774980104249567,0.0,0.0,2.417647058823529,0.0,0.0,0.0,product-catalog,1
2026-07-28 22:27:33,4.683333333333334,0.0,0.0,1.9585672797676676,0.0,0.0,0.0,product-catalog,1
2026-07-28 22:32:33,4.712519635498481,0.0,0.0,1.91875589066918,0.0,0.0,0.0,product-catalog,1
2026-07-28 22:37:33,4.616666666666667,0.0,0.0,1.8674157303370784,0.0,0.0,0.0,product-catalog,1
2026-07-28 22:42:33,4.8416868403618345,0.0,0.0,2.270085470085471,0.0,0.0,0.0,product-catalog,1
2026-07-28 22:47:33,5.275,0.0,0.0,2.1566666666666663,0.0,0.0,0.0,product-catalog,1
2026-07-28 22:52:33,4.495852066050275,0.0,0.0,1.9097345132743364,0.0,0.0,0.0,product-catalog,1
2026-07-28 22:57:33,4.418398141130662,0.0,0.0,3.011687280361288,0.0,0.0,0.0,product-catalog,1
2026-07-28 23:02:33,4.808329270916812,0.0,0.0,3.1322070944518496,0.0,0.0,0.0,product-catalog,1
2026-07-28 23:07:33,4.416673802113064,0.0,0.0,3.0408182511634467,0.0,0.0,0.0,product-catalog,1
2026-07-28 23:12:33,4.704171579942781,0.0,0.0,2.888765316027578,0.0,0.0,0.0,product-catalog,1
2026-07-28 23:17:33,4.720833333333333,0.0,0.0,3.1461847389558244,0.0,0.0,0.0,product-catalog,1
2026-07-28 23:22:33,4.587519114662978,0.0,0.0,3.150420168067229,0.0,0.0,0.0,product-catalog,1
2026-07-28 23:27:33,4.729146961887659,0.0,0.0,3.1074766355140198,0.0,0.0,0.0,product-catalog,1
2026-07-28 23:32:33,4.904174392393301,0.0,0.0,3.4421065004622227,0.0,0.0,0.0,product-catalog,1
2026-07-28 23:37:33,4.022884116075408,0.0,0.0,3.213087877366092,0.0,0.0,0.0,product-catalog,1
2026-07-28 23:42:33,5.029166666666667,0.0,0.0,3.217037037037037,0.0,0.0,0.0,product-catalog,1
2026-07-28 23:47:33,4.883312986195891,0.0,0.0,3.2805860805860814,0.0,0.0,0.0,product-catalog,1
