timestamp,rps,error_rate,client_error_rate,latency_p90,cpu_usage,memory_usage,kafka_lag,service,label
2026-07-21 23:47:38,0.2560542543846492,0.0,0.0,0.0,0.0190058804366246,0.0829453125,0.0,recommendation,1
2026-07-21 23:52:38,0.2560542543846492,0.0,0.0,0.0,0.0190058804366246,0.0829453125,0.0,recommendation,1
2026-07-21 23:57:38,0.2560542543846492,0.0,0.0,0.0,0.0190058804366246,0.0829453125,0.0,recommendation,1
2026-07-22 00:02:38,0.2560542543846492,0.0,0.0,0.0,0.0190058804366246,0.0829453125,0.0,recommendation,1
2026-07-22 00:07:38,0.2560542543846492,0.0,0.0,0.0,0.0190058804366246,0.0829453125,0.0,recommendation,1
2026-07-22 00:12:38,0.2560542543846492,0.0,0.0,0.0,0.0190058804366246,0.0829453125,0.0,recommendation,1
2026-07-22 00:17:38,0.2560542543846492,0.0,0.0,0.0,0.0190058804366246,0.0829453125,0.0,recommendation,1
2026-07-22 00:22:38,0.2560542543846492,0.0,0.0,0.0,0.0190058804366246,0.0829453125,0.0,recommendation,1
2026-07-22 00:27:38,0.2560542543846492,0.0,0.0,0.0,0.0190058804366246,0.0829453125,0.0,recommendation,1
2026-07-22 00:32:38,0.2560542543846492,0.0,0.0,0.0,0.0190058804366246,0.0829453125,0.0,recommendation,1
2026-07-22 00:37:38,0.2560542543846492,0.0,0.0,0.0,0.0190058804366246,0.0829453125,0.0,recommendation,1
2026-07-22 00:42:38,0.2560542543846492,0.0,0.0,0.0,0.0190058804366246,0.0829453125,0.0,recommendation,1
2026-07-22 00:47:38,0.2560542543846492,0.0,0.0,0.0,0.0190058804366246,0.0829453125,0.0,recommendation,1
2026-07-22 00:52:38,0.2560542543846492,0.0,0.0,0.0,0.0190058804366246,0.0829453125,0.0,recommendation,1
2026-07-22 00:57:38,0.2560542543846492,0.0,0.0,0.0,0.0190058804366246,0.0829453125,0.0,recommendation,1
2026-07-22 01:02:38,0.2560542543846492,0.0,0.0,0.0,0.0190058804366246,0.0829453125,0.0,recommendation,1
2026-07-22 01:07:38,0.2560542543846492,0.0,0.0,0.0,0.0190058804366246,0.0829453125,0.0,recommendation,1
2026-07-22 01:12:38,0.2560542543846492,0.0,0.0,0.0,0.0190058804366246,0.0829453125,0.0,recommendation,1
2026-07-22 01:17:38,0.2560542543846492,0.0,0.0,0.0,0.0190058804366246,0.0829453125,0.0,recommendation,1
2026-07-22 01:22:38,0.2560542543846492,0.0,0.0,0.0,0.0190058804366246,0.0829453125,0.0,recommendation,1
2026-07-22 01:27:38,0.2560542543846492,0.0,0.0,0.0,0.0190058804366246,0.0829453125,0.0,recommendation,1
2026-07-22 01:32:38,0.2560542543846492,0.0,0.0,0.0,0.0190058804366246,0.0829453125,0.0,recommendation,1
2026-07-22 01:37:38,0.2560542543846492,0.0,0.0,0.0,0.0190058804366246,0.0829453125,0.0,recommendation,1
2026-07-22 01:42:38,0.2560542543846492,0.0,0.0,0.0,0.0190058804366246,0.0829453125,0.0,recommendation,1
2026-07-22 01:47:38,0.2560542543846492,0.0,0.0,0.0,0.0190058804366246,0.0829453125,0.0,recommendation,1
2026-07-22 01:52:38,0.2560542543846492,0.0,0.0,0.0,0.0190058804366246,0.0829453125,0.0,recommendation,1
2026-07-22 01:57:38,0.2560542543846492,0.0,0.0,0.0,0.0190058804366246,0.0829453125,0.0,recommendation,1
2026-07-22 02:02:38,0.2560542543846492,0.0,0.0,0.0,0.0190058804366246,0.0829453125,0.0,recommendation,1
2026-07-22 02:07:38,0.2560542543846492,0.0,0.0,0.0,0.0190058804366246,0.0829453125,0.0,recommendation,1
2026-07-22 02:12:38,0.2560542543846492,0.0,0.0,0.0,0.0190058804366246,0.0829453125,0.0,recommendation,1
2026-07-22 02:17:38,0.2560542543846492,0.0,0.0,0.0,0.0190058804366246,0.0829453125,0.0,recommendation,1
2026-07-22 02:22:38,0.2560542543846492,0.0,0.0,0.0,0.0190058804366246,0.0829453125,0.0,recommendation,1
2026-07-22 02:27:38,0.2560542543846492,0.0,0.0,0.0,0.0190058804366246,0.0829453125,0.0,recommendation,1
2026-07-22 02:32:38,0.2560542543846492,0.0,0.0,0.0,0.0190058804366246,0.0829453125,0.0,recommendation,1
2026-07-22 02:37:38,0.2560542543846492,0.0,0.0,0.0,0.0190058804366246,0.0829453125,0.0,recommendation,1
2026-07-22 02:42:38,0.2560542543846492,0.0,0.0,0.0,0.0190058804366246,0.0829453125,0.0,recommendation,1
2026-07-22 02:47:38,0.2560542543846492,0.0,0.0,0.0,0.0190058804366246,0.0829453125,0.0,recommendation,1
2026-07-22 02:52:38,0.2560542543846492,0.0,0.0,0.0,0.0190058804366246,0.0829453125,0.0,recommendation,1
2026-07-22 02:57:38,0.2560542543846492,0.0,0.0,0.0,0.0190058804366246,0.0829453125,0.0,recommendation,1
2026-07-22 03:02:38,0.2560542543846492,0.0,0.0,0.0,0.0190058804366246,0.0829453125,0.0,recommendation,1
2026-07-22 03:07:38,0.2560542543846492,0.0,0.0,0.0,0.0190058804366246,0.0829453125,0.0,recommendation,1
2026-07-22 03:12:38,0.2560542543846492,0.0,0.0,0.0,0.0190058804366246,0.0829453125,0.0,recommendation,1
2026-07-22 03:17:38,0.2560542543846492,0.0,0.0,0.0,0.0190058804366246,0.0829453125,0.0,recommendation,1
2026-07-22 03:22:38,0.2560542543846492,0.0,0.0,0.0,0.0190058804366246,0.0829453125,0.0,recommendation,1
2026-07-22 03:27:38,0.2560542543846492,0.0,0.0,0.0,0.0190058804366246,0.0829453125,0.0,recommendation,1
2026-07-22 03:32:38,0.2560542543846492,0.0,0.0,0.0,0.0190058804366246,0.0829453125,0.0,recommendation,1
2026-07-22 03:37:38,0.2560542543846492,0.0,0.0,0.0,0.0190058804366246,0.0829453125,0.0,recommendation,1
2026-07-22 03:42:38,0.2560542543846492,0.0,0.0,0.0,0.0190058804366246,0.0829453125,0.0,recommendation,1
2026-07-22 03:47:38,0.2560542543846492,0.0,0.0,0.0,0.0190058804366246,0.0829453125,0.0,recommendation,1
2026-07-22 03:52:38,0.2560542543846492,0.0,0.0,0.0,0.0190058804366246,0.0829453125,0.0,recommendation,1
2026-07-22 03:57:38,0.2560542543846492,0.0,0.0,0.0,0.0190058804366246,0.0829453125,0.0,recommendation,1
2026-07-22 04:02:38,0.2560542543846492,0.0,0.0,0.0,0.0190058804366246,0.0829453125,0.0,recommendation,1
2026-07-22 04:07:38,0.2560542543846492,0.0,0.0,0.0,0.0190058804366246,0.0829453125,0.0,recommendation,1
2026-07-22 04:12:38,0.2560542543846492,0.0,0.0,0.0,0.0190058804366246,0.0829453125,0.0,recommendation,1
2026-07-22 04:17:38,0.2560542543846492,0.0,0.0,0.0,0.0190058804366246,0.0829453125,0.0,recommendation,1
2026-07-22 04:22:38,0.2560542543846492,0.0,0.0,0.0,0.0190058804366246,0.0829453125,0.0,recommendation,1
2026-07-22 04:27:38,0.2560542543846492,0.0,0.0,0.0,0.0190058804366246,0.0829453125,0.0,recommendation,1
2026-07-22 04:32:38,0.2560542543846492,0.0,0.0,0.0,0.0190058804366246,0.0829453125,0.0,recommendation,1
2026-07-22 04:37:38,0.2560542543846492,0.0,0.0,0.0,0.0190058804366246,0.0829453125,0.0,recommendation,1
2026-07-22 04:42:38,0.2560542543846492,0.0,0.0,0.0,0.0190058804366246,0.0829453125,0.0,recommendation,1
2026-07-22 04:47:38,0.2560542543846492,0.0,0.0,0.0,0.0190058804366246,0.0829453125,0.0,recommendation,1
2026-07-22 04:52:38,0.2560542543846492,0.0,0.0,0.0,0.0190058804366246,0.0829453125,0.0,recommendation,1
2026-07-22 04:57:38,0.2560542543846492,0.0,0.0,0.0,0.0190058804366246,0.0829453125,0.0,recommendation,1
2026-07-22 05:02:38,0.2560542543846492,0.0,0.0,0.0,0.0190058804366246,0.0829453125,0.0,recommendation,1
2026-07-22 05:07:38,0.2560542543846492,0.0,0.0,0.0,0.0190058804366246,0.0829453125,0.0,recommendation,1
2026-07-22 05:12:38,0.2560542543846492,0.0,0.0,0.0,0.0190058804366246,0.0829453125,0.0,recommendation,1
2026-07-22 05:17:38,0.2560542543846492,0.0,0.0,0.0,0.0190058804366246,0.0829453125,0.0,recommendation,1
2026-07-22 05:22:38,0.2560542543846492,0.0,0.0,0.0,0.0190058804366246,0.0829453125,0.0,recommendation,1
2026-07-22 05:27:38,0.2560542543846492,0.0,0.0,0.0,0.0190058804366246,0.0829453125,0.0,recommendation,1
2026-07-22 05:32:38,0.2560542543846492,0.0,0.0,0.0,0.0190058804366246,0.0829453125,0.0,recommendation,1
2026-07-22 05:37:38,0.2560542543846492,0.0,0.0,0.0,0.0190058804366246,0.0829453125,0.0,recommendation,1
2026-07-22 05:42:38,0.2560542543846492,0.0,0.0,0.0,0.0190058804366246,0.0829453125,0.0,recommendation,1
2026-07-22 05:47:38,0.2560542543846492,0.0,0.0,0.0,0.0190058804366246,0.0829453125,0.0,recommendation,1
2026-07-22 05:52:38,0.2560542543846492,0.0,0.0,0.0,0.0190058804366246,0.0829453125,0.0,recommendation,1
2026-07-22 05:57:38,0.2560542543846492,0.0,0.0,0.0,0.0190058804366246,0.0829453125,0.0,recommendation,1
2026-07-22 06:02:38,0.2560542543846492,0.0,0.0,0.0,0.0190058804366246,0.0829453125,0.0,recommendation,1
2026-07-22 06:07:38,0.2560542543846492,0.0,0.0,0.0,0.0190058804366246,0.0829453125,0.0,recommendation,1
2026-07-22 06:12:38,0.2560542543846492,0.0,0.0,0.0,0.0190058804366246,0.0829453125,0.0,recommendation,1
2026-07-22 06:17:38,0.2560542543846492,0.0,0.0,0.0,0.0190058804366246,0.0829453125,0.0,recommendation,1
2026-07-22 06:22:38,0.2560542543846492,0.0,0.0,0.0,0.0190058804366246,0.0829453125,0.0,recommendation,1
2026-07-22 06:27:38,0.2560542543846492,0.0,0.0,0.0,0.0190058804366246,0.0829453125,0.0,recommendation,1
2026-07-22 06:32:38,0.2560542543846492,0.0,0.0,0.0,0.0190058804366246,0.0829453125,0.0,recommendation,1
2026-07-22 06:37:38,0.2560542543846492,0.0,0.0,0.0,0.0190058804366246,0.0829453125,0.0,recommendation,1
2026-07-22 06:42:38,0.2560542543846492,0.0,0.0,0.0,0.0190058804366246,0.0829453125,0.0,recommendation,1
2026-07-22 06:47:38,0.2560542543846492,0.0,0.0,0.0,0.0190058804366246,0.0829453125,0.0,recommendation,1
2026-07-22 06:52:38,0.2560542543846492,0.0,0.0,0.0,0.0190058804366246,0.0829453125,0.0,recommendation,1
2026-07-22 06:57:38,0.2560542543846492,0.0,0.0,0.0,0.0190058804366246,0.0829453125,0.0,recommendation,1
2026-07-22 07:02:38,0.2560542543846492,0.0,0.0,0.0,0.0190058804366246,0.0829453125,0.0,recommendation,1
2026-07-22 07:07:38,0.2560542543846492,0.0,0.0,0.0,0.0190058804366246,0.0829453125,0.0,recommendation,1
2026-07-22 07:12:38,0.2560542543846492,0.0,0.0,0.0,0.0190058804366246,0.0829453125,0.0,recommendation,1
2026-07-22 07:17:38,0.2560542543846492,0.0,0.0,0.0,0.0190058804366246,0.0829453125,0.0,recommendation,1
2026-07-22 07:22:38,0.2560542543846492,0.0,0.0,0.0,0.0190058804366246,0.0829453125,0.0,recommendation,1
2026-07-22 07:27:38,0.2560542543846492,0.0,0.0,0.0,0.0190058804366246,0.0829453125,0.0,recommendation,1
2026-07-22 07:32:38,0.2560542543846492,0.0,0.0,0.0,0.0190058804366246,0.0829453125,0.0,recommendation,1
2026-07-22 07:37:38,0.2560542543846492,0.0,0.0,0.0,0.0190058804366246,0.0829453125,0.0,recommendation,1
2026-07-22 07:42:38,0.2560542543846492,0.0,0.0,0.0,0.0190058804366246,0.0829453125,0.0,recommendation,1
2026-07-22 07:47:38,0.2560542543846492,0.0,0.0,0.0,0.0190058804366246,0.0829453125,0.0,recommendation,1
2026-07-22 07:52:38,0.2560542543846492,0.0,0.0,0.0,0.0190058804366246,0.0829453125,0.0,recommendation,1
2026-07-22 07:57:38,0.2560542543846492,0.0,0.0,0.0,0.0190058804366246,0.0829453125,0.0,recommendation,1
2026-07-22 08:02:38,0.2560542543846492,0.0,0.0,0.0,0.0190058804366246,0.0829453125,0.0,recommendation,1
2026-07-22 08:07:38,0.2560542543846492,0.0,0.0,0.0,0.0190058804366246,0.0829453125,0.0,recommendation,1
2026-07-22 08:12:38,0.2560542543846492,0.0,0.0,0.0,0.0190058804366246,0.0829453125,0.0,recommendation,1
2026-07-22 08:17:38,0.2560542543846492,0.0,0.0,0.0,0.0190058804366246,0.0829453125,0.0,recommendation,1
2026-07-22 08:22:38,0.2560542543846492,0.0,0.0,0.0,0.0190058804366246,0.0829453125,0.0,recommendation,1
2026-07-22 08:27:38,0.2560542543846492,0.0,0.0,0.0,0.0190058804366246,0.0829453125,0.0,recommendation,1
2026-07-22 08:32:38,0.2560542543846492,0.0,0.0,0.0,0.0190058804366246,0.0829453125,0.0,recommendation,1
2026-07-22 08:37:38,0.2560542543846492,0.0,0.0,0.0,0.0190058804366246,0.0829453125,0.0,recommendation,1
2026-07-22 08:42:38,0.2560542543846492,0.0,0.0,0.0,0.0190058804366246,0.0829453125,0.0,recommendation,1
2026-07-22 08:47:38,0.2560542543846492,0.0,0.0,0.0,0.0190058804366246,0.0829453125,0.0,recommendation,1
2026-07-22 08:52:38,0.2560542543846492,0.0,0.0,0.0,0.0190058804366246,0.0829453125,0.0,recommendation,1
2026-07-22 08:57:38,0.2560542543846492,0.0,0.0,0.0,0.0190058804366246,0.0829453125,0.0,recommendation,1
2026-07-22 09:02:38,0.2560542543846492,0.0,0.0,0.0,0.0190058804366246,0.0829453125,0.0,recommendation,1
2026-07-22 09:07:38,0.2560542543846492,0.0,0.0,0.0,0.0190058804366246,0.0829453125,0.0,recommendation,1
2026-07-22 09:12:38,0.2560542543846492,0.0,0.0,0.0,0.0190058804366246,0.0829453125,0.0,recommendation,1
2026-07-22 09:17:38,0.2560542543846492,0.0,0.0,0.0,0.0190058804366246,0.0829453125,0.0,recommendation,1
2026-07-22 09:22:38,0.2560542543846492,0.0,0.0,0.0,0.0190058804366246,0.0829453125,0.0,recommendation,1
2026-07-22 09:27:38,0.2560542543846492,0.0,0.0,0.0,0.0190058804366246,0.0829453125,0.0,recommendation,1
2026-07-22 09:32:38,0.2560542543846492,0.0,0.0,0.0,0.0190058804366246,0.0829453125,0.0,recommendation,1
2026-07-22 09:37:38,0.2560542543846492,0.0,0.0,0.0,0.0190058804366246,0.0829453125,0.0,recommendation,1
2026-07-22 09:42:38,0.2560542543846492,0.0,0.0,0.0,0.0190058804366246,0.0829453125,0.0,recommendation,1
2026-07-22 09:47:38,0.2560542543846492,0.0,0.0,0.0,0.0190058804366246,0.0829453125,0.0,recommendation,1
2026-07-22 09:52:38,0.2560542543846492,0.0,0.0,0.0,0.0190058804366246,0.0829453125,0.0,recommendation,1
2026-07-22 09:57:38,0.2560542543846492,0.0,0.0,0.0,0.0190058804366246,0.0829453125,0.0,recommendation,1
2026-07-22 10:02:38,0.2560542543846492,0.0,0.0,0.0,0.0190058804366246,0.0829453125,0.0,recommendation,1
2026-07-22 10:07:38,0.2560542543846492,0.0,0.0,0.0,0.0190058804366246,0.0829453125,0.0,recommendation,1
2026-07-22 10:12:38,0.2560542543846492,0.0,0.0,0.0,0.0190058804366246,0.0829453125,0.0,recommendation,1
2026-07-22 10:17:38,0.2560542543846492,0.0,0.0,0.0,0.0190058804366246,0.0829453125,0.0,recommendation,1
2026-07-22 10:22:38,0.2560542543846492,0.0,0.0,0.0,0.0190058804366246,0.0829453125,0.0,recommendation,1
2026-07-22 10:27:38,0.2560542543846492,0.0,0.0,0.0,0.0190058804366246,0.0829453125,0.0,recommendation,1
2026-07-22 10:32:38,0.2560542543846492,0.0,0.0,0.0,0.0190058804366246,0.0829453125,0.0,recommendation,1
2026-07-22 10:37:38,0.2560542543846492,0.0,0.0,0.0,0.0190058804366246,0.0829453125,0.0,recommendation,1
2026-07-22 10:42:38,0.2560542543846492,0.0,0.0,0.0,0.0190058804366246,0.0829453125,0.0,recommendation,1
2026-07-22 10:47:38,0.2560542543846492,0.0,0.0,0.0,0.0190058804366246,0.0829453125,0.0,recommendation,1
2026-07-22 10:52:38,0.2560542543846492,0.0,0.0,0.0,0.0190058804366246,0.0829453125,0.0,recommendation,1
2026-07-22 10:57:38,0.2560542543846492,0.0,0.0,0.0,0.0190058804366246,0.0829453125,0.0,recommendation,1
2026-07-22 11:02:38,0.2560542543846492,0.0,0.0,0.0,0.0190058804366246,0.0829453125,0.0,recommendation,1
2026-07-22 11:07:38,0.2560542543846492,0.0,0.0,0.0,0.0190058804366246,0.0829453125,0.0,recommendation,1
2026-07-22 11:12:38,0.2560542543846492,0.0,0.0,0.0,0.0190058804366246,0.0829453125,0.0,recommendation,1
2026-07-22 11:17:38,0.2560542543846492,0.0,0.0,0.0,0.0190058804366246,0.0829453125,0.0,recommendation,1
2026-07-22 11:22:38,0.2560542543846492,0.0,0.0,0.0,0.0190058804366246,0.0829453125,0.0,recommendation,1
2026-07-22 11:27:38,0.2560542543846492,0.0,0.0,0.0,0.0190058804366246,0.0829453125,0.0,recommendation,1
2026-07-22 11:32:38,0.2560542543846492,0.0,0.0,0.0,0.0190058804366246,0.0829453125,0.0,recommendation,1
2026-07-22 11:37:38,0.2560542543846492,0.0,0.0,0.0,0.0190058804366246,0.0829453125,0.0,recommendation,1
2026-07-22 11:42:38,0.2560542543846492,0.0,0.0,0.0,0.0190058804366246,0.0829453125,0.0,recommendation,1
2026-07-22 11:47:38,0.2560542543846492,0.0,0.0,0.0,0.0190058804366246,0.0829453125,0.0,recommendation,1
2026-07-22 11:52:38,0.2560542543846492,0.0,0.0,0.0,0.0190058804366246,0.0829453125,0.0,recommendation,1
2026-07-22 11:57:38,0.2560542543846492,0.0,0.0,0.0,0.0190058804366246,0.0829453125,0.0,recommendation,1
2026-07-22 12:02:38,0.2560542543846492,0.0,0.0,0.0,0.0190058804366246,0.0829453125,0.0,recommendation,1
2026-07-22 12:07:38,0.2560542543846492,0.0,0.0,0.0,0.0190058804366246,0.0829453125,0.0,recommendation,1
2026-07-22 12:12:38,0.2560542543846492,0.0,0.0,0.0,0.0190058804366246,0.0829453125,0.0,recommendation,1
2026-07-22 12:17:38,0.2560542543846492,0.0,0.0,0.0,0.0190058804366246,0.0829453125,0.0,recommendation,1
2026-07-22 12:22:38,0.2560542543846492,0.0,0.0,0.0,0.0190058804366246,0.0829453125,0.0,recommendation,1
2026-07-22 12:27:38,0.2560542543846492,0.0,0.0,0.0,0.0190058804366246,0.0829453125,0.0,recommendation,1
2026-07-22 12:32:38,0.2560542543846492,0.0,0.0,0.0,0.0190058804366246,0.0829453125,0.0,recommendation,1
2026-07-22 12:37:38,0.2560542543846492,0.0,0.0,0.0,0.0190058804366246,0.0829453125,0.0,recommendation,1
2026-07-22 12:42:38,0.2560542543846492,0.0,0.0,0.0,0.0190058804366246,0.0829453125,0.0,recommendation,1
2026-07-22 12:47:38,0.2560542543846492,0.0,0.0,0.0,0.0190058804366246,0.0829453125,0.0,recommendation,1
2026-07-22 12:52:38,0.2560542543846492,0.0,0.0,0.0,0.0190058804366246,0.0829453125,0.0,recommendation,1
2026-07-22 12:57:38,0.2560542543846492,0.0,0.0,0.0,0.0190058804366246,0.0829453125,0.0,recommendation,1
2026-07-22 13:02:38,0.2560542543846492,0.0,0.0,0.0,0.0190058804366246,0.0829453125,0.0,recommendation,1
2026-07-22 13:07:38,0.2560542543846492,0.0,0.0,0.0,0.0190058804366246,0.0829453125,0.0,recommendation,1
2026-07-22 13:12:38,0.2560542543846492,0.0,0.0,0.0,0.0190058804366246,0.0829453125,0.0,recommendation,1
2026-07-22 13:17:38,0.2560542543846492,0.0,0.0,0.0,0.0190058804366246,0.0829453125,0.0,recommendation,1
2026-07-22 13:22:38,0.2560542543846492,0.0,0.0,0.0,0.0190058804366246,0.0829453125,0.0,recommendation,1
2026-07-22 13:27:38,0.2560542543846492,0.0,0.0,0.0,0.0190058804366246,0.0829453125,0.0,recommendation,1
2026-07-22 13:32:38,0.2560542543846492,0.0,0.0,0.0,0.0190058804366246,0.0829453125,0.0,recommendation,1
2026-07-22 13:37:38,0.2560542543846492,0.0,0.0,0.0,0.0190058804366246,0.0829453125,0.0,recommendation,1
2026-07-22 13:42:38,0.2560542543846492,0.0,0.0,0.0,0.0190058804366246,0.0829453125,0.0,recommendation,1
2026-07-22 13:47:38,0.2560542543846492,0.0,0.0,0.0,0.0190058804366246,0.0829453125,0.0,recommendation,1
2026-07-22 13:52:38,0.2560542543846492,0.0,0.0,0.0,0.0190058804366246,0.0829453125,0.0,recommendation,1
2026-07-22 13:57:38,0.2560542543846492,0.0,0.0,0.0,0.0190058804366246,0.0829453125,0.0,recommendation,1
2026-07-22 14:02:38,0.2560542543846492,0.0,0.0,0.0,0.0190058804366246,0.0829453125,0.0,recommendation,1
2026-07-22 14:07:38,0.2560542543846492,0.0,0.0,0.0,0.0190058804366246,0.0829453125,0.0,recommendation,1
2026-07-22 14:12:38,0.2560542543846492,0.0,0.0,0.0,0.0190058804366246,0.0829453125,0.0,recommendation,1
2026-07-22 14:17:38,0.2560542543846492,0.0,0.0,0.0,0.0190058804366246,0.0829453125,0.0,recommendation,1
2026-07-22 14:22:38,0.2560542543846492,0.0,0.0,0.0,0.0190058804366246,0.0829453125,0.0,recommendation,1
2026-07-22 14:27:38,0.2560542543846492,0.0,0.0,0.0,0.0190058804366246,0.0829453125,0.0,recommendation,1
2026-07-22 14:32:38,0.2560542543846492,0.0,0.0,0.0,0.0190058804366246,0.0829453125,0.0,recommendation,1
2026-07-22 14:37:38,0.2560542543846492,0.0,0.0,0.0,0.0190058804366246,0.0829453125,0.0,recommendation,1
2026-07-22 14:42:38,0.2560542543846492,0.0,0.0,0.0,0.0190058804366246,0.0829453125,0.0,recommendation,1
2026-07-22 14:47:38,0.2560542543846492,0.0,0.0,0.0,0.0190058804366246,0.0829453125,0.0,recommendation,1
2026-07-22 14:52:38,0.2560542543846492,0.0,0.0,0.0,0.0190058804366246,0.0829453125,0.0,recommendation,1
2026-07-22 14:57:38,0.2560542543846492,0.0,0.0,0.0,0.0190058804366246,0.0829453125,0.0,recommendation,1
2026-07-22 15:02:38,0.2560542543846492,0.0,0.0,0.0,0.0190058804366246,0.0829453125,0.0,recommendation,1
2026-07-22 15:07:38,0.2560542543846492,0.0,0.0,0.0,0.0190058804366246,0.0829453125,0.0,recommendation,1
2026-07-22 15:12:38,0.2560542543846492,0.0,0.0,0.0,0.0190058804366246,0.0829453125,0.0,recommendation,1
2026-07-22 15:17:38,0.2560542543846492,0.0,0.0,0.0,0.0190058804366246,0.0829453125,0.0,recommendation,1
2026-07-22 15:22:38,0.2560542543846492,0.0,0.0,0.0,0.0190058804366246,0.0829453125,0.0,recommendation,1
2026-07-22 15:27:38,0.2560542543846492,0.0,0.0,0.0,0.0190058804366246,0.0829453125,0.0,recommendation,1
2026-07-22 15:32:38,0.2560542543846492,0.0,0.0,0.0,0.0190058804366246,0.0829453125,0.0,recommendation,1
2026-07-22 15:37:38,0.2560542543846492,0.0,0.0,0.0,0.0190058804366246,0.0829453125,0.0,recommendation,1
2026-07-22 15:42:38,0.2560542543846492,0.0,0.0,0.0,0.0190058804366246,0.0829453125,0.0,recommendation,1
2026-07-22 15:47:38,0.2560542543846492,0.0,0.0,0.0,0.0190058804366246,0.0829453125,0.0,recommendation,1
2026-07-22 15:52:38,0.2560542543846492,0.0,0.0,0.0,0.0190058804366246,0.0829453125,0.0,recommendation,1
2026-07-22 15:57:38,0.2560542543846492,0.0,0.0,0.0,0.0190058804366246,0.0829453125,0.0,recommendation,1
2026-07-22 16:02:38,0.2560542543846492,0.0,0.0,0.0,0.0190058804366246,0.0829453125,0.0,recommendation,1
2026-07-22 16:07:38,0.2560542543846492,0.0,0.0,0.0,0.0190058804366246,0.0829453125,0.0,recommendation,1
2026-07-22 16:12:38,0.2560542543846492,0.0,0.0,0.0,0.0190058804366246,0.0829453125,0.0,recommendation,1
2026-07-22 16:17:38,0.2560542543846492,0.0,0.0,0.0,0.0190058804366246,0.0829453125,0.0,recommendation,1
2026-07-22 16:22:38,0.2560542543846492,0.0,0.0,0.0,0.0190058804366246,0.0829453125,0.0,recommendation,1
2026-07-22 16:27:38,0.2560542543846492,0.0,0.0,0.0,0.0190058804366246,0.0829453125,0.0,recommendation,1
2026-07-22 16:32:38,0.2560542543846492,0.0,0.0,0.0,0.0190058804366246,0.0829453125,0.0,recommendation,1
2026-07-22 16:37:38,0.2560542543846492,0.0,0.0,0.0,0.0190058804366246,0.0829453125,0.0,recommendation,1
2026-07-22 16:42:38,0.2560542543846492,0.0,0.0,0.0,0.0190058804366246,0.0829453125,0.0,recommendation,1
2026-07-22 16:47:38,0.2560542543846492,0.0,0.0,0.0,0.0190058804366246,0.0829453125,0.0,recommendation,1
2026-07-22 16:52:38,0.2560542543846492,0.0,0.0,0.0,0.0190058804366246,0.0829453125,0.0,recommendation,1
2026-07-22 16:57:38,0.2560542543846492,0.0,0.0,0.0,0.0190058804366246,0.0829453125,0.0,recommendation,1
2026-07-22 17:02:38,0.2560542543846492,0.0,0.0,0.0,0.0190058804366246,0.0829453125,0.0,recommendation,1
2026-07-22 17:07:38,0.2560542543846492,0.0,0.0,0.0,0.0190058804366246,0.0829453125,0.0,recommendation,1
2026-07-22 17:12:38,0.2560542543846492,0.0,0.0,0.0,0.0190058804366246,0.0829453125,0.0,recommendation,1
2026-07-22 17:17:38,0.2560542543846492,0.0,0.0,0.0,0.0190058804366246,0.0829453125,0.0,recommendation,1
2026-07-22 17:22:38,0.2560542543846492,0.0,0.0,0.0,0.0190058804366246,0.0829453125,0.0,recommendation,1
2026-07-22 17:27:38,0.2560542543846492,0.0,0.0,0.0,0.0190058804366246,0.0829453125,0.0,recommendation,1
2026-07-22 17:32:38,0.2560542543846492,0.0,0.0,0.0,0.0190058804366246,0.0829453125,0.0,recommendation,1
2026-07-22 17:37:38,0.2560542543846492,0.0,0.0,0.0,0.0190058804366246,0.0829453125,0.0,recommendation,1
2026-07-22 17:42:38,0.2560542543846492,0.0,0.0,0.0,0.0190058804366246,0.0829453125,0.0,recommendation,1
2026-07-22 17:47:38,0.2560542543846492,0.0,0.0,0.0,0.0190058804366246,0.0829453125,0.0,recommendation,1
2026-07-22 17:52:38,0.2560542543846492,0.0,0.0,0.0,0.0190058804366246,0.0829453125,0.0,recommendation,1
2026-07-22 17:57:38,0.2560542543846492,0.0,0.0,0.0,0.0190058804366246,0.0829453125,0.0,recommendation,1
2026-07-22 18:02:38,0.2560542543846492,0.0,0.0,0.0,0.0190058804366246,0.0829453125,0.0,recommendation,1
2026-07-22 18:07:38,0.2560542543846492,0.0,0.0,0.0,0.0190058804366246,0.0829453125,0.0,recommendation,1
2026-07-22 18:12:38,0.2560542543846492,0.0,0.0,0.0,0.0190058804366246,0.0829453125,0.0,recommendation,1
2026-07-22 18:17:38,0.2560542543846492,0.0,0.0,0.0,0.0190058804366246,0.0829453125,0.0,recommendation,1
2026-07-22 18:22:38,0.2560542543846492,0.0,0.0,0.0,0.0190058804366246,0.0829453125,0.0,recommendation,1
2026-07-22 18:27:38,0.2560542543846492,0.0,0.0,0.0,0.0190058804366246,0.0829453125,0.0,recommendation,1
2026-07-22 18:32:38,0.2560542543846492,0.0,0.0,0.0,0.0190058804366246,0.0829453125,0.0,recommendation,1
2026-07-22 18:37:38,0.2560542543846492,0.0,0.0,0.0,0.0190058804366246,0.0829453125,0.0,recommendation,1
2026-07-22 18:42:38,0.2560542543846492,0.0,0.0,0.0,0.0190058804366246,0.0829453125,0.0,recommendation,1
2026-07-22 18:47:38,0.2560542543846492,0.0,0.0,0.0,0.0190058804366246,0.0829453125,0.0,recommendation,1
2026-07-22 18:52:38,0.2560542543846492,0.0,0.0,0.0,0.0190058804366246,0.0829453125,0.0,recommendation,1
2026-07-22 18:57:38,0.2560542543846492,0.0,0.0,0.0,0.0190058804366246,0.0829453125,0.0,recommendation,1
2026-07-22 19:02:38,0.2560542543846492,0.0,0.0,0.0,0.0190058804366246,0.0829453125,0.0,recommendation,1
2026-07-22 19:07:38,0.2560542543846492,0.0,0.0,0.0,0.0190058804366246,0.0829453125,0.0,recommendation,1
2026-07-22 19:12:38,0.2560542543846492,0.0,0.0,0.0,0.0190058804366246,0.0829453125,0.0,recommendation,1
2026-07-22 19:17:38,0.2560542543846492,0.0,0.0,0.0,0.0190058804366246,0.0829453125,0.0,recommendation,1
2026-07-22 19:22:38,0.2560542543846492,0.0,0.0,0.0,0.0190058804366246,0.0829453125,0.0,recommendation,1
2026-07-22 19:27:38,0.2560542543846492,0.0,0.0,0.0,0.0190058804366246,0.0829453125,0.0,recommendation,1
2026-07-22 19:32:38,0.2560542543846492,0.0,0.0,0.0,0.0190058804366246,0.0829453125,0.0,recommendation,1
2026-07-22 19:37:38,0.2560542543846492,0.0,0.0,0.0,0.0190058804366246,0.0829453125,0.0,recommendation,1
2026-07-22 19:42:38,0.2560542543846492,0.0,0.0,0.0,0.0190058804366246,0.0829453125,0.0,recommendation,1
2026-07-22 19:47:38,0.2560542543846492,0.0,0.0,0.0,0.0190058804366246,0.0829453125,0.0,recommendation,1
2026-07-22 19:52:38,0.2560542543846492,0.0,0.0,0.0,0.0190058804366246,0.0829453125,0.0,recommendation,1
2026-07-22 19:57:38,0.2560542543846492,0.0,0.0,0.0,0.0190058804366246,0.0829453125,0.0,recommendation,1
2026-07-22 20:02:38,0.2560542543846492,0.0,0.0,0.0,0.0190058804366246,0.0829453125,0.0,recommendation,1
2026-07-22 20:07:38,0.2560542543846492,0.0,0.0,0.0,0.0190058804366246,0.0829453125,0.0,recommendation,1
2026-07-22 20:12:38,0.2560542543846492,0.0,0.0,0.0,0.0190058804366246,0.0829453125,0.0,recommendation,1
2026-07-22 20:17:38,0.2560542543846492,0.0,0.0,0.0,0.0190058804366246,0.0829453125,0.0,recommendation,1
2026-07-22 20:22:38,0.2560542543846492,0.0,0.0,0.0,0.0190058804366246,0.0829453125,0.0,recommendation,1
2026-07-22 20:27:38,0.2560542543846492,0.0,0.0,0.0,0.0190058804366246,0.0829453125,0.0,recommendation,1
2026-07-22 20:32:38,0.2560542543846492,0.0,0.0,0.0,0.0190058804366246,0.0829453125,0.0,recommendation,1
2026-07-22 20:37:38,0.2560542543846492,0.0,0.0,0.0,0.0190058804366246,0.0829453125,0.0,recommendation,1
2026-07-22 20:42:38,0.2560542543846492,0.0,0.0,0.0,0.0190058804366246,0.0829453125,0.0,recommendation,1
2026-07-22 20:47:38,0.2560542543846492,0.0,0.0,0.0,0.0190058804366246,0.0829453125,0.0,recommendation,1
2026-07-22 20:52:38,0.2560542543846492,0.0,0.0,0.0,0.0190058804366246,0.0829453125,0.0,recommendation,1
2026-07-22 20:57:38,0.2560542543846492,0.0,0.0,0.0,0.0190058804366246,0.0829453125,0.0,recommendation,1
2026-07-22 21:02:38,0.2560542543846492,0.0,0.0,0.0,0.0190058804366246,0.0829453125,0.0,recommendation,1
2026-07-22 21:07:38,0.2560542543846492,0.0,0.0,0.0,0.0190058804366246,0.0829453125,0.0,recommendation,1
2026-07-22 21:12:38,0.2560542543846492,0.0,0.0,0.0,0.0190058804366246,0.0829453125,0.0,recommendation,1
2026-07-22 21:17:38,0.2560542543846492,0.0,0.0,0.0,0.0190058804366246,0.0829453125,0.0,recommendation,1
2026-07-22 21:22:38,0.2560542543846492,0.0,0.0,0.0,0.0190058804366246,0.0829453125,0.0,recommendation,1
2026-07-22 21:27:38,0.2560542543846492,0.0,0.0,0.0,0.0190058804366246,0.0829453125,0.0,recommendation,1
2026-07-22 21:32:38,0.2560542543846492,0.0,0.0,0.0,0.0190058804366246,0.0829453125,0.0,recommendation,1
2026-07-22 21:37:38,0.2560542543846492,0.0,0.0,0.0,0.0190058804366246,0.0829453125,0.0,recommendation,1
2026-07-22 21:42:38,0.2560542543846492,0.0,0.0,0.0,0.0190058804366246,0.0829453125,0.0,recommendation,1
2026-07-22 21:47:38,0.2560542543846492,0.0,0.0,0.0,0.0190058804366246,0.0829453125,0.0,recommendation,1
2026-07-22 21:52:38,0.2560542543846492,0.0,0.0,0.0,0.0190058804366246,0.0829453125,0.0,recommendation,1
2026-07-22 21:57:38,0.2560542543846492,0.0,0.0,0.0,0.0190058804366246,0.0829453125,0.0,recommendation,1
2026-07-22 22:02:38,0.2560542543846492,0.0,0.0,0.0,0.0190058804366246,0.0829453125,0.0,recommendation,1
2026-07-22 22:07:38,0.2560542543846492,0.0,0.0,0.0,0.0190058804366246,0.0829453125,0.0,recommendation,1
2026-07-22 22:12:38,0.2560542543846492,0.0,0.0,0.0,0.0190058804366246,0.0829453125,0.0,recommendation,1
2026-07-22 22:17:38,0.2560542543846492,0.0,0.0,0.0,0.0190058804366246,0.0829453125,0.0,recommendation,1
2026-07-22 22:22:38,0.2560542543846492,0.0,0.0,0.0,0.0190058804366246,0.0829453125,0.0,recommendation,1
2026-07-22 22:27:38,0.2560542543846492,0.0,0.0,0.0,0.0190058804366246,0.0829453125,0.0,recommendation,1
2026-07-22 22:32:38,0.2560542543846492,0.0,0.0,0.0,0.0190058804366246,0.0829453125,0.0,recommendation,1
2026-07-22 22:37:38,0.2560542543846492,0.0,0.0,0.0,0.0190058804366246,0.0829453125,0.0,recommendation,1
2026-07-22 22:42:38,0.2560542543846492,0.0,0.0,0.0,0.0190058804366246,0.0829453125,0.0,recommendation,1
2026-07-22 22:47:38,0.2560542543846492,0.0,0.0,0.0,0.0190058804366246,0.0829453125,0.0,recommendation,1
2026-07-22 22:52:38,0.2560542543846492,0.0,0.0,0.0,0.0190058804366246,0.0829453125,0.0,recommendation,1
2026-07-22 22:57:38,0.2560542543846492,0.0,0.0,0.0,0.0190058804366246,0.0829453125,0.0,recommendation,1
2026-07-22 23:02:38,0.2560542543846492,0.0,0.0,0.0,0.0190058804366246,0.0829453125,0.0,recommendation,1
2026-07-22 23:07:38,0.2560542543846492,0.0,0.0,0.0,0.0190058804366246,0.0829453125,0.0,recommendation,1
2026-07-22 23:12:38,0.2560542543846492,0.0,0.0,0.0,0.0190058804366246,0.0829453125,0.0,recommendation,1
2026-07-22 23:17:38,0.2560542543846492,0.0,0.0,0.0,0.0190058804366246,0.0829453125,0.0,recommendation,1
2026-07-22 23:22:38,0.2560542543846492,0.0,0.0,0.0,0.0190058804366246,0.0829453125,0.0,recommendation,1
2026-07-22 23:27:38,0.2560542543846492,0.0,0.0,0.0,0.0190058804366246,0.0829453125,0.0,recommendation,1
2026-07-22 23:32:38,0.2560542543846492,0.0,0.0,0.0,0.0190058804366246,0.0829453125,0.0,recommendation,1
2026-07-22 23:37:38,0.2560542543846492,0.0,0.0,0.0,0.0190058804366246,0.0829453125,0.0,recommendation,1
2026-07-22 23:42:38,0.2560542543846492,0.0,0.0,0.0,0.0190058804366246,0.0829453125,0.0,recommendation,1
2026-07-22 23:47:38,0.2560542543846492,0.0,0.0,0.0,0.0190058804366246,0.0829453125,0.0,recommendation,1
2026-07-22 23:52:38,0.2560542543846492,0.0,0.0,0.0,0.0190058804366246,0.0829453125,0.0,recommendation,1
2026-07-22 23:57:38,0.2560542543846492,0.0,0.0,0.0,0.0190058804366246,0.0829453125,0.0,recommendation,1
2026-07-23 00:02:38,0.2560542543846492,0.0,0.0,0.0,0.0190058804366246,0.0829453125,0.0,recommendation,1
2026-07-23 00:07:38,0.2560542543846492,0.0,0.0,0.0,0.0190058804366246,0.0829453125,0.0,recommendation,1
2026-07-23 00:12:38,0.2560542543846492,0.0,0.0,0.0,0.0190058804366246,0.0829453125,0.0,recommendation,1
2026-07-23 00:17:38,0.2560542543846492,0.0,0.0,0.0,0.0190058804366246,0.0829453125,0.0,recommendation,1
2026-07-23 00:22:38,0.2560542543846492,0.0,0.0,0.0,0.0190058804366246,0.0829453125,0.0,recommendation,1
2026-07-23 00:27:38,0.2560542543846492,0.0,0.0,0.0,0.0190058804366246,0.0829453125,0.0,recommendation,1
2026-07-23 00:32:38,0.2560542543846492,0.0,0.0,0.0,0.0190058804366246,0.0829453125,0.0,recommendation,1
2026-07-23 00:37:38,0.2560542543846492,0.0,0.0,0.0,0.0190058804366246,0.0829453125,0.0,recommendation,1
2026-07-23 00:42:38,0.2560542543846492,0.0,0.0,0.0,0.0190058804366246,0.0829453125,0.0,recommendation,1
2026-07-23 00:47:38,0.2560542543846492,0.0,0.0,0.0,0.0190058804366246,0.0829453125,0.0,recommendation,1
2026-07-23 00:52:38,0.2560542543846492,0.0,0.0,0.0,0.0190058804366246,0.0829453125,0.0,recommendation,1
2026-07-23 00:57:38,0.2560542543846492,0.0,0.0,0.0,0.0190058804366246,0.0829453125,0.0,recommendation,1
2026-07-23 01:02:38,0.2560542543846492,0.0,0.0,0.0,0.0190058804366246,0.0829453125,0.0,recommendation,1
2026-07-23 01:07:38,0.2560542543846492,0.0,0.0,0.0,0.0190058804366246,0.0829453125,0.0,recommendation,1
2026-07-23 01:12:38,0.2560542543846492,0.0,0.0,0.0,0.0190058804366246,0.0829453125,0.0,recommendation,1
2026-07-23 01:17:38,0.2560542543846492,0.0,0.0,0.0,0.0190058804366246,0.0829453125,0.0,recommendation,1
2026-07-23 01:22:38,0.2560542543846492,0.0,0.0,0.0,0.0190058804366246,0.0829453125,0.0,recommendation,1
2026-07-23 01:27:38,0.2560542543846492,0.0,0.0,0.0,0.0190058804366246,0.0829453125,0.0,recommendation,1
2026-07-23 01:32:38,0.2560542543846492,0.0,0.0,0.0,0.0190058804366246,0.0829453125,0.0,recommendation,1
2026-07-23 01:37:38,0.2560542543846492,0.0,0.0,0.0,0.0190058804366246,0.0829453125,0.0,recommendation,1
2026-07-23 01:42:38,0.2560542543846492,0.0,0.0,0.0,0.0190058804366246,0.0829453125,0.0,recommendation,1
2026-07-23 01:47:38,0.2560542543846492,0.0,0.0,0.0,0.0190058804366246,0.0829453125,0.0,recommendation,1
2026-07-23 01:52:38,0.2560542543846492,0.0,0.0,0.0,0.0190058804366246,0.0829453125,0.0,recommendation,1
2026-07-23 01:57:38,0.2560542543846492,0.0,0.0,0.0,0.0190058804366246,0.0829453125,0.0,recommendation,1
2026-07-23 02:02:38,0.2560542543846492,0.0,0.0,0.0,0.0190058804366246,0.0829453125,0.0,recommendation,1
2026-07-23 02:07:38,0.2560542543846492,0.0,0.0,0.0,0.0190058804366246,0.0829453125,0.0,recommendation,1
2026-07-23 02:12:38,0.2560542543846492,0.0,0.0,0.0,0.0190058804366246,0.0829453125,0.0,recommendation,1
2026-07-23 02:17:38,0.2560542543846492,0.0,0.0,0.0,0.0190058804366246,0.0829453125,0.0,recommendation,1
2026-07-23 02:22:38,0.2560542543846492,0.0,0.0,0.0,0.0190058804366246,0.0829453125,0.0,recommendation,1
2026-07-23 02:27:38,0.2560542543846492,0.0,0.0,0.0,0.0190058804366246,0.0829453125,0.0,recommendation,1
2026-07-23 02:32:38,0.2560542543846492,0.0,0.0,0.0,0.0190058804366246,0.0829453125,0.0,recommendation,1
2026-07-23 02:37:38,0.2560542543846492,0.0,0.0,0.0,0.0190058804366246,0.0829453125,0.0,recommendation,1
2026-07-23 02:42:38,0.2560542543846492,0.0,0.0,0.0,0.0190058804366246,0.0829453125,0.0,recommendation,1
2026-07-23 02:47:38,0.2560542543846492,0.0,0.0,0.0,0.0190058804366246,0.0829453125,0.0,recommendation,1
2026-07-23 02:52:38,0.2560542543846492,0.0,0.0,0.0,0.0190058804366246,0.0829453125,0.0,recommendation,1
2026-07-23 02:57:38,0.2560542543846492,0.0,0.0,0.0,0.0190058804366246,0.0829453125,0.0,recommendation,1
2026-07-23 03:02:38,0.2560542543846492,0.0,0.0,0.0,0.0190058804366246,0.0829453125,0.0,recommendation,1
2026-07-23 03:07:38,0.2560542543846492,0.0,0.0,0.0,0.0190058804366246,0.0829453125,0.0,recommendation,1
2026-07-23 03:12:38,0.2560542543846492,0.0,0.0,0.0,0.0190058804366246,0.0829453125,0.0,recommendation,1
2026-07-23 03:17:38,0.2560542543846492,0.0,0.0,0.0,0.0190058804366246,0.0829453125,0.0,recommendation,1
2026-07-23 03:22:38,0.2560542543846492,0.0,0.0,0.0,0.0190058804366246,0.0829453125,0.0,recommendation,1
2026-07-23 03:27:38,0.2560542543846492,0.0,0.0,0.0,0.0190058804366246,0.0829453125,0.0,recommendation,1
2026-07-23 03:32:38,0.2560542543846492,0.0,0.0,0.0,0.0190058804366246,0.0829453125,0.0,recommendation,1
2026-07-23 03:37:38,0.2560542543846492,0.0,0.0,0.0,0.0190058804366246,0.0829453125,0.0,recommendation,1
2026-07-23 03:42:38,0.2560542543846492,0.0,0.0,0.0,0.0190058804366246,0.0829453125,0.0,recommendation,1
2026-07-23 03:47:38,0.2560542543846492,0.0,0.0,0.0,0.0190058804366246,0.0829453125,0.0,recommendation,1
2026-07-23 03:52:38,0.2560542543846492,0.0,0.0,0.0,0.0190058804366246,0.0829453125,0.0,recommendation,1
2026-07-23 03:57:38,0.2560542543846492,0.0,0.0,0.0,0.0190058804366246,0.0829453125,0.0,recommendation,1
2026-07-23 04:02:38,0.2560542543846492,0.0,0.0,0.0,0.0190058804366246,0.0829453125,0.0,recommendation,1
2026-07-23 04:07:38,0.2560542543846492,0.0,0.0,0.0,0.0190058804366246,0.0829453125,0.0,recommendation,1
2026-07-23 04:12:38,0.2560542543846492,0.0,0.0,0.0,0.0190058804366246,0.0829453125,0.0,recommendation,1
2026-07-23 04:17:38,0.2560542543846492,0.0,0.0,0.0,0.0190058804366246,0.0829453125,0.0,recommendation,1
2026-07-23 04:22:38,0.2560542543846492,0.0,0.0,0.0,0.0190058804366246,0.0829453125,0.0,recommendation,1
2026-07-23 04:27:38,0.2560542543846492,0.0,0.0,0.0,0.0190058804366246,0.0829453125,0.0,recommendation,1
2026-07-23 04:32:38,0.2560542543846492,0.0,0.0,0.0,0.0190058804366246,0.0829453125,0.0,recommendation,1
2026-07-23 04:37:38,0.2560542543846492,0.0,0.0,0.0,0.0190058804366246,0.0829453125,0.0,recommendation,1
2026-07-23 04:42:38,0.2560542543846492,0.0,0.0,0.0,0.0190058804366246,0.0829453125,0.0,recommendation,1
2026-07-23 04:47:38,0.2560542543846492,0.0,0.0,0.0,0.0190058804366246,0.0829453125,0.0,recommendation,1
2026-07-23 04:52:38,0.2560542543846492,0.0,0.0,0.0,0.0190058804366246,0.0829453125,0.0,recommendation,1
2026-07-23 04:57:38,0.2560542543846492,0.0,0.0,0.0,0.0190058804366246,0.0829453125,0.0,recommendation,1
2026-07-23 05:02:38,0.2560542543846492,0.0,0.0,0.0,0.0190058804366246,0.0829453125,0.0,recommendation,1
2026-07-23 05:07:38,0.2560542543846492,0.0,0.0,0.0,0.0190058804366246,0.0829453125,0.0,recommendation,1
2026-07-23 05:12:38,0.2560542543846492,0.0,0.0,0.0,0.0190058804366246,0.0829453125,0.0,recommendation,1
2026-07-23 05:17:38,0.2560542543846492,0.0,0.0,0.0,0.0190058804366246,0.0829453125,0.0,recommendation,1
2026-07-23 05:22:38,0.2560542543846492,0.0,0.0,0.0,0.0190058804366246,0.0829453125,0.0,recommendation,1
2026-07-23 05:27:38,0.2560542543846492,0.0,0.0,0.0,0.0190058804366246,0.0829453125,0.0,recommendation,1
2026-07-23 05:32:38,0.2560542543846492,0.0,0.0,0.0,0.0190058804366246,0.0829453125,0.0,recommendation,1
2026-07-23 05:37:38,0.2560542543846492,0.0,0.0,0.0,0.0190058804366246,0.0829453125,0.0,recommendation,1
2026-07-23 05:42:38,0.2560542543846492,0.0,0.0,0.0,0.0190058804366246,0.0829453125,0.0,recommendation,1
2026-07-23 05:47:38,0.2560542543846492,0.0,0.0,0.0,0.0190058804366246,0.0829453125,0.0,recommendation,1
2026-07-23 05:52:38,0.2560542543846492,0.0,0.0,0.0,0.0190058804366246,0.0829453125,0.0,recommendation,1
2026-07-23 05:57:38,0.2560542543846492,0.0,0.0,0.0,0.0190058804366246,0.0829453125,0.0,recommendation,1
2026-07-23 06:02:38,0.2560542543846492,0.0,0.0,0.0,0.0190058804366246,0.0829453125,0.0,recommendation,1
2026-07-23 06:07:38,0.2560542543846492,0.0,0.0,0.0,0.0190058804366246,0.0829453125,0.0,recommendation,1
2026-07-23 06:12:38,0.2560542543846492,0.0,0.0,0.0,0.0190058804366246,0.0829453125,0.0,recommendation,1
2026-07-23 06:17:38,0.2560542543846492,0.0,0.0,0.0,0.0190058804366246,0.0829453125,0.0,recommendation,1
2026-07-23 06:22:38,0.2560542543846492,0.0,0.0,0.0,0.0190058804366246,0.0829453125,0.0,recommendation,1
2026-07-23 06:27:38,0.2560542543846492,0.0,0.0,0.0,0.0190058804366246,0.0829453125,0.0,recommendation,1
2026-07-23 06:32:38,0.2560542543846492,0.0,0.0,0.0,0.0190058804366246,0.0829453125,0.0,recommendation,1
2026-07-23 06:37:38,0.2560542543846492,0.0,0.0,0.0,0.0190058804366246,0.0829453125,0.0,recommendation,1
2026-07-23 06:42:38,0.2560542543846492,0.0,0.0,0.0,0.0190058804366246,0.0829453125,0.0,recommendation,1
2026-07-23 06:47:38,0.2560542543846492,0.0,0.0,0.0,0.0190058804366246,0.0829453125,0.0,recommendation,1
2026-07-23 06:52:38,0.2560542543846492,0.0,0.0,0.0,0.0190058804366246,0.0829453125,0.0,recommendation,1
2026-07-23 06:57:38,0.2560542543846492,0.0,0.0,0.0,0.0190058804366246,0.0829453125,0.0,recommendation,1
2026-07-23 07:02:38,0.2560542543846492,0.0,0.0,0.0,0.0190058804366246,0.0829453125,0.0,recommendation,1
2026-07-23 07:07:38,0.2560542543846492,0.0,0.0,0.0,0.0190058804366246,0.0829453125,0.0,recommendation,1
2026-07-23 07:12:38,0.2560542543846492,0.0,0.0,0.0,0.0190058804366246,0.0829453125,0.0,recommendation,1
2026-07-23 07:17:38,0.2560542543846492,0.0,0.0,0.0,0.0190058804366246,0.0829453125,0.0,recommendation,1
2026-07-23 07:22:38,0.2560542543846492,0.0,0.0,0.0,0.0190058804366246,0.0829453125,0.0,recommendation,1
2026-07-23 07:27:38,0.2560542543846492,0.0,0.0,0.0,0.0190058804366246,0.0829453125,0.0,recommendation,1
2026-07-23 07:32:38,0.2560542543846492,0.0,0.0,0.0,0.0190058804366246,0.0829453125,0.0,recommendation,1
2026-07-23 07:37:38,0.2560542543846492,0.0,0.0,0.0,0.0190058804366246,0.0829453125,0.0,recommendation,1
2026-07-23 07:42:38,0.2560542543846492,0.0,0.0,0.0,0.0190058804366246,0.0829453125,0.0,recommendation,1
2026-07-23 07:47:38,0.2560542543846492,0.0,0.0,0.0,0.0190058804366246,0.0829453125,0.0,recommendation,1
2026-07-23 07:52:38,0.2560542543846492,0.0,0.0,0.0,0.0190058804366246,0.0829453125,0.0,recommendation,1
2026-07-23 07:57:38,0.2560542543846492,0.0,0.0,0.0,0.0190058804366246,0.0829453125,0.0,recommendation,1
2026-07-23 08:02:38,0.2560542543846492,0.0,0.0,0.0,0.0190058804366246,0.0829453125,0.0,recommendation,1
2026-07-23 08:07:38,0.2560542543846492,0.0,0.0,0.0,0.0190058804366246,0.0829453125,0.0,recommendation,1
2026-07-23 08:12:38,0.2560542543846492,0.0,0.0,0.0,0.0190058804366246,0.0829453125,0.0,recommendation,1
2026-07-23 08:17:38,0.2560542543846492,0.0,0.0,0.0,0.0190058804366246,0.0829453125,0.0,recommendation,1
2026-07-23 08:22:38,0.2560542543846492,0.0,0.0,0.0,0.0190058804366246,0.0829453125,0.0,recommendation,1
2026-07-23 08:27:38,0.2560542543846492,0.0,0.0,0.0,0.0190058804366246,0.0829453125,0.0,recommendation,1
2026-07-23 08:32:38,0.2560542543846492,0.0,0.0,0.0,0.0190058804366246,0.0829453125,0.0,recommendation,1
2026-07-23 08:37:38,0.2560542543846492,0.0,0.0,0.0,0.0190058804366246,0.0829453125,0.0,recommendation,1
2026-07-23 08:42:38,0.2560542543846492,0.0,0.0,0.0,0.0190058804366246,0.0829453125,0.0,recommendation,1
2026-07-23 08:47:38,0.2560542543846492,0.0,0.0,0.0,0.0190058804366246,0.0829453125,0.0,recommendation,1
2026-07-23 08:52:38,0.2560542543846492,0.0,0.0,0.0,0.0190058804366246,0.0829453125,0.0,recommendation,1
2026-07-23 08:57:38,0.2560542543846492,0.0,0.0,0.0,0.0190058804366246,0.0829453125,0.0,recommendation,1
2026-07-23 09:02:38,0.2560542543846492,0.0,0.0,0.0,0.0190058804366246,0.0829453125,0.0,recommendation,1
2026-07-23 09:07:38,0.2560542543846492,0.0,0.0,0.0,0.0190058804366246,0.0829453125,0.0,recommendation,1
2026-07-23 09:12:38,0.2560542543846492,0.0,0.0,0.0,0.0190058804366246,0.0829453125,0.0,recommendation,1
2026-07-23 09:17:38,0.2560542543846492,0.0,0.0,0.0,0.0190058804366246,0.0829453125,0.0,recommendation,1
2026-07-23 09:22:38,0.2560542543846492,0.0,0.0,0.0,0.0190058804366246,0.0829453125,0.0,recommendation,1
2026-07-23 09:27:38,0.2560542543846492,0.0,0.0,0.0,0.0190058804366246,0.0829453125,0.0,recommendation,1
2026-07-23 09:32:38,0.2560542543846492,0.0,0.0,0.0,0.0190058804366246,0.0829453125,0.0,recommendation,1
2026-07-23 09:37:38,0.2560542543846492,0.0,0.0,0.0,0.0190058804366246,0.0829453125,0.0,recommendation,1
2026-07-23 09:42:38,0.2560542543846492,0.0,0.0,0.0,0.0190058804366246,0.0829453125,0.0,recommendation,1
2026-07-23 09:47:38,0.2560542543846492,0.0,0.0,0.0,0.0190058804366246,0.0829453125,0.0,recommendation,1
2026-07-23 09:52:38,0.2560542543846492,0.0,0.0,0.0,0.0190058804366246,0.0829453125,0.0,recommendation,1
2026-07-23 09:57:38,0.2560542543846492,0.0,0.0,0.0,0.0190058804366246,0.0829453125,0.0,recommendation,1
2026-07-23 10:02:38,0.2560542543846492,0.0,0.0,0.0,0.0190058804366246,0.0829453125,0.0,recommendation,1
2026-07-23 10:07:38,0.2560542543846492,0.0,0.0,0.0,0.0190058804366246,0.0829453125,0.0,recommendation,1
2026-07-23 10:12:38,0.2560542543846492,0.0,0.0,0.0,0.0190058804366246,0.0829453125,0.0,recommendation,1
2026-07-23 10:17:38,0.2560542543846492,0.0,0.0,0.0,0.0190058804366246,0.0829453125,0.0,recommendation,1
2026-07-23 10:22:38,0.2560542543846492,0.0,0.0,0.0,0.0190058804366246,0.0829453125,0.0,recommendation,1
2026-07-23 10:27:38,0.2560542543846492,0.0,0.0,0.0,0.0190058804366246,0.0829453125,0.0,recommendation,1
2026-07-23 10:32:38,0.2560542543846492,0.0,0.0,0.0,0.0190058804366246,0.0829453125,0.0,recommendation,1
2026-07-23 10:37:38,0.2560542543846492,0.0,0.0,0.0,0.0190058804366246,0.0829453125,0.0,recommendation,1
2026-07-23 10:42:38,0.2560542543846492,0.0,0.0,0.0,0.0190058804366246,0.0829453125,0.0,recommendation,1
2026-07-23 10:47:38,0.2560542543846492,0.0,0.0,0.0,0.0190058804366246,0.0829453125,0.0,recommendation,1
2026-07-23 10:52:38,0.2560542543846492,0.0,0.0,0.0,0.0190058804366246,0.0829453125,0.0,recommendation,1
2026-07-23 10:57:38,0.2560542543846492,0.0,0.0,0.0,0.0190058804366246,0.0829453125,0.0,recommendation,1
2026-07-23 11:02:38,0.2560542543846492,0.0,0.0,0.0,0.0190058804366246,0.0829453125,0.0,recommendation,1
2026-07-23 11:07:38,0.2560542543846492,0.0,0.0,0.0,0.0190058804366246,0.0829453125,0.0,recommendation,1
2026-07-23 11:12:38,0.2560542543846492,0.0,0.0,0.0,0.0190058804366246,0.0829453125,0.0,recommendation,1
2026-07-23 11:17:38,0.2560542543846492,0.0,0.0,0.0,0.0190058804366246,0.0829453125,0.0,recommendation,1
2026-07-23 11:22:38,0.2560542543846492,0.0,0.0,0.0,0.0190058804366246,0.0829453125,0.0,recommendation,1
2026-07-23 11:27:38,0.2560542543846492,0.0,0.0,0.0,0.0190058804366246,0.0829453125,0.0,recommendation,1
2026-07-23 11:32:38,0.2560542543846492,0.0,0.0,0.0,0.0190058804366246,0.0829453125,0.0,recommendation,1
2026-07-23 11:37:38,0.2560542543846492,0.0,0.0,0.0,0.0190058804366246,0.0829453125,0.0,recommendation,1
2026-07-23 11:42:38,0.2560542543846492,0.0,0.0,0.0,0.0190058804366246,0.0829453125,0.0,recommendation,1
2026-07-23 11:47:38,0.2560542543846492,0.0,0.0,0.0,0.0190058804366246,0.0829453125,0.0,recommendation,1
2026-07-23 11:52:38,0.2560542543846492,0.0,0.0,0.0,0.0190058804366246,0.0829453125,0.0,recommendation,1
2026-07-23 11:57:38,0.2560542543846492,0.0,0.0,0.0,0.0190058804366246,0.0829453125,0.0,recommendation,1
2026-07-23 12:02:38,0.2560542543846492,0.0,0.0,0.0,0.0190058804366246,0.0829453125,0.0,recommendation,1
2026-07-23 12:07:38,0.2560542543846492,0.0,0.0,0.0,0.0190058804366246,0.0829453125,0.0,recommendation,1
2026-07-23 12:12:38,0.2560542543846492,0.0,0.0,0.0,0.0190058804366246,0.0829453125,0.0,recommendation,1
2026-07-23 12:17:38,0.2560542543846492,0.0,0.0,0.0,0.0190058804366246,0.0829453125,0.0,recommendation,1
2026-07-23 12:22:38,0.2560542543846492,0.0,0.0,0.0,0.0190058804366246,0.0829453125,0.0,recommendation,1
2026-07-23 12:27:38,0.2560542543846492,0.0,0.0,0.0,0.0190058804366246,0.0829453125,0.0,recommendation,1
2026-07-23 12:32:38,0.2560542543846492,0.0,0.0,0.0,0.0190058804366246,0.0829453125,0.0,recommendation,1
2026-07-23 12:37:38,0.2560542543846492,0.0,0.0,0.0,0.0190058804366246,0.0829453125,0.0,recommendation,1
2026-07-23 12:42:38,0.2560542543846492,0.0,0.0,0.0,0.0190058804366246,0.0829453125,0.0,recommendation,1
2026-07-23 12:47:38,0.2560542543846492,0.0,0.0,0.0,0.0190058804366246,0.0829453125,0.0,recommendation,1
2026-07-23 12:52:38,0.2560542543846492,0.0,0.0,0.0,0.0190058804366246,0.0829453125,0.0,recommendation,1
2026-07-23 12:57:38,0.2560542543846492,0.0,0.0,0.0,0.0190058804366246,0.0829453125,0.0,recommendation,1
2026-07-23 13:02:38,0.2560542543846492,0.0,0.0,0.0,0.0190058804366246,0.0829453125,0.0,recommendation,1
2026-07-23 13:07:38,0.2560542543846492,0.0,0.0,0.0,0.0190058804366246,0.0829453125,0.0,recommendation,1
2026-07-23 13:12:38,0.2560542543846492,0.0,0.0,0.0,0.0190058804366246,0.0829453125,0.0,recommendation,1
2026-07-23 13:17:38,0.2560542543846492,0.0,0.0,0.0,0.0190058804366246,0.0829453125,0.0,recommendation,1
2026-07-23 13:22:38,0.2560542543846492,0.0,0.0,0.0,0.0190058804366246,0.0829453125,0.0,recommendation,1
2026-07-23 13:27:38,0.2560542543846492,0.0,0.0,0.0,0.0190058804366246,0.0829453125,0.0,recommendation,1
2026-07-23 13:32:38,0.2560542543846492,0.0,0.0,0.0,0.0190058804366246,0.0829453125,0.0,recommendation,1
2026-07-23 13:37:38,0.2560542543846492,0.0,0.0,0.0,0.0190058804366246,0.0829453125,0.0,recommendation,1
2026-07-23 13:42:38,0.2560542543846492,0.0,0.0,0.0,0.0190058804366246,0.0829453125,0.0,recommendation,1
2026-07-23 13:47:38,0.2560542543846492,0.0,0.0,0.0,0.0190058804366246,0.0829453125,0.0,recommendation,1
2026-07-23 13:52:38,0.2560542543846492,0.0,0.0,0.0,0.0190058804366246,0.0829453125,0.0,recommendation,1
2026-07-23 13:57:38,0.2560542543846492,0.0,0.0,0.0,0.0190058804366246,0.0829453125,0.0,recommendation,1
2026-07-23 14:02:38,0.2560542543846492,0.0,0.0,0.0,0.0190058804366246,0.0829453125,0.0,recommendation,1
2026-07-23 14:07:38,0.2560542543846492,0.0,0.0,0.0,0.0190058804366246,0.0829453125,0.0,recommendation,1
2026-07-23 14:12:38,0.2560542543846492,0.0,0.0,0.0,0.0190058804366246,0.0829453125,0.0,recommendation,1
2026-07-23 14:17:38,0.2560542543846492,0.0,0.0,0.0,0.0190058804366246,0.0829453125,0.0,recommendation,1
2026-07-23 14:22:38,0.2560542543846492,0.0,0.0,0.0,0.0190058804366246,0.0829453125,0.0,recommendation,1
2026-07-23 14:27:38,0.2560542543846492,0.0,0.0,0.0,0.0190058804366246,0.0829453125,0.0,recommendation,1
2026-07-23 14:32:38,0.2560542543846492,0.0,0.0,0.0,0.0190058804366246,0.0829453125,0.0,recommendation,1
2026-07-23 14:37:38,0.2560542543846492,0.0,0.0,0.0,0.0190058804366246,0.0829453125,0.0,recommendation,1
2026-07-23 14:42:38,0.2560542543846492,0.0,0.0,0.0,0.0190058804366246,0.0829453125,0.0,recommendation,1
2026-07-23 14:47:38,0.2560542543846492,0.0,0.0,0.0,0.0190058804366246,0.0829453125,0.0,recommendation,1
2026-07-23 14:52:38,0.2560542543846492,0.0,0.0,0.0,0.0190058804366246,0.0829453125,0.0,recommendation,1
2026-07-23 14:57:38,0.2560542543846492,0.0,0.0,0.0,0.0190058804366246,0.0829453125,0.0,recommendation,1
2026-07-23 15:02:38,0.2560542543846492,0.0,0.0,0.0,0.0190058804366246,0.0829453125,0.0,recommendation,1
2026-07-23 15:07:38,0.2560542543846492,0.0,0.0,0.0,0.0190058804366246,0.0829453125,0.0,recommendation,1
2026-07-23 15:12:38,0.2560542543846492,0.0,0.0,0.0,0.0190058804366246,0.0829453125,0.0,recommendation,1
2026-07-23 15:17:38,0.2560542543846492,0.0,0.0,0.0,0.0190058804366246,0.0829453125,0.0,recommendation,1
2026-07-23 15:22:38,0.2560542543846492,0.0,0.0,0.0,0.0190058804366246,0.0829453125,0.0,recommendation,1
2026-07-23 15:27:38,0.2560542543846492,0.0,0.0,0.0,0.0190058804366246,0.0829453125,0.0,recommendation,1
2026-07-23 15:32:38,0.2560542543846492,0.0,0.0,0.0,0.0190058804366246,0.0829453125,0.0,recommendation,1
2026-07-23 15:37:38,0.2560542543846492,0.0,0.0,0.0,0.0190058804366246,0.0829453125,0.0,recommendation,1
2026-07-23 15:42:38,0.2560542543846492,0.0,0.0,0.0,0.0190058804366246,0.0829453125,0.0,recommendation,1
2026-07-23 15:47:38,0.2560542543846492,0.0,0.0,0.0,0.0190058804366246,0.0829453125,0.0,recommendation,1
2026-07-23 15:52:38,0.2560542543846492,0.0,0.0,0.0,0.0190058804366246,0.0829453125,0.0,recommendation,1
2026-07-23 15:57:38,0.2560542543846492,0.0,0.0,0.0,0.0190058804366246,0.0829453125,0.0,recommendation,1
2026-07-23 16:02:38,0.2560542543846492,0.0,0.0,0.0,0.0190058804366246,0.0829453125,0.0,recommendation,1
2026-07-23 16:07:38,0.2560542543846492,0.0,0.0,0.0,0.0190058804366246,0.0829453125,0.0,recommendation,1
2026-07-23 16:12:38,0.2560542543846492,0.0,0.0,0.0,0.0190058804366246,0.0829453125,0.0,recommendation,1
2026-07-23 16:17:38,0.2560542543846492,0.0,0.0,0.0,0.0190058804366246,0.0829453125,0.0,recommendation,1
2026-07-23 16:22:38,0.2560542543846492,0.0,0.0,0.0,0.0190058804366246,0.0829453125,0.0,recommendation,1
2026-07-23 16:27:38,0.2560542543846492,0.0,0.0,0.0,0.0190058804366246,0.0829453125,0.0,recommendation,1
2026-07-23 16:32:38,0.2560542543846492,0.0,0.0,0.0,0.0190058804366246,0.0829453125,0.0,recommendation,1
2026-07-23 16:37:38,0.2560542543846492,0.0,0.0,0.0,0.0190058804366246,0.0829453125,0.0,recommendation,1
2026-07-23 16:42:38,0.2560542543846492,0.0,0.0,0.0,0.0190058804366246,0.0829453125,0.0,recommendation,1
2026-07-23 16:47:38,0.2560542543846492,0.0,0.0,0.0,0.0190058804366246,0.0829453125,0.0,recommendation,1
2026-07-23 16:52:38,0.2560542543846492,0.0,0.0,0.0,0.0190058804366246,0.0829453125,0.0,recommendation,1
2026-07-23 16:57:38,0.2560542543846492,0.0,0.0,0.0,0.0190058804366246,0.0829453125,0.0,recommendation,1
2026-07-23 17:02:38,0.2560542543846492,0.0,0.0,0.0,0.0190058804366246,0.0829453125,0.0,recommendation,1
2026-07-23 17:07:38,0.2560542543846492,0.0,0.0,0.0,0.0190058804366246,0.0829453125,0.0,recommendation,1
2026-07-23 17:12:38,0.2560542543846492,0.0,0.0,0.0,0.0190058804366246,0.0829453125,0.0,recommendation,1
2026-07-23 17:17:38,0.2560542543846492,0.0,0.0,0.0,0.0190058804366246,0.0829453125,0.0,recommendation,1
2026-07-23 17:22:38,0.2560542543846492,0.0,0.0,0.0,0.0190058804366246,0.0829453125,0.0,recommendation,1
2026-07-23 17:27:38,0.2560542543846492,0.0,0.0,0.0,0.0190058804366246,0.0829453125,0.0,recommendation,1
2026-07-23 17:32:38,0.2560542543846492,0.0,0.0,0.0,0.0190058804366246,0.0829453125,0.0,recommendation,1
2026-07-23 17:37:38,0.2560542543846492,0.0,0.0,0.0,0.0190058804366246,0.0829453125,0.0,recommendation,1
2026-07-23 17:42:38,0.2560542543846492,0.0,0.0,0.0,0.0190058804366246,0.0829453125,0.0,recommendation,1
2026-07-23 17:47:38,0.2560542543846492,0.0,0.0,0.0,0.0190058804366246,0.0829453125,0.0,recommendation,1
2026-07-23 17:52:38,0.2560542543846492,0.0,0.0,0.0,0.0190058804366246,0.0829453125,0.0,recommendation,1
2026-07-23 17:57:38,0.2560542543846492,0.0,0.0,0.0,0.0190058804366246,0.0829453125,0.0,recommendation,1
2026-07-23 18:02:38,0.2560542543846492,0.0,0.0,0.0,0.0190058804366246,0.0829453125,0.0,recommendation,1
2026-07-23 18:07:38,0.2560542543846492,0.0,0.0,0.0,0.0190058804366246,0.0829453125,0.0,recommendation,1
2026-07-23 18:12:38,0.2560542543846492,0.0,0.0,0.0,0.0190058804366246,0.0829453125,0.0,recommendation,1
2026-07-23 18:17:38,0.2560542543846492,0.0,0.0,0.0,0.0190058804366246,0.0829453125,0.0,recommendation,1
2026-07-23 18:22:38,0.2560542543846492,0.0,0.0,0.0,0.0190058804366246,0.0829453125,0.0,recommendation,1
2026-07-23 18:27:38,0.2560542543846492,0.0,0.0,0.0,0.0190058804366246,0.0829453125,0.0,recommendation,1
2026-07-23 18:32:38,0.2560542543846492,0.0,0.0,0.0,0.0190058804366246,0.0829453125,0.0,recommendation,1
2026-07-23 18:37:38,0.2560542543846492,0.0,0.0,0.0,0.0190058804366246,0.0829453125,0.0,recommendation,1
2026-07-23 18:42:38,0.2560542543846492,0.0,0.0,0.0,0.0190058804366246,0.0829453125,0.0,recommendation,1
2026-07-23 18:47:38,0.2560542543846492,0.0,0.0,0.0,0.0190058804366246,0.0829453125,0.0,recommendation,1
2026-07-23 18:52:38,0.2560542543846492,0.0,0.0,0.0,0.0190058804366246,0.0829453125,0.0,recommendation,1
2026-07-23 18:57:38,0.2560542543846492,0.0,0.0,0.0,0.0190058804366246,0.0829453125,0.0,recommendation,1
2026-07-23 19:02:38,0.2560542543846492,0.0,0.0,0.0,0.0190058804366246,0.0829453125,0.0,recommendation,1
2026-07-23 19:07:38,0.2560542543846492,0.0,0.0,0.0,0.0190058804366246,0.0829453125,0.0,recommendation,1
2026-07-23 19:12:38,0.2560542543846492,0.0,0.0,0.0,0.0190058804366246,0.0829453125,0.0,recommendation,1
2026-07-23 19:17:38,0.2560542543846492,0.0,0.0,0.0,0.0190058804366246,0.0829453125,0.0,recommendation,1
2026-07-23 19:22:38,0.2560542543846492,0.0,0.0,0.0,0.0190058804366246,0.0829453125,0.0,recommendation,1
2026-07-23 19:27:38,0.2560542543846492,0.0,0.0,0.0,0.0190058804366246,0.0829453125,0.0,recommendation,1
2026-07-23 19:32:38,0.2560542543846492,0.0,0.0,0.0,0.0190058804366246,0.0829453125,0.0,recommendation,1
2026-07-23 19:37:38,0.2560542543846492,0.0,0.0,0.0,0.0190058804366246,0.0829453125,0.0,recommendation,1
2026-07-23 19:42:38,0.2560542543846492,0.0,0.0,0.0,0.0190058804366246,0.0829453125,0.0,recommendation,1
2026-07-23 19:47:38,0.2560542543846492,0.0,0.0,0.0,0.0190058804366246,0.0829453125,0.0,recommendation,1
2026-07-23 19:52:38,0.2560542543846492,0.0,0.0,0.0,0.0190058804366246,0.0829453125,0.0,recommendation,1
2026-07-23 19:57:38,0.2560542543846492,0.0,0.0,0.0,0.0190058804366246,0.0829453125,0.0,recommendation,1
2026-07-23 20:02:38,0.2560542543846492,0.0,0.0,0.0,0.0190058804366246,0.0829453125,0.0,recommendation,1
2026-07-23 20:07:38,0.2560542543846492,0.0,0.0,0.0,0.0190058804366246,0.0829453125,0.0,recommendation,1
2026-07-23 20:12:38,0.2560542543846492,0.0,0.0,0.0,0.0190058804366246,0.0829453125,0.0,recommendation,1
2026-07-23 20:17:38,0.2560542543846492,0.0,0.0,0.0,0.0190058804366246,0.0829453125,0.0,recommendation,1
2026-07-23 20:22:38,0.2560542543846492,0.0,0.0,0.0,0.0190058804366246,0.0829453125,0.0,recommendation,1
2026-07-23 20:27:38,0.2560542543846492,0.0,0.0,0.0,0.0190058804366246,0.0829453125,0.0,recommendation,1
2026-07-23 20:32:38,0.2560542543846492,0.0,0.0,0.0,0.0190058804366246,0.0829453125,0.0,recommendation,1
2026-07-23 20:37:38,0.2560542543846492,0.0,0.0,0.0,0.0190058804366246,0.0829453125,0.0,recommendation,1
2026-07-23 20:42:38,0.2560542543846492,0.0,0.0,0.0,0.0190058804366246,0.0829453125,0.0,recommendation,1
2026-07-23 20:47:38,0.2560542543846492,0.0,0.0,0.0,0.0190058804366246,0.0829453125,0.0,recommendation,1
2026-07-23 20:52:38,0.2560542543846492,0.0,0.0,0.0,0.0190058804366246,0.0829453125,0.0,recommendation,1
2026-07-23 20:57:38,0.2560542543846492,0.0,0.0,0.0,0.0190058804366246,0.0829453125,0.0,recommendation,1
2026-07-23 21:02:38,0.2560542543846492,0.0,0.0,0.0,0.0190058804366246,0.0829453125,0.0,recommendation,1
2026-07-23 21:07:38,0.2560542543846492,0.0,0.0,0.0,0.0190058804366246,0.0829453125,0.0,recommendation,1
2026-07-23 21:12:38,0.2560542543846492,0.0,0.0,0.0,0.0190058804366246,0.0829453125,0.0,recommendation,1
2026-07-23 21:17:38,0.2560542543846492,0.0,0.0,0.0,0.0190058804366246,0.0829453125,0.0,recommendation,1
2026-07-23 21:22:38,0.2560542543846492,0.0,0.0,0.0,0.0190058804366246,0.0829453125,0.0,recommendation,1
2026-07-23 21:27:38,0.2560542543846492,0.0,0.0,0.0,0.0190058804366246,0.0829453125,0.0,recommendation,1
2026-07-23 21:32:38,0.2560542543846492,0.0,0.0,0.0,0.0190058804366246,0.0829453125,0.0,recommendation,1
2026-07-23 21:37:38,0.2560542543846492,0.0,0.0,0.0,0.0190058804366246,0.0829453125,0.0,recommendation,1
2026-07-23 21:42:38,0.2560542543846492,0.0,0.0,0.0,0.0190058804366246,0.0829453125,0.0,recommendation,1
2026-07-23 21:47:38,0.2560542543846492,0.0,0.0,0.0,0.0190058804366246,0.0829453125,0.0,recommendation,1
2026-07-23 21:52:38,0.2560542543846492,0.0,0.0,0.0,0.0190058804366246,0.0829453125,0.0,recommendation,1
2026-07-23 21:57:38,0.2560542543846492,0.0,0.0,0.0,0.0190058804366246,0.0829453125,0.0,recommendation,1
2026-07-23 22:02:38,0.2560542543846492,0.0,0.0,0.0,0.0190058804366246,0.0829453125,0.0,recommendation,1
2026-07-23 22:07:38,0.2560542543846492,0.0,0.0,0.0,0.0190058804366246,0.0829453125,0.0,recommendation,1
2026-07-23 22:12:38,0.2560542543846492,0.0,0.0,0.0,0.0190058804366246,0.0829453125,0.0,recommendation,1
2026-07-23 22:17:38,0.2560542543846492,0.0,0.0,0.0,0.0190058804366246,0.0829453125,0.0,recommendation,1
2026-07-23 22:22:38,0.2560542543846492,0.0,0.0,0.0,0.0190058804366246,0.0829453125,0.0,recommendation,1
2026-07-23 22:27:38,0.2560542543846492,0.0,0.0,0.0,0.0190058804366246,0.0829453125,0.0,recommendation,1
2026-07-23 22:32:38,0.2560542543846492,0.0,0.0,0.0,0.0190058804366246,0.0829453125,0.0,recommendation,1
2026-07-23 22:37:38,0.2560542543846492,0.0,0.0,0.0,0.0190058804366246,0.0829453125,0.0,recommendation,1
2026-07-23 22:42:38,0.2560542543846492,0.0,0.0,0.0,0.0190058804366246,0.0829453125,0.0,recommendation,1
2026-07-23 22:47:38,0.2560542543846492,0.0,0.0,0.0,0.0190058804366246,0.0829453125,0.0,recommendation,1
2026-07-23 22:52:38,0.2560542543846492,0.0,0.0,0.0,0.0190058804366246,0.0829453125,0.0,recommendation,1
2026-07-23 22:57:38,0.2560542543846492,0.0,0.0,0.0,0.0190058804366246,0.0829453125,0.0,recommendation,1
2026-07-23 23:02:38,0.2560542543846492,0.0,0.0,0.0,0.0190058804366246,0.0829453125,0.0,recommendation,1
2026-07-23 23:07:38,0.2560542543846492,0.0,0.0,0.0,0.0190058804366246,0.0829453125,0.0,recommendation,1
2026-07-23 23:12:38,0.2560542543846492,0.0,0.0,0.0,0.0190058804366246,0.0829453125,0.0,recommendation,1
2026-07-23 23:17:38,0.2560542543846492,0.0,0.0,0.0,0.0190058804366246,0.0829453125,0.0,recommendation,1
2026-07-23 23:22:38,0.2560542543846492,0.0,0.0,0.0,0.0190058804366246,0.0829453125,0.0,recommendation,1
2026-07-23 23:27:38,0.2560542543846492,0.0,0.0,0.0,0.0190058804366246,0.0829453125,0.0,recommendation,1
2026-07-23 23:32:38,0.2560542543846492,0.0,0.0,0.0,0.0190058804366246,0.0829453125,0.0,recommendation,1
2026-07-23 23:37:38,0.2560542543846492,0.0,0.0,0.0,0.0190058804366246,0.0829453125,0.0,recommendation,1
2026-07-23 23:42:38,0.2560542543846492,0.0,0.0,0.0,0.0190058804366246,0.0829453125,0.0,recommendation,1
2026-07-23 23:47:38,0.2560542543846492,0.0,0.0,0.0,0.0190058804366246,0.0829453125,0.0,recommendation,1
2026-07-23 23:52:38,0.2560542543846492,0.0,0.0,0.0,0.0190058804366246,0.0829453125,0.0,recommendation,1
2026-07-23 23:57:38,0.2560542543846492,0.0,0.0,0.0,0.0190058804366246,0.0829453125,0.0,recommendation,1
2026-07-24 00:02:38,0.2560542543846492,0.0,0.0,0.0,0.0190058804366246,0.0829453125,0.0,recommendation,1
2026-07-24 00:07:38,0.2560542543846492,0.0,0.0,0.0,0.0190058804366246,0.0829453125,0.0,recommendation,1
2026-07-24 00:12:38,0.2560542543846492,0.0,0.0,0.0,0.0190058804366246,0.0829453125,0.0,recommendation,1
2026-07-24 00:17:38,0.2560542543846492,0.0,0.0,0.0,0.0190058804366246,0.0829453125,0.0,recommendation,1
2026-07-24 00:22:38,0.2560542543846492,0.0,0.0,0.0,0.0190058804366246,0.0829453125,0.0,recommendation,1
2026-07-24 00:27:38,0.2560542543846492,0.0,0.0,0.0,0.0190058804366246,0.0829453125,0.0,recommendation,1
2026-07-24 00:32:38,0.2560542543846492,0.0,0.0,0.0,0.0190058804366246,0.0829453125,0.0,recommendation,1
2026-07-24 00:37:38,0.2560542543846492,0.0,0.0,0.0,0.0190058804366246,0.0829453125,0.0,recommendation,1
2026-07-24 00:42:38,0.2560542543846492,0.0,0.0,0.0,0.0190058804366246,0.0829453125,0.0,recommendation,1
2026-07-24 00:47:38,0.2560542543846492,0.0,0.0,0.0,0.0190058804366246,0.0829453125,0.0,recommendation,1
2026-07-24 00:52:38,0.2560542543846492,0.0,0.0,0.0,0.0190058804366246,0.0829453125,0.0,recommendation,1
2026-07-24 00:57:38,0.2560542543846492,0.0,0.0,0.0,0.0190058804366246,0.0829453125,0.0,recommendation,1
2026-07-24 01:02:38,0.2560542543846492,0.0,0.0,0.0,0.0190058804366246,0.0829453125,0.0,recommendation,1
2026-07-24 01:07:38,0.2560542543846492,0.0,0.0,0.0,0.0190058804366246,0.0829453125,0.0,recommendation,1
2026-07-24 01:12:38,0.2560542543846492,0.0,0.0,0.0,0.0190058804366246,0.0829453125,0.0,recommendation,1
2026-07-24 01:17:38,0.2560542543846492,0.0,0.0,0.0,0.0190058804366246,0.0829453125,0.0,recommendation,1
2026-07-24 01:22:38,0.2560542543846492,0.0,0.0,0.0,0.0190058804366246,0.0829453125,0.0,recommendation,1
2026-07-24 01:27:38,0.2560542543846492,0.0,0.0,0.0,0.0190058804366246,0.0829453125,0.0,recommendation,1
2026-07-24 01:32:38,0.2560542543846492,0.0,0.0,0.0,0.0190058804366246,0.0829453125,0.0,recommendation,1
2026-07-24 01:37:38,0.2560542543846492,0.0,0.0,0.0,0.0190058804366246,0.0829453125,0.0,recommendation,1
2026-07-24 01:42:38,0.2560542543846492,0.0,0.0,0.0,0.0190058804366246,0.0829453125,0.0,recommendation,1
2026-07-24 01:47:38,0.2560542543846492,0.0,0.0,0.0,0.0190058804366246,0.0829453125,0.0,recommendation,1
2026-07-24 01:52:38,0.2560542543846492,0.0,0.0,0.0,0.0190058804366246,0.0829453125,0.0,recommendation,1
2026-07-24 01:57:38,0.2560542543846492,0.0,0.0,0.0,0.0190058804366246,0.0829453125,0.0,recommendation,1
2026-07-24 02:02:38,0.2560542543846492,0.0,0.0,0.0,0.0190058804366246,0.0829453125,0.0,recommendation,1
2026-07-24 02:07:38,0.2560542543846492,0.0,0.0,0.0,0.0190058804366246,0.0829453125,0.0,recommendation,1
2026-07-24 02:12:38,0.2560542543846492,0.0,0.0,0.0,0.0190058804366246,0.0829453125,0.0,recommendation,1
2026-07-24 02:17:38,0.2560542543846492,0.0,0.0,0.0,0.0190058804366246,0.0829453125,0.0,recommendation,1
2026-07-24 02:22:38,0.2560542543846492,0.0,0.0,0.0,0.0190058804366246,0.0829453125,0.0,recommendation,1
2026-07-24 02:27:38,0.2560542543846492,0.0,0.0,0.0,0.0190058804366246,0.0829453125,0.0,recommendation,1
2026-07-24 02:32:38,0.2560542543846492,0.0,0.0,0.0,0.0190058804366246,0.0829453125,0.0,recommendation,1
2026-07-24 02:37:38,0.2560542543846492,0.0,0.0,0.0,0.0190058804366246,0.0829453125,0.0,recommendation,1
2026-07-24 02:42:38,0.2560542543846492,0.0,0.0,0.0,0.0190058804366246,0.0829453125,0.0,recommendation,1
2026-07-24 02:47:38,0.2560542543846492,0.0,0.0,0.0,0.0190058804366246,0.0829453125,0.0,recommendation,1
2026-07-24 02:52:38,0.2560542543846492,0.0,0.0,0.0,0.0190058804366246,0.0829453125,0.0,recommendation,1
2026-07-24 02:57:38,0.2560542543846492,0.0,0.0,0.0,0.0190058804366246,0.0829453125,0.0,recommendation,1
2026-07-24 03:02:38,0.2560542543846492,0.0,0.0,0.0,0.0190058804366246,0.0829453125,0.0,recommendation,1
2026-07-24 03:07:38,0.2560542543846492,0.0,0.0,0.0,0.0190058804366246,0.0829453125,0.0,recommendation,1
2026-07-24 03:12:38,0.2560542543846492,0.0,0.0,0.0,0.0190058804366246,0.0829453125,0.0,recommendation,1
2026-07-24 03:17:38,0.2560542543846492,0.0,0.0,0.0,0.0190058804366246,0.0829453125,0.0,recommendation,1
2026-07-24 03:22:38,0.2560542543846492,0.0,0.0,0.0,0.0190058804366246,0.0829453125,0.0,recommendation,1
2026-07-24 03:27:38,0.2560542543846492,0.0,0.0,0.0,0.0190058804366246,0.0829453125,0.0,recommendation,1
2026-07-24 03:32:38,0.2560542543846492,0.0,0.0,0.0,0.0190058804366246,0.0829453125,0.0,recommendation,1
2026-07-24 03:37:38,0.2560542543846492,0.0,0.0,0.0,0.0190058804366246,0.0829453125,0.0,recommendation,1
2026-07-24 03:42:38,0.2560542543846492,0.0,0.0,0.0,0.0190058804366246,0.0829453125,0.0,recommendation,1
2026-07-24 03:47:38,0.2560542543846492,0.0,0.0,0.0,0.0190058804366246,0.0829453125,0.0,recommendation,1
2026-07-24 03:52:38,0.2560542543846492,0.0,0.0,0.0,0.0190058804366246,0.0829453125,0.0,recommendation,1
2026-07-24 03:57:38,0.2560542543846492,0.0,0.0,0.0,0.0190058804366246,0.0829453125,0.0,recommendation,1
2026-07-24 04:02:38,0.2560542543846492,0.0,0.0,0.0,0.0190058804366246,0.0829453125,0.0,recommendation,1
2026-07-24 04:07:38,0.2560542543846492,0.0,0.0,0.0,0.0190058804366246,0.0829453125,0.0,recommendation,1
2026-07-24 04:12:38,0.2560542543846492,0.0,0.0,0.0,0.0190058804366246,0.0829453125,0.0,recommendation,1
2026-07-24 04:17:38,0.2560542543846492,0.0,0.0,0.0,0.0190058804366246,0.0829453125,0.0,recommendation,1
2026-07-24 04:22:38,0.2560542543846492,0.0,0.0,0.0,0.0190058804366246,0.0829453125,0.0,recommendation,1
2026-07-24 04:27:38,0.2560542543846492,0.0,0.0,0.0,0.0190058804366246,0.0829453125,0.0,recommendation,1
2026-07-24 04:32:38,0.2560542543846492,0.0,0.0,0.0,0.0190058804366246,0.0829453125,0.0,recommendation,1
2026-07-24 04:37:38,0.2560542543846492,0.0,0.0,0.0,0.0190058804366246,0.0829453125,0.0,recommendation,1
2026-07-24 04:42:38,0.2560542543846492,0.0,0.0,0.0,0.0190058804366246,0.0829453125,0.0,recommendation,1
2026-07-24 04:47:38,0.2560542543846492,0.0,0.0,0.0,0.0190058804366246,0.0829453125,0.0,recommendation,1
2026-07-24 04:52:38,0.2560542543846492,0.0,0.0,0.0,0.0190058804366246,0.0829453125,0.0,recommendation,1
2026-07-24 04:57:38,0.2560542543846492,0.0,0.0,0.0,0.0190058804366246,0.0829453125,0.0,recommendation,1
2026-07-24 05:02:38,0.2560542543846492,0.0,0.0,0.0,0.0190058804366246,0.0829453125,0.0,recommendation,1
2026-07-24 05:07:38,0.2560542543846492,0.0,0.0,0.0,0.0190058804366246,0.0829453125,0.0,recommendation,1
2026-07-24 05:12:38,0.2560542543846492,0.0,0.0,0.0,0.0190058804366246,0.0829453125,0.0,recommendation,1
2026-07-24 05:17:38,0.2560542543846492,0.0,0.0,0.0,0.0190058804366246,0.0829453125,0.0,recommendation,1
2026-07-24 05:22:38,0.2560542543846492,0.0,0.0,0.0,0.0190058804366246,0.0829453125,0.0,recommendation,1
2026-07-24 05:27:38,0.2560542543846492,0.0,0.0,0.0,0.0190058804366246,0.0829453125,0.0,recommendation,1
2026-07-24 05:32:38,0.2560542543846492,0.0,0.0,0.0,0.0190058804366246,0.0829453125,0.0,recommendation,1
2026-07-24 05:37:38,0.2560542543846492,0.0,0.0,0.0,0.0190058804366246,0.0829453125,0.0,recommendation,1
2026-07-24 05:42:38,0.2560542543846492,0.0,0.0,0.0,0.0190058804366246,0.0829453125,0.0,recommendation,1
2026-07-24 05:47:38,0.2560542543846492,0.0,0.0,0.0,0.0190058804366246,0.0829453125,0.0,recommendation,1
2026-07-24 05:52:38,0.2560542543846492,0.0,0.0,0.0,0.0190058804366246,0.0829453125,0.0,recommendation,1
2026-07-24 05:57:38,0.2560542543846492,0.0,0.0,0.0,0.0190058804366246,0.0829453125,0.0,recommendation,1
2026-07-24 06:02:38,0.2560542543846492,0.0,0.0,0.0,0.0190058804366246,0.0829453125,0.0,recommendation,1
2026-07-24 06:07:38,0.2560542543846492,0.0,0.0,0.0,0.0190058804366246,0.0829453125,0.0,recommendation,1
2026-07-24 06:12:38,0.2560542543846492,0.0,0.0,0.0,0.0190058804366246,0.0829453125,0.0,recommendation,1
2026-07-24 06:17:38,0.2560542543846492,0.0,0.0,0.0,0.0190058804366246,0.0829453125,0.0,recommendation,1
2026-07-24 06:22:38,0.2560542543846492,0.0,0.0,0.0,0.0190058804366246,0.0829453125,0.0,recommendation,1
2026-07-24 06:27:38,0.2560542543846492,0.0,0.0,0.0,0.0190058804366246,0.0829453125,0.0,recommendation,1
2026-07-24 06:32:38,0.2560542543846492,0.0,0.0,0.0,0.0190058804366246,0.0829453125,0.0,recommendation,1
2026-07-24 06:37:38,0.2560542543846492,0.0,0.0,0.0,0.0190058804366246,0.0829453125,0.0,recommendation,1
2026-07-24 06:42:38,0.2560542543846492,0.0,0.0,0.0,0.0190058804366246,0.0829453125,0.0,recommendation,1
2026-07-24 06:47:38,0.2560542543846492,0.0,0.0,0.0,0.0190058804366246,0.0829453125,0.0,recommendation,1
2026-07-24 06:52:38,0.2560542543846492,0.0,0.0,0.0,0.0190058804366246,0.0829453125,0.0,recommendation,1
2026-07-24 06:57:38,0.2560542543846492,0.0,0.0,0.0,0.0190058804366246,0.0829453125,0.0,recommendation,1
2026-07-24 07:02:38,0.2560542543846492,0.0,0.0,0.0,0.0190058804366246,0.0829453125,0.0,recommendation,1
2026-07-24 07:07:38,0.2560542543846492,0.0,0.0,0.0,0.0190058804366246,0.0829453125,0.0,recommendation,1
2026-07-24 07:12:38,0.2560542543846492,0.0,0.0,0.0,0.0190058804366246,0.0829453125,0.0,recommendation,1
2026-07-24 07:17:38,0.2560542543846492,0.0,0.0,0.0,0.0190058804366246,0.0829453125,0.0,recommendation,1
2026-07-24 07:22:38,0.2560542543846492,0.0,0.0,0.0,0.0190058804366246,0.0829453125,0.0,recommendation,1
2026-07-24 07:27:38,0.2560542543846492,0.0,0.0,0.0,0.0190058804366246,0.0829453125,0.0,recommendation,1
2026-07-24 07:32:38,0.2560542543846492,0.0,0.0,0.0,0.0190058804366246,0.0829453125,0.0,recommendation,1
2026-07-24 07:37:38,0.2560542543846492,0.0,0.0,0.0,0.0190058804366246,0.0829453125,0.0,recommendation,1
2026-07-24 07:42:38,0.2560542543846492,0.0,0.0,0.0,0.0190058804366246,0.0829453125,0.0,recommendation,1
2026-07-24 07:47:38,0.2560542543846492,0.0,0.0,0.0,0.0190058804366246,0.0829453125,0.0,recommendation,1
2026-07-24 07:52:38,0.2560542543846492,0.0,0.0,0.0,0.0190058804366246,0.0829453125,0.0,recommendation,1
2026-07-24 07:57:38,0.2560542543846492,0.0,0.0,0.0,0.0190058804366246,0.0829453125,0.0,recommendation,1
2026-07-24 08:02:38,0.2560542543846492,0.0,0.0,0.0,0.0190058804366246,0.0829453125,0.0,recommendation,1
2026-07-24 08:07:38,0.2560542543846492,0.0,0.0,0.0,0.0190058804366246,0.0829453125,0.0,recommendation,1
2026-07-24 08:12:38,0.2560542543846492,0.0,0.0,0.0,0.0190058804366246,0.0829453125,0.0,recommendation,1
2026-07-24 08:17:38,0.2560542543846492,0.0,0.0,0.0,0.0190058804366246,0.0829453125,0.0,recommendation,1
2026-07-24 08:22:38,0.2560542543846492,0.0,0.0,0.0,0.0190058804366246,0.0829453125,0.0,recommendation,1
2026-07-24 08:27:38,0.2560542543846492,0.0,0.0,0.0,0.0190058804366246,0.0829453125,0.0,recommendation,1
2026-07-24 08:32:38,0.2560542543846492,0.0,0.0,0.0,0.0190058804366246,0.0829453125,0.0,recommendation,1
2026-07-24 08:37:38,0.2560542543846492,0.0,0.0,0.0,0.0190058804366246,0.0829453125,0.0,recommendation,1
2026-07-24 08:42:38,0.2560542543846492,0.0,0.0,0.0,0.0190058804366246,0.0829453125,0.0,recommendation,1
2026-07-24 08:47:38,0.2560542543846492,0.0,0.0,0.0,0.0190058804366246,0.0829453125,0.0,recommendation,1
2026-07-24 08:52:38,0.2560542543846492,0.0,0.0,0.0,0.0190058804366246,0.0829453125,0.0,recommendation,1
2026-07-24 08:57:38,0.2560542543846492,0.0,0.0,0.0,0.0190058804366246,0.0829453125,0.0,recommendation,1
2026-07-24 09:02:38,0.2560542543846492,0.0,0.0,0.0,0.0190058804366246,0.0829453125,0.0,recommendation,1
2026-07-24 09:07:38,0.2560542543846492,0.0,0.0,0.0,0.0190058804366246,0.0829453125,0.0,recommendation,1
2026-07-24 09:12:38,0.2560542543846492,0.0,0.0,0.0,0.0190058804366246,0.0829453125,0.0,recommendation,1
2026-07-24 09:17:38,0.2560542543846492,0.0,0.0,0.0,0.0190058804366246,0.0829453125,0.0,recommendation,1
2026-07-24 09:22:38,0.2560542543846492,0.0,0.0,0.0,0.0190058804366246,0.0829453125,0.0,recommendation,1
2026-07-24 09:27:38,0.2560542543846492,0.0,0.0,0.0,0.0190058804366246,0.0829453125,0.0,recommendation,1
2026-07-24 09:32:38,0.2560542543846492,0.0,0.0,0.0,0.0190058804366246,0.0829453125,0.0,recommendation,1
2026-07-24 09:37:38,0.2560542543846492,0.0,0.0,0.0,0.0190058804366246,0.0829453125,0.0,recommendation,1
2026-07-24 09:42:38,0.2560542543846492,0.0,0.0,0.0,0.0190058804366246,0.0829453125,0.0,recommendation,1
2026-07-24 09:47:38,0.2560542543846492,0.0,0.0,0.0,0.0190058804366246,0.0829453125,0.0,recommendation,1
2026-07-24 09:52:38,0.2560542543846492,0.0,0.0,0.0,0.0190058804366246,0.0829453125,0.0,recommendation,1
2026-07-24 09:57:38,0.2560542543846492,0.0,0.0,0.0,0.0190058804366246,0.0829453125,0.0,recommendation,1
2026-07-24 10:02:38,0.2560542543846492,0.0,0.0,0.0,0.0190058804366246,0.0829453125,0.0,recommendation,1
2026-07-24 10:07:38,0.2560542543846492,0.0,0.0,0.0,0.0190058804366246,0.0829453125,0.0,recommendation,1
2026-07-24 10:12:38,0.2560542543846492,0.0,0.0,0.0,0.0190058804366246,0.0829453125,0.0,recommendation,1
2026-07-24 10:17:38,0.2560542543846492,0.0,0.0,0.0,0.0190058804366246,0.0829453125,0.0,recommendation,1
2026-07-24 10:22:38,0.2560542543846492,0.0,0.0,0.0,0.0190058804366246,0.0829453125,0.0,recommendation,1
2026-07-24 10:27:38,0.2560542543846492,0.0,0.0,0.0,0.0190058804366246,0.0829453125,0.0,recommendation,1
2026-07-24 10:32:38,0.2560542543846492,0.0,0.0,0.0,0.0190058804366246,0.0829453125,0.0,recommendation,1
2026-07-24 10:37:38,0.2560542543846492,0.0,0.0,0.0,0.0190058804366246,0.0829453125,0.0,recommendation,1
2026-07-24 10:42:38,0.2560542543846492,0.0,0.0,0.0,0.0190058804366246,0.0829453125,0.0,recommendation,1
2026-07-24 10:47:38,0.2560542543846492,0.0,0.0,0.0,0.0190058804366246,0.0829453125,0.0,recommendation,1
2026-07-24 10:52:38,0.2560542543846492,0.0,0.0,0.0,0.0190058804366246,0.0829453125,0.0,recommendation,1
2026-07-24 10:57:38,0.2560542543846492,0.0,0.0,0.0,0.0190058804366246,0.0829453125,0.0,recommendation,1
2026-07-24 11:02:38,0.2560542543846492,0.0,0.0,0.0,0.0190058804366246,0.0829453125,0.0,recommendation,1
2026-07-24 11:07:38,0.2560542543846492,0.0,0.0,0.0,0.0190058804366246,0.0829453125,0.0,recommendation,1
2026-07-24 11:12:38,0.2560542543846492,0.0,0.0,0.0,0.0190058804366246,0.0829453125,0.0,recommendation,1
2026-07-24 11:17:38,0.2560542543846492,0.0,0.0,0.0,0.0190058804366246,0.0829453125,0.0,recommendation,1
2026-07-24 11:22:38,0.2560542543846492,0.0,0.0,0.0,0.0190058804366246,0.0829453125,0.0,recommendation,1
2026-07-24 11:27:38,0.2560542543846492,0.0,0.0,0.0,0.0190058804366246,0.0829453125,0.0,recommendation,1
2026-07-24 11:32:38,0.2560542543846492,0.0,0.0,0.0,0.0190058804366246,0.0829453125,0.0,recommendation,1
2026-07-24 11:37:38,0.2560542543846492,0.0,0.0,0.0,0.0190058804366246,0.0829453125,0.0,recommendation,1
2026-07-24 11:42:38,0.2560542543846492,0.0,0.0,0.0,0.0190058804366246,0.0829453125,0.0,recommendation,1
2026-07-24 11:47:38,0.2560542543846492,0.0,0.0,0.0,0.0190058804366246,0.0829453125,0.0,recommendation,1
2026-07-24 11:52:38,0.2560542543846492,0.0,0.0,0.0,0.0190058804366246,0.0829453125,0.0,recommendation,1
2026-07-24 11:57:38,0.2560542543846492,0.0,0.0,0.0,0.0190058804366246,0.0829453125,0.0,recommendation,1
2026-07-24 12:02:38,0.2560542543846492,0.0,0.0,0.0,0.0190058804366246,0.0829453125,0.0,recommendation,1
2026-07-24 12:07:38,0.2560542543846492,0.0,0.0,0.0,0.0190058804366246,0.0829453125,0.0,recommendation,1
2026-07-24 12:12:38,0.2560542543846492,0.0,0.0,0.0,0.0190058804366246,0.0829453125,0.0,recommendation,1
2026-07-24 12:17:38,0.2560542543846492,0.0,0.0,0.0,0.0190058804366246,0.0829453125,0.0,recommendation,1
2026-07-24 12:22:38,0.2560542543846492,0.0,0.0,0.0,0.0190058804366246,0.0829453125,0.0,recommendation,1
2026-07-24 12:27:38,0.2560542543846492,0.0,0.0,0.0,0.0190058804366246,0.0829453125,0.0,recommendation,1
2026-07-24 12:32:38,0.2560542543846492,0.0,0.0,0.0,0.0190058804366246,0.0829453125,0.0,recommendation,1
2026-07-24 12:37:38,0.2560542543846492,0.0,0.0,0.0,0.0190058804366246,0.0829453125,0.0,recommendation,1
2026-07-24 12:42:38,0.2560542543846492,0.0,0.0,0.0,0.0190058804366246,0.0829453125,0.0,recommendation,1
2026-07-24 12:47:38,0.2560542543846492,0.0,0.0,0.0,0.0190058804366246,0.0829453125,0.0,recommendation,1
2026-07-24 12:52:38,0.2560542543846492,0.0,0.0,0.0,0.0190058804366246,0.0829453125,0.0,recommendation,1
2026-07-24 12:57:38,0.2560542543846492,0.0,0.0,0.0,0.0190058804366246,0.0829453125,0.0,recommendation,1
2026-07-24 13:02:38,0.2560542543846492,0.0,0.0,0.0,0.0190058804366246,0.0829453125,0.0,recommendation,1
2026-07-24 13:07:38,0.2560542543846492,0.0,0.0,0.0,0.0190058804366246,0.0829453125,0.0,recommendation,1
2026-07-24 13:12:38,0.2560542543846492,0.0,0.0,0.0,0.0190058804366246,0.0829453125,0.0,recommendation,1
2026-07-24 13:17:38,0.2560542543846492,0.0,0.0,0.0,0.0190058804366246,0.0829453125,0.0,recommendation,1
2026-07-24 13:22:38,0.2560542543846492,0.0,0.0,0.0,0.0190058804366246,0.0829453125,0.0,recommendation,1
2026-07-24 13:27:38,0.2560542543846492,0.0,0.0,0.0,0.0190058804366246,0.0829453125,0.0,recommendation,1
2026-07-24 13:32:38,0.2560542543846492,0.0,0.0,0.0,0.0190058804366246,0.0829453125,0.0,recommendation,1
2026-07-24 13:37:38,0.2560542543846492,0.0,0.0,0.0,0.0190058804366246,0.0829453125,0.0,recommendation,1
2026-07-24 13:42:38,0.2560542543846492,0.0,0.0,0.0,0.0190058804366246,0.0829453125,0.0,recommendation,1
2026-07-24 13:47:38,0.2560542543846492,0.0,0.0,0.0,0.0190058804366246,0.0829453125,0.0,recommendation,1
2026-07-24 13:52:38,0.2560542543846492,0.0,0.0,0.0,0.0190058804366246,0.0829453125,0.0,recommendation,1
2026-07-24 13:57:38,0.2560542543846492,0.0,0.0,0.0,0.0190058804366246,0.0829453125,0.0,recommendation,1
2026-07-24 14:02:38,0.2560542543846492,0.0,0.0,0.0,0.0190058804366246,0.0829453125,0.0,recommendation,1
2026-07-24 14:07:38,0.2560542543846492,0.0,0.0,0.0,0.0190058804366246,0.0829453125,0.0,recommendation,1
2026-07-24 14:12:38,0.2560542543846492,0.0,0.0,0.0,0.0190058804366246,0.0829453125,0.0,recommendation,1
2026-07-24 14:17:38,0.2560542543846492,0.0,0.0,0.0,0.0190058804366246,0.0829453125,0.0,recommendation,1
2026-07-24 14:22:38,0.2560542543846492,0.0,0.0,0.0,0.0190058804366246,0.0829453125,0.0,recommendation,1
2026-07-24 14:27:38,0.2560542543846492,0.0,0.0,0.0,0.0190058804366246,0.0829453125,0.0,recommendation,1
2026-07-24 14:32:38,0.2560542543846492,0.0,0.0,0.0,0.0190058804366246,0.0829453125,0.0,recommendation,1
2026-07-24 14:37:38,0.2560542543846492,0.0,0.0,0.0,0.0190058804366246,0.0829453125,0.0,recommendation,1
2026-07-24 14:42:38,0.2560542543846492,0.0,0.0,0.0,0.0190058804366246,0.0829453125,0.0,recommendation,1
2026-07-24 14:47:38,0.2560542543846492,0.0,0.0,0.0,0.0190058804366246,0.0829453125,0.0,recommendation,1
2026-07-24 14:52:38,0.2560542543846492,0.0,0.0,0.0,0.0190058804366246,0.0829453125,0.0,recommendation,1
2026-07-24 14:57:38,0.2560542543846492,0.0,0.0,0.0,0.0190058804366246,0.0829453125,0.0,recommendation,1
2026-07-24 15:02:38,0.2560542543846492,0.0,0.0,0.0,0.0190058804366246,0.0829453125,0.0,recommendation,1
2026-07-24 15:07:38,0.2560542543846492,0.0,0.0,0.0,0.0190058804366246,0.0829453125,0.0,recommendation,1
2026-07-24 15:12:38,0.2560542543846492,0.0,0.0,0.0,0.0190058804366246,0.0829453125,0.0,recommendation,1
2026-07-24 15:17:38,0.2560542543846492,0.0,0.0,0.0,0.0190058804366246,0.0829453125,0.0,recommendation,1
2026-07-24 15:22:38,0.2560542543846492,0.0,0.0,0.0,0.0190058804366246,0.0829453125,0.0,recommendation,1
2026-07-24 15:27:38,0.2560542543846492,0.0,0.0,0.0,0.0190058804366246,0.0829453125,0.0,recommendation,1
2026-07-24 15:32:38,0.2560542543846492,0.0,0.0,0.0,0.0190058804366246,0.0829453125,0.0,recommendation,1
2026-07-24 15:37:38,0.2560542543846492,0.0,0.0,0.0,0.0190058804366246,0.0829453125,0.0,recommendation,1
2026-07-24 15:42:38,0.2560542543846492,0.0,0.0,0.0,0.0190058804366246,0.0829453125,0.0,recommendation,1
2026-07-24 15:47:38,0.2560542543846492,0.0,0.0,0.0,0.0190058804366246,0.0829453125,0.0,recommendation,1
2026-07-24 15:52:38,0.2560542543846492,0.0,0.0,0.0,0.0190058804366246,0.0829453125,0.0,recommendation,1
2026-07-24 15:57:38,0.2560542543846492,0.0,0.0,0.0,0.0190058804366246,0.0829453125,0.0,recommendation,1
2026-07-24 16:02:38,0.2560542543846492,0.0,0.0,0.0,0.0190058804366246,0.0829453125,0.0,recommendation,1
2026-07-24 16:07:38,0.2560542543846492,0.0,0.0,0.0,0.0190058804366246,0.0829453125,0.0,recommendation,1
2026-07-24 16:12:38,0.2560542543846492,0.0,0.0,0.0,0.0190058804366246,0.0829453125,0.0,recommendation,1
2026-07-24 16:17:38,0.2560542543846492,0.0,0.0,0.0,0.0190058804366246,0.0829453125,0.0,recommendation,1
2026-07-24 16:22:38,0.2560542543846492,0.0,0.0,0.0,0.0190058804366246,0.0829453125,0.0,recommendation,1
2026-07-24 16:27:38,0.2560542543846492,0.0,0.0,0.0,0.0190058804366246,0.0829453125,0.0,recommendation,1
2026-07-24 16:32:38,0.2560542543846492,0.0,0.0,0.0,0.0190058804366246,0.0829453125,0.0,recommendation,1
2026-07-24 16:37:38,0.2560542543846492,0.0,0.0,0.0,0.0190058804366246,0.0829453125,0.0,recommendation,1
2026-07-24 16:42:38,0.2560542543846492,0.0,0.0,0.0,0.0190058804366246,0.0829453125,0.0,recommendation,1
2026-07-24 16:47:38,0.2560542543846492,0.0,0.0,0.0,0.0190058804366246,0.0829453125,0.0,recommendation,1
2026-07-24 16:52:38,0.2560542543846492,0.0,0.0,0.0,0.0190058804366246,0.0829453125,0.0,recommendation,1
2026-07-24 16:57:38,0.2560542543846492,0.0,0.0,0.0,0.0190058804366246,0.0829453125,0.0,recommendation,1
2026-07-24 17:02:38,0.2560542543846492,0.0,0.0,0.0,0.0190058804366246,0.0829453125,0.0,recommendation,1
2026-07-24 17:07:38,0.2560542543846492,0.0,0.0,0.0,0.0190058804366246,0.0829453125,0.0,recommendation,1
2026-07-24 17:12:38,0.2560542543846492,0.0,0.0,0.0,0.0190058804366246,0.0829453125,0.0,recommendation,1
2026-07-24 17:17:38,0.2560542543846492,0.0,0.0,0.0,0.0190058804366246,0.0829453125,0.0,recommendation,1
2026-07-24 17:22:38,0.2560542543846492,0.0,0.0,0.0,0.0190058804366246,0.0829453125,0.0,recommendation,1
2026-07-24 17:27:38,0.2560542543846492,0.0,0.0,0.0,0.0190058804366246,0.0829453125,0.0,recommendation,1
2026-07-24 17:32:38,0.2560542543846492,0.0,0.0,0.0,0.0190058804366246,0.0829453125,0.0,recommendation,1
2026-07-24 17:37:38,0.2560542543846492,0.0,0.0,0.0,0.0190058804366246,0.0829453125,0.0,recommendation,1
2026-07-24 17:42:38,0.2560542543846492,0.0,0.0,0.0,0.0190058804366246,0.0829453125,0.0,recommendation,1
2026-07-24 17:47:38,0.2560542543846492,0.0,0.0,0.0,0.0190058804366246,0.0829453125,0.0,recommendation,1
2026-07-24 17:52:38,0.2560542543846492,0.0,0.0,0.0,0.0190058804366246,0.0829453125,0.0,recommendation,1
2026-07-24 17:57:38,0.2560542543846492,0.0,0.0,0.0,0.0190058804366246,0.0829453125,0.0,recommendation,1
2026-07-24 18:02:38,0.2560542543846492,0.0,0.0,0.0,0.0190058804366246,0.0829453125,0.0,recommendation,1
2026-07-24 18:07:38,0.2560542543846492,0.0,0.0,0.0,0.0190058804366246,0.0829453125,0.0,recommendation,1
2026-07-24 18:12:38,0.2560542543846492,0.0,0.0,0.0,0.0190058804366246,0.0829453125,0.0,recommendation,1
2026-07-24 18:17:38,0.2560542543846492,0.0,0.0,0.0,0.0190058804366246,0.0829453125,0.0,recommendation,1
2026-07-24 18:22:38,0.2560542543846492,0.0,0.0,0.0,0.0190058804366246,0.0829453125,0.0,recommendation,1
2026-07-24 18:27:38,0.2560542543846492,0.0,0.0,0.0,0.0190058804366246,0.0829453125,0.0,recommendation,1
2026-07-24 18:32:38,0.2560542543846492,0.0,0.0,0.0,0.0190058804366246,0.0829453125,0.0,recommendation,1
2026-07-24 18:37:38,0.2560542543846492,0.0,0.0,0.0,0.0190058804366246,0.0829453125,0.0,recommendation,1
2026-07-24 18:42:38,0.2560542543846492,0.0,0.0,0.0,0.0190058804366246,0.0829453125,0.0,recommendation,1
2026-07-24 18:47:38,0.2560542543846492,0.0,0.0,0.0,0.0190058804366246,0.0829453125,0.0,recommendation,1
2026-07-24 18:52:38,0.2560542543846492,0.0,0.0,0.0,0.0190058804366246,0.0829453125,0.0,recommendation,1
2026-07-24 18:57:38,0.2560542543846492,0.0,0.0,0.0,0.0190058804366246,0.0829453125,0.0,recommendation,1
2026-07-24 19:02:38,0.2560542543846492,0.0,0.0,0.0,0.0190058804366246,0.0829453125,0.0,recommendation,1
2026-07-24 19:07:38,0.2560542543846492,0.0,0.0,0.0,0.0190058804366246,0.0829453125,0.0,recommendation,1
2026-07-24 19:12:38,0.2560542543846492,0.0,0.0,0.0,0.0190058804366246,0.0829453125,0.0,recommendation,1
2026-07-24 19:17:38,0.2560542543846492,0.0,0.0,0.0,0.0190058804366246,0.0829453125,0.0,recommendation,1
2026-07-24 19:22:38,0.2560542543846492,0.0,0.0,0.0,0.0190058804366246,0.0829453125,0.0,recommendation,1
2026-07-24 19:27:38,0.2560542543846492,0.0,0.0,0.0,0.0190058804366246,0.0829453125,0.0,recommendation,1
2026-07-24 19:32:38,0.2560542543846492,0.0,0.0,0.0,0.0190058804366246,0.0829453125,0.0,recommendation,1
2026-07-24 19:37:38,0.2560542543846492,0.0,0.0,0.0,0.0190058804366246,0.0829453125,0.0,recommendation,1
2026-07-24 19:42:38,0.2560542543846492,0.0,0.0,0.0,0.0190058804366246,0.0829453125,0.0,recommendation,1
2026-07-24 19:47:38,0.2560542543846492,0.0,0.0,0.0,0.0190058804366246,0.0829453125,0.0,recommendation,1
2026-07-24 19:52:38,0.2560542543846492,0.0,0.0,0.0,0.0190058804366246,0.0829453125,0.0,recommendation,1
2026-07-24 19:57:38,0.2560542543846492,0.0,0.0,0.0,0.0190058804366246,0.0829453125,0.0,recommendation,1
2026-07-24 20:02:38,0.2560542543846492,0.0,0.0,0.0,0.0190058804366246,0.0829453125,0.0,recommendation,1
2026-07-24 20:07:38,0.2560542543846492,0.0,0.0,0.0,0.0190058804366246,0.0829453125,0.0,recommendation,1
2026-07-24 20:12:38,0.2560542543846492,0.0,0.0,0.0,0.0190058804366246,0.0829453125,0.0,recommendation,1
2026-07-24 20:17:38,0.2560542543846492,0.0,0.0,0.0,0.0190058804366246,0.0829453125,0.0,recommendation,1
2026-07-24 20:22:38,0.2560542543846492,0.0,0.0,0.0,0.0190058804366246,0.0829453125,0.0,recommendation,1
2026-07-24 20:27:38,0.2560542543846492,0.0,0.0,0.0,0.0190058804366246,0.0829453125,0.0,recommendation,1
2026-07-24 20:32:38,0.2560542543846492,0.0,0.0,0.0,0.0190058804366246,0.0829453125,0.0,recommendation,1
2026-07-24 20:37:38,0.2560542543846492,0.0,0.0,0.0,0.0190058804366246,0.0829453125,0.0,recommendation,1
2026-07-24 20:42:38,0.2560542543846492,0.0,0.0,0.0,0.0190058804366246,0.0829453125,0.0,recommendation,1
2026-07-24 20:47:38,0.2560542543846492,0.0,0.0,0.0,0.0190058804366246,0.0829453125,0.0,recommendation,1
2026-07-24 20:52:38,0.2560542543846492,0.0,0.0,0.0,0.0190058804366246,0.0829453125,0.0,recommendation,1
2026-07-24 20:57:38,0.2560542543846492,0.0,0.0,0.0,0.0190058804366246,0.0829453125,0.0,recommendation,1
2026-07-24 21:02:38,0.2560542543846492,0.0,0.0,0.0,0.0190058804366246,0.0829453125,0.0,recommendation,1
2026-07-24 21:07:38,0.2560542543846492,0.0,0.0,0.0,0.0190058804366246,0.0829453125,0.0,recommendation,1
2026-07-24 21:12:38,0.2560542543846492,0.0,0.0,0.0,0.0190058804366246,0.0829453125,0.0,recommendation,1
2026-07-24 21:17:38,0.2560542543846492,0.0,0.0,0.0,0.0190058804366246,0.0829453125,0.0,recommendation,1
2026-07-24 21:22:38,0.2560542543846492,0.0,0.0,0.0,0.0190058804366246,0.0829453125,0.0,recommendation,1
2026-07-24 21:27:38,0.2560542543846492,0.0,0.0,0.0,0.0190058804366246,0.0829453125,0.0,recommendation,1
2026-07-24 21:32:38,0.2560542543846492,0.0,0.0,0.0,0.0190058804366246,0.0829453125,0.0,recommendation,1
2026-07-24 21:37:38,0.2560542543846492,0.0,0.0,0.0,0.0190058804366246,0.0829453125,0.0,recommendation,1
2026-07-24 21:42:38,0.2560542543846492,0.0,0.0,0.0,0.0190058804366246,0.0829453125,0.0,recommendation,1
2026-07-24 21:47:38,0.2560542543846492,0.0,0.0,0.0,0.0190058804366246,0.0829453125,0.0,recommendation,1
2026-07-24 21:52:38,0.2560542543846492,0.0,0.0,0.0,0.0190058804366246,0.0829453125,0.0,recommendation,1
2026-07-24 21:57:38,0.2560542543846492,0.0,0.0,0.0,0.0190058804366246,0.0829453125,0.0,recommendation,1
2026-07-24 22:02:38,0.2560542543846492,0.0,0.0,0.0,0.0190058804366246,0.0829453125,0.0,recommendation,1
2026-07-24 22:07:38,0.2560542543846492,0.0,0.0,0.0,0.0190058804366246,0.0829453125,0.0,recommendation,1
2026-07-24 22:12:38,0.2560542543846492,0.0,0.0,0.0,0.0190058804366246,0.0829453125,0.0,recommendation,1
2026-07-24 22:17:38,0.2560542543846492,0.0,0.0,0.0,0.0190058804366246,0.0829453125,0.0,recommendation,1
2026-07-24 22:22:38,0.2560542543846492,0.0,0.0,0.0,0.0190058804366246,0.0829453125,0.0,recommendation,1
2026-07-24 22:27:38,0.2560542543846492,0.0,0.0,0.0,0.0190058804366246,0.0829453125,0.0,recommendation,1
2026-07-24 22:32:38,0.2560542543846492,0.0,0.0,0.0,0.0190058804366246,0.0829453125,0.0,recommendation,1
2026-07-24 22:37:38,0.2560542543846492,0.0,0.0,0.0,0.0190058804366246,0.0829453125,0.0,recommendation,1
2026-07-24 22:42:38,0.2560542543846492,0.0,0.0,0.0,0.0190058804366246,0.0829453125,0.0,recommendation,1
2026-07-24 22:47:38,0.2560542543846492,0.0,0.0,0.0,0.0190058804366246,0.0829453125,0.0,recommendation,1
2026-07-24 22:52:38,0.2560542543846492,0.0,0.0,0.0,0.0190058804366246,0.0829453125,0.0,recommendation,1
2026-07-24 22:57:38,0.2560542543846492,0.0,0.0,0.0,0.0190058804366246,0.0829453125,0.0,recommendation,1
2026-07-24 23:02:38,0.2560542543846492,0.0,0.0,0.0,0.0190058804366246,0.0829453125,0.0,recommendation,1
2026-07-24 23:07:38,0.2560542543846492,0.0,0.0,0.0,0.0190058804366246,0.0829453125,0.0,recommendation,1
2026-07-24 23:12:38,0.2560542543846492,0.0,0.0,0.0,0.0190058804366246,0.0829453125,0.0,recommendation,1
2026-07-24 23:17:38,0.2560542543846492,0.0,0.0,0.0,0.0190058804366246,0.0829453125,0.0,recommendation,1
2026-07-24 23:22:38,0.2560542543846492,0.0,0.0,0.0,0.0190058804366246,0.0829453125,0.0,recommendation,1
2026-07-24 23:27:38,0.2560542543846492,0.0,0.0,0.0,0.0190058804366246,0.0829453125,0.0,recommendation,1
2026-07-24 23:32:38,0.2560542543846492,0.0,0.0,0.0,0.0190058804366246,0.0829453125,0.0,recommendation,1
2026-07-24 23:37:38,0.2560542543846492,0.0,0.0,0.0,0.0190058804366246,0.0829453125,0.0,recommendation,1
2026-07-24 23:42:38,0.2560542543846492,0.0,0.0,0.0,0.0190058804366246,0.0829453125,0.0,recommendation,1
2026-07-24 23:47:38,0.2560542543846492,0.0,0.0,0.0,0.0190058804366246,0.0829453125,0.0,recommendation,1
2026-07-24 23:52:38,0.2560542543846492,0.0,0.0,0.0,0.0190058804366246,0.0829453125,0.0,recommendation,1
2026-07-24 23:57:38,0.2560542543846492,0.0,0.0,0.0,0.0190058804366246,0.0829453125,0.0,recommendation,1
2026-07-25 00:02:38,0.2560542543846492,0.0,0.0,0.0,0.0190058804366246,0.0829453125,0.0,recommendation,1
2026-07-25 00:07:38,0.2560542543846492,0.0,0.0,0.0,0.0190058804366246,0.0829453125,0.0,recommendation,1
2026-07-25 00:12:38,0.2560542543846492,0.0,0.0,0.0,0.0190058804366246,0.0829453125,0.0,recommendation,1
2026-07-25 00:17:38,0.2560542543846492,0.0,0.0,0.0,0.0190058804366246,0.0829453125,0.0,recommendation,1
2026-07-25 00:22:38,0.2560542543846492,0.0,0.0,0.0,0.0190058804366246,0.0829453125,0.0,recommendation,1
2026-07-25 00:27:38,0.2560542543846492,0.0,0.0,0.0,0.0190058804366246,0.0829453125,0.0,recommendation,1
2026-07-25 00:32:38,0.2560542543846492,0.0,0.0,0.0,0.0190058804366246,0.0829453125,0.0,recommendation,1
2026-07-25 00:37:38,0.2560542543846492,0.0,0.0,0.0,0.0190058804366246,0.0829453125,0.0,recommendation,1
2026-07-25 00:42:38,0.2560542543846492,0.0,0.0,0.0,0.0190058804366246,0.0829453125,0.0,recommendation,1
2026-07-25 00:47:38,0.2560542543846492,0.0,0.0,0.0,0.0190058804366246,0.0829453125,0.0,recommendation,1
2026-07-25 00:52:38,0.2560542543846492,0.0,0.0,0.0,0.0190058804366246,0.0829453125,0.0,recommendation,1
2026-07-25 00:57:38,0.2560542543846492,0.0,0.0,0.0,0.0190058804366246,0.0829453125,0.0,recommendation,1
2026-07-25 01:02:38,0.2560542543846492,0.0,0.0,0.0,0.0190058804366246,0.0829453125,0.0,recommendation,1
2026-07-25 01:07:38,0.2560542543846492,0.0,0.0,0.0,0.0190058804366246,0.0829453125,0.0,recommendation,1
2026-07-25 01:12:38,0.2560542543846492,0.0,0.0,0.0,0.0190058804366246,0.0829453125,0.0,recommendation,1
2026-07-25 01:17:38,0.2560542543846492,0.0,0.0,0.0,0.0190058804366246,0.0829453125,0.0,recommendation,1
2026-07-25 01:22:38,0.2560542543846492,0.0,0.0,0.0,0.0190058804366246,0.0829453125,0.0,recommendation,1
2026-07-25 01:27:38,0.2560542543846492,0.0,0.0,0.0,0.0190058804366246,0.0829453125,0.0,recommendation,1
2026-07-25 01:32:38,0.2560542543846492,0.0,0.0,0.0,0.0190058804366246,0.0829453125,0.0,recommendation,1
2026-07-25 01:37:38,0.2560542543846492,0.0,0.0,0.0,0.0190058804366246,0.0829453125,0.0,recommendation,1
2026-07-25 01:42:38,0.2560542543846492,0.0,0.0,0.0,0.0190058804366246,0.0829453125,0.0,recommendation,1
2026-07-25 01:47:38,0.2560542543846492,0.0,0.0,0.0,0.0190058804366246,0.0829453125,0.0,recommendation,1
2026-07-25 01:52:38,0.2560542543846492,0.0,0.0,0.0,0.0190058804366246,0.0829453125,0.0,recommendation,1
2026-07-25 01:57:38,0.2560542543846492,0.0,0.0,0.0,0.0190058804366246,0.0829453125,0.0,recommendation,1
2026-07-25 02:02:38,0.2560542543846492,0.0,0.0,0.0,0.0190058804366246,0.0829453125,0.0,recommendation,1
2026-07-25 02:07:38,0.2560542543846492,0.0,0.0,0.0,0.0190058804366246,0.0829453125,0.0,recommendation,1
2026-07-25 02:12:38,0.2560542543846492,0.0,0.0,0.0,0.0190058804366246,0.0829453125,0.0,recommendation,1
2026-07-25 02:17:38,0.2560542543846492,0.0,0.0,0.0,0.0190058804366246,0.0829453125,0.0,recommendation,1
2026-07-25 02:22:38,0.2560542543846492,0.0,0.0,0.0,0.0190058804366246,0.0829453125,0.0,recommendation,1
2026-07-25 02:27:38,0.2560542543846492,0.0,0.0,0.0,0.0190058804366246,0.0829453125,0.0,recommendation,1
2026-07-25 02:32:38,0.2560542543846492,0.0,0.0,0.0,0.0190058804366246,0.0829453125,0.0,recommendation,1
2026-07-25 02:37:38,0.2560542543846492,0.0,0.0,0.0,0.0190058804366246,0.0829453125,0.0,recommendation,1
2026-07-25 02:42:38,0.2560542543846492,0.0,0.0,0.0,0.0190058804366246,0.0829453125,0.0,recommendation,1
2026-07-25 02:47:38,0.2560542543846492,0.0,0.0,0.0,0.0190058804366246,0.0829453125,0.0,recommendation,1
2026-07-25 02:52:38,0.2560542543846492,0.0,0.0,0.0,0.0190058804366246,0.0829453125,0.0,recommendation,1
2026-07-25 02:57:38,0.2560542543846492,0.0,0.0,0.0,0.0190058804366246,0.0829453125,0.0,recommendation,1
2026-07-25 03:02:38,0.2560542543846492,0.0,0.0,0.0,0.0190058804366246,0.0829453125,0.0,recommendation,1
2026-07-25 03:07:38,0.2560542543846492,0.0,0.0,0.0,0.0190058804366246,0.0829453125,0.0,recommendation,1
2026-07-25 03:12:38,0.2560542543846492,0.0,0.0,0.0,0.0190058804366246,0.0829453125,0.0,recommendation,1
2026-07-25 03:17:38,0.2560542543846492,0.0,0.0,0.0,0.0190058804366246,0.0829453125,0.0,recommendation,1
2026-07-25 03:22:38,0.2560542543846492,0.0,0.0,0.0,0.0190058804366246,0.0829453125,0.0,recommendation,1
2026-07-25 03:27:38,0.2560542543846492,0.0,0.0,0.0,0.0190058804366246,0.0829453125,0.0,recommendation,1
2026-07-25 03:32:38,0.2560542543846492,0.0,0.0,0.0,0.0190058804366246,0.0829453125,0.0,recommendation,1
2026-07-25 03:37:38,0.2560542543846492,0.0,0.0,0.0,0.0190058804366246,0.0829453125,0.0,recommendation,1
2026-07-25 03:42:38,0.2560542543846492,0.0,0.0,0.0,0.0190058804366246,0.0829453125,0.0,recommendation,1
2026-07-25 03:47:38,0.2560542543846492,0.0,0.0,0.0,0.0190058804366246,0.0829453125,0.0,recommendation,1
2026-07-25 03:52:38,0.2560542543846492,0.0,0.0,0.0,0.0190058804366246,0.0829453125,0.0,recommendation,1
2026-07-25 03:57:38,0.2560542543846492,0.0,0.0,0.0,0.0190058804366246,0.0829453125,0.0,recommendation,1
2026-07-25 04:02:38,0.2560542543846492,0.0,0.0,0.0,0.0190058804366246,0.0829453125,0.0,recommendation,1
2026-07-25 04:07:38,0.2560542543846492,0.0,0.0,0.0,0.0190058804366246,0.0829453125,0.0,recommendation,1
2026-07-25 04:12:38,0.2560542543846492,0.0,0.0,0.0,0.0190058804366246,0.0829453125,0.0,recommendation,1
2026-07-25 04:17:38,0.2560542543846492,0.0,0.0,0.0,0.0190058804366246,0.0829453125,0.0,recommendation,1
2026-07-25 04:22:38,0.2560542543846492,0.0,0.0,0.0,0.0190058804366246,0.0829453125,0.0,recommendation,1
2026-07-25 04:27:38,0.2560542543846492,0.0,0.0,0.0,0.0190058804366246,0.0829453125,0.0,recommendation,1
2026-07-25 04:32:38,0.2560542543846492,0.0,0.0,0.0,0.0190058804366246,0.0829453125,0.0,recommendation,1
2026-07-25 04:37:38,0.2560542543846492,0.0,0.0,0.0,0.0190058804366246,0.0829453125,0.0,recommendation,1
2026-07-25 04:42:38,0.2560542543846492,0.0,0.0,0.0,0.0190058804366246,0.0829453125,0.0,recommendation,1
2026-07-25 04:47:38,0.2560542543846492,0.0,0.0,0.0,0.0190058804366246,0.0829453125,0.0,recommendation,1
2026-07-25 04:52:38,0.2560542543846492,0.0,0.0,0.0,0.0190058804366246,0.0829453125,0.0,recommendation,1
2026-07-25 04:57:38,0.2560542543846492,0.0,0.0,0.0,0.0190058804366246,0.0829453125,0.0,recommendation,1
2026-07-25 05:02:38,0.2560542543846492,0.0,0.0,0.0,0.0190058804366246,0.0829453125,0.0,recommendation,1
2026-07-25 05:07:38,0.2560542543846492,0.0,0.0,0.0,0.0190058804366246,0.0829453125,0.0,recommendation,1
2026-07-25 05:12:38,0.2560542543846492,0.0,0.0,0.0,0.0190058804366246,0.0829453125,0.0,recommendation,1
2026-07-25 05:17:38,0.2560542543846492,0.0,0.0,0.0,0.0190058804366246,0.0829453125,0.0,recommendation,1
2026-07-25 05:22:38,0.2560542543846492,0.0,0.0,0.0,0.0190058804366246,0.0829453125,0.0,recommendation,1
2026-07-25 05:27:38,0.2560542543846492,0.0,0.0,0.0,0.0190058804366246,0.0829453125,0.0,recommendation,1
2026-07-25 05:32:38,0.2560542543846492,0.0,0.0,0.0,0.0190058804366246,0.0829453125,0.0,recommendation,1
2026-07-25 05:37:38,0.2560542543846492,0.0,0.0,0.0,0.0190058804366246,0.0829453125,0.0,recommendation,1
2026-07-25 05:42:38,0.2560542543846492,0.0,0.0,0.0,0.0190058804366246,0.0829453125,0.0,recommendation,1
2026-07-25 05:47:38,0.2560542543846492,0.0,0.0,0.0,0.0190058804366246,0.0829453125,0.0,recommendation,1
2026-07-25 05:52:38,0.2560542543846492,0.0,0.0,0.0,0.0190058804366246,0.0829453125,0.0,recommendation,1
2026-07-25 05:57:38,0.2560542543846492,0.0,0.0,0.0,0.0190058804366246,0.0829453125,0.0,recommendation,1
2026-07-25 06:02:38,0.2560542543846492,0.0,0.0,0.0,0.0190058804366246,0.0829453125,0.0,recommendation,1
2026-07-25 06:07:38,0.2560542543846492,0.0,0.0,0.0,0.0190058804366246,0.0829453125,0.0,recommendation,1
2026-07-25 06:12:38,0.2560542543846492,0.0,0.0,0.0,0.0190058804366246,0.0829453125,0.0,recommendation,1
2026-07-25 06:17:38,0.2560542543846492,0.0,0.0,0.0,0.0190058804366246,0.0829453125,0.0,recommendation,1
2026-07-25 06:22:38,0.2560542543846492,0.0,0.0,0.0,0.0190058804366246,0.0829453125,0.0,recommendation,1
2026-07-25 06:27:38,0.2560542543846492,0.0,0.0,0.0,0.0190058804366246,0.0829453125,0.0,recommendation,1
2026-07-25 06:32:38,0.2560542543846492,0.0,0.0,0.0,0.0190058804366246,0.0829453125,0.0,recommendation,1
2026-07-25 06:37:38,0.2560542543846492,0.0,0.0,0.0,0.0190058804366246,0.0829453125,0.0,recommendation,1
2026-07-25 06:42:38,0.2560542543846492,0.0,0.0,0.0,0.0190058804366246,0.0829453125,0.0,recommendation,1
2026-07-25 06:47:38,0.2560542543846492,0.0,0.0,0.0,0.0190058804366246,0.0829453125,0.0,recommendation,1
2026-07-25 06:52:38,0.2560542543846492,0.0,0.0,0.0,0.0190058804366246,0.0829453125,0.0,recommendation,1
2026-07-25 06:57:38,0.2560542543846492,0.0,0.0,0.0,0.0190058804366246,0.0829453125,0.0,recommendation,1
2026-07-25 07:02:38,0.2560542543846492,0.0,0.0,0.0,0.0190058804366246,0.0829453125,0.0,recommendation,1
2026-07-25 07:07:38,0.2560542543846492,0.0,0.0,0.0,0.0190058804366246,0.0829453125,0.0,recommendation,1
2026-07-25 07:12:38,0.2560542543846492,0.0,0.0,0.0,0.0190058804366246,0.0829453125,0.0,recommendation,1
2026-07-25 07:17:38,0.2560542543846492,0.0,0.0,0.0,0.0190058804366246,0.0829453125,0.0,recommendation,1
2026-07-25 07:22:38,0.2560542543846492,0.0,0.0,0.0,0.0190058804366246,0.0829453125,0.0,recommendation,1
2026-07-25 07:27:38,0.2560542543846492,0.0,0.0,0.0,0.0190058804366246,0.0829453125,0.0,recommendation,1
2026-07-25 07:32:38,0.2560542543846492,0.0,0.0,0.0,0.0190058804366246,0.0829453125,0.0,recommendation,1
2026-07-25 07:37:38,0.2560542543846492,0.0,0.0,0.0,0.0190058804366246,0.0829453125,0.0,recommendation,1
2026-07-25 07:42:38,0.2560542543846492,0.0,0.0,0.0,0.0190058804366246,0.0829453125,0.0,recommendation,1
2026-07-25 07:47:38,0.2560542543846492,0.0,0.0,0.0,0.0190058804366246,0.0829453125,0.0,recommendation,1
2026-07-25 07:52:38,0.2560542543846492,0.0,0.0,0.0,0.0190058804366246,0.0829453125,0.0,recommendation,1
2026-07-25 07:57:38,0.2560542543846492,0.0,0.0,0.0,0.0190058804366246,0.0829453125,0.0,recommendation,1
2026-07-25 08:02:38,0.2560542543846492,0.0,0.0,0.0,0.0190058804366246,0.0829453125,0.0,recommendation,1
2026-07-25 08:07:38,0.2560542543846492,0.0,0.0,0.0,0.0190058804366246,0.0829453125,0.0,recommendation,1
2026-07-25 08:12:38,0.2560542543846492,0.0,0.0,0.0,0.0190058804366246,0.0829453125,0.0,recommendation,1
2026-07-25 08:17:38,0.2560542543846492,0.0,0.0,0.0,0.0190058804366246,0.0829453125,0.0,recommendation,1
2026-07-25 08:22:38,0.2560542543846492,0.0,0.0,0.0,0.0190058804366246,0.0829453125,0.0,recommendation,1
2026-07-25 08:27:38,0.2560542543846492,0.0,0.0,0.0,0.0190058804366246,0.0829453125,0.0,recommendation,1
2026-07-25 08:32:38,0.2560542543846492,0.0,0.0,0.0,0.0190058804366246,0.0829453125,0.0,recommendation,1
2026-07-25 08:37:38,0.2560542543846492,0.0,0.0,0.0,0.0190058804366246,0.0829453125,0.0,recommendation,1
2026-07-25 08:42:38,0.2560542543846492,0.0,0.0,0.0,0.0190058804366246,0.0829453125,0.0,recommendation,1
2026-07-25 08:47:38,0.2560542543846492,0.0,0.0,0.0,0.0190058804366246,0.0829453125,0.0,recommendation,1
2026-07-25 08:52:38,0.2560542543846492,0.0,0.0,0.0,0.0190058804366246,0.0829453125,0.0,recommendation,1
2026-07-25 08:57:38,0.2560542543846492,0.0,0.0,0.0,0.0190058804366246,0.0829453125,0.0,recommendation,1
2026-07-25 09:02:38,0.2560542543846492,0.0,0.0,0.0,0.0190058804366246,0.0829453125,0.0,recommendation,1
2026-07-25 09:07:38,0.2560542543846492,0.0,0.0,0.0,0.0190058804366246,0.0829453125,0.0,recommendation,1
2026-07-25 09:12:38,0.2560542543846492,0.0,0.0,0.0,0.0190058804366246,0.0829453125,0.0,recommendation,1
2026-07-25 09:17:38,0.2560542543846492,0.0,0.0,0.0,0.0190058804366246,0.0829453125,0.0,recommendation,1
2026-07-25 09:22:38,0.2560542543846492,0.0,0.0,0.0,0.0190058804366246,0.0829453125,0.0,recommendation,1
2026-07-25 09:27:38,0.2560542543846492,0.0,0.0,0.0,0.0190058804366246,0.0829453125,0.0,recommendation,1
2026-07-25 09:32:38,0.2560542543846492,0.0,0.0,0.0,0.0190058804366246,0.0829453125,0.0,recommendation,1
2026-07-25 09:37:38,0.2560542543846492,0.0,0.0,0.0,0.0190058804366246,0.0829453125,0.0,recommendation,1
2026-07-25 09:42:38,0.2560542543846492,0.0,0.0,0.0,0.0190058804366246,0.0829453125,0.0,recommendation,1
2026-07-25 09:47:38,0.2560542543846492,0.0,0.0,0.0,0.0190058804366246,0.0829453125,0.0,recommendation,1
2026-07-25 09:52:38,0.2560542543846492,0.0,0.0,0.0,0.0190058804366246,0.0829453125,0.0,recommendation,1
2026-07-25 09:57:38,0.2560542543846492,0.0,0.0,0.0,0.0190058804366246,0.0829453125,0.0,recommendation,1
2026-07-25 10:02:38,0.2560542543846492,0.0,0.0,0.0,0.0190058804366246,0.0829453125,0.0,recommendation,1
2026-07-25 10:07:38,0.2560542543846492,0.0,0.0,0.0,0.0190058804366246,0.0829453125,0.0,recommendation,1
2026-07-25 10:12:38,0.2560542543846492,0.0,0.0,0.0,0.0190058804366246,0.0829453125,0.0,recommendation,1
2026-07-25 10:17:38,0.2560542543846492,0.0,0.0,0.0,0.0190058804366246,0.0829453125,0.0,recommendation,1
2026-07-25 10:22:38,0.2560542543846492,0.0,0.0,0.0,0.0190058804366246,0.0829453125,0.0,recommendation,1
2026-07-25 10:27:38,0.2560542543846492,0.0,0.0,0.0,0.0190058804366246,0.0829453125,0.0,recommendation,1
2026-07-25 10:32:38,0.2560542543846492,0.0,0.0,0.0,0.0190058804366246,0.0829453125,0.0,recommendation,1
2026-07-25 10:37:38,0.2560542543846492,0.0,0.0,0.0,0.0190058804366246,0.0829453125,0.0,recommendation,1
2026-07-25 10:42:38,0.2560542543846492,0.0,0.0,0.0,0.0190058804366246,0.0829453125,0.0,recommendation,1
2026-07-25 10:47:38,0.2560542543846492,0.0,0.0,0.0,0.0190058804366246,0.0829453125,0.0,recommendation,1
2026-07-25 10:52:38,0.2560542543846492,0.0,0.0,0.0,0.0190058804366246,0.0829453125,0.0,recommendation,1
2026-07-25 10:57:38,0.2560542543846492,0.0,0.0,0.0,0.0190058804366246,0.0829453125,0.0,recommendation,1
2026-07-25 11:02:38,0.2560542543846492,0.0,0.0,0.0,0.0190058804366246,0.0829453125,0.0,recommendation,1
2026-07-25 11:07:38,0.2560542543846492,0.0,0.0,0.0,0.0190058804366246,0.0829453125,0.0,recommendation,1
2026-07-25 11:12:38,0.2560542543846492,0.0,0.0,0.0,0.0190058804366246,0.0829453125,0.0,recommendation,1
2026-07-25 11:17:38,0.2560542543846492,0.0,0.0,0.0,0.0190058804366246,0.0829453125,0.0,recommendation,1
2026-07-25 11:22:38,0.2560542543846492,0.0,0.0,0.0,0.0190058804366246,0.0829453125,0.0,recommendation,1
2026-07-25 11:27:38,0.2560542543846492,0.0,0.0,0.0,0.0190058804366246,0.0829453125,0.0,recommendation,1
2026-07-25 11:32:38,0.2560542543846492,0.0,0.0,0.0,0.0190058804366246,0.0829453125,0.0,recommendation,1
2026-07-25 11:37:38,0.2560542543846492,0.0,0.0,0.0,0.0190058804366246,0.0829453125,0.0,recommendation,1
2026-07-25 11:42:38,0.2560542543846492,0.0,0.0,0.0,0.0190058804366246,0.0829453125,0.0,recommendation,1
2026-07-25 11:47:38,0.2560542543846492,0.0,0.0,0.0,0.0190058804366246,0.0829453125,0.0,recommendation,1
2026-07-25 11:52:38,0.2560542543846492,0.0,0.0,0.0,0.0190058804366246,0.0829453125,0.0,recommendation,1
2026-07-25 11:57:38,0.2560542543846492,0.0,0.0,0.0,0.0190058804366246,0.0829453125,0.0,recommendation,1
2026-07-25 12:02:38,0.2560542543846492,0.0,0.0,0.0,0.0190058804366246,0.0829453125,0.0,recommendation,1
2026-07-25 12:07:38,0.2560542543846492,0.0,0.0,0.0,0.0190058804366246,0.0829453125,0.0,recommendation,1
2026-07-25 12:12:38,0.2560542543846492,0.0,0.0,0.0,0.0190058804366246,0.0829453125,0.0,recommendation,1
2026-07-25 12:17:38,0.2560542543846492,0.0,0.0,0.0,0.0190058804366246,0.0829453125,0.0,recommendation,1
2026-07-25 12:22:38,0.2560542543846492,0.0,0.0,0.0,0.0190058804366246,0.0829453125,0.0,recommendation,1
2026-07-25 12:27:38,0.2560542543846492,0.0,0.0,0.0,0.0190058804366246,0.0829453125,0.0,recommendation,1
2026-07-25 12:32:38,0.2560542543846492,0.0,0.0,0.0,0.0190058804366246,0.0829453125,0.0,recommendation,1
2026-07-25 12:37:38,0.2560542543846492,0.0,0.0,0.0,0.0190058804366246,0.0829453125,0.0,recommendation,1
2026-07-25 12:42:38,0.2560542543846492,0.0,0.0,0.0,0.0190058804366246,0.0829453125,0.0,recommendation,1
2026-07-25 12:47:38,0.2560542543846492,0.0,0.0,0.0,0.0190058804366246,0.0829453125,0.0,recommendation,1
2026-07-25 12:52:38,0.2560542543846492,0.0,0.0,0.0,0.0190058804366246,0.0829453125,0.0,recommendation,1
2026-07-25 12:57:38,0.2560542543846492,0.0,0.0,0.0,0.0190058804366246,0.0829453125,0.0,recommendation,1
2026-07-25 13:02:38,0.2560542543846492,0.0,0.0,0.0,0.0190058804366246,0.0829453125,0.0,recommendation,1
2026-07-25 13:07:38,0.2560542543846492,0.0,0.0,0.0,0.0190058804366246,0.0829453125,0.0,recommendation,1
2026-07-25 13:12:38,0.2560542543846492,0.0,0.0,0.0,0.0190058804366246,0.0829453125,0.0,recommendation,1
2026-07-25 13:17:38,0.2560542543846492,0.0,0.0,0.0,0.0190058804366246,0.0829453125,0.0,recommendation,1
2026-07-25 13:22:38,0.2560542543846492,0.0,0.0,0.0,0.0190058804366246,0.0829453125,0.0,recommendation,1
2026-07-25 13:27:38,0.2560542543846492,0.0,0.0,0.0,0.0190058804366246,0.0829453125,0.0,recommendation,1
2026-07-25 13:32:38,0.2560542543846492,0.0,0.0,0.0,0.0190058804366246,0.0829453125,0.0,recommendation,1
2026-07-25 13:37:38,0.2560542543846492,0.0,0.0,0.0,0.0190058804366246,0.0829453125,0.0,recommendation,1
2026-07-25 13:42:38,0.2560542543846492,0.0,0.0,0.0,0.0190058804366246,0.0829453125,0.0,recommendation,1
2026-07-25 13:47:38,0.2560542543846492,0.0,0.0,0.0,0.0190058804366246,0.0829453125,0.0,recommendation,1
2026-07-25 13:52:38,0.2560542543846492,0.0,0.0,0.0,0.0190058804366246,0.0829453125,0.0,recommendation,1
2026-07-25 13:57:38,0.2560542543846492,0.0,0.0,0.0,0.0190058804366246,0.0829453125,0.0,recommendation,1
2026-07-25 14:02:38,0.2560542543846492,0.0,0.0,0.0,0.0190058804366246,0.0829453125,0.0,recommendation,1
2026-07-25 14:07:38,0.2560542543846492,0.0,0.0,0.0,0.0190058804366246,0.0829453125,0.0,recommendation,1
2026-07-25 14:12:38,0.2560542543846492,0.0,0.0,0.0,0.0190058804366246,0.0829453125,0.0,recommendation,1
2026-07-25 14:17:38,0.2560542543846492,0.0,0.0,0.0,0.0190058804366246,0.0829453125,0.0,recommendation,1
2026-07-25 14:22:38,0.2560542543846492,0.0,0.0,0.0,0.0190058804366246,0.0829453125,0.0,recommendation,1
2026-07-25 14:27:38,0.2560542543846492,0.0,0.0,0.0,0.0190058804366246,0.0829453125,0.0,recommendation,1
2026-07-25 14:32:38,0.2560542543846492,0.0,0.0,0.0,0.0190058804366246,0.0829453125,0.0,recommendation,1
2026-07-25 14:37:38,0.2560542543846492,0.0,0.0,0.0,0.0190058804366246,0.0829453125,0.0,recommendation,1
2026-07-25 14:42:38,0.2560542543846492,0.0,0.0,0.0,0.0190058804366246,0.0829453125,0.0,recommendation,1
2026-07-25 14:47:38,0.2560542543846492,0.0,0.0,0.0,0.0190058804366246,0.0829453125,0.0,recommendation,1
2026-07-25 14:52:38,0.2560542543846492,0.0,0.0,0.0,0.0190058804366246,0.0829453125,0.0,recommendation,1
2026-07-25 14:57:38,0.2560542543846492,0.0,0.0,0.0,0.0190058804366246,0.0829453125,0.0,recommendation,1
2026-07-25 15:02:38,0.2560542543846492,0.0,0.0,0.0,0.0190058804366246,0.0829453125,0.0,recommendation,1
2026-07-25 15:07:38,0.2560542543846492,0.0,0.0,0.0,0.0190058804366246,0.0829453125,0.0,recommendation,1
2026-07-25 15:12:38,0.2560542543846492,0.0,0.0,0.0,0.0190058804366246,0.0829453125,0.0,recommendation,1
2026-07-25 15:17:38,0.2560542543846492,0.0,0.0,0.0,0.0190058804366246,0.0829453125,0.0,recommendation,1
2026-07-25 15:22:38,0.2560542543846492,0.0,0.0,0.0,0.0190058804366246,0.0829453125,0.0,recommendation,1
2026-07-25 15:27:38,0.2560542543846492,0.0,0.0,0.0,0.0190058804366246,0.0829453125,0.0,recommendation,1
2026-07-25 15:32:38,0.2560542543846492,0.0,0.0,0.0,0.0190058804366246,0.0829453125,0.0,recommendation,1
2026-07-25 15:37:38,0.2560542543846492,0.0,0.0,0.0,0.0190058804366246,0.0829453125,0.0,recommendation,1
2026-07-25 15:42:38,0.2560542543846492,0.0,0.0,0.0,0.0190058804366246,0.0829453125,0.0,recommendation,1
2026-07-25 15:47:38,0.2560542543846492,0.0,0.0,0.0,0.0190058804366246,0.0829453125,0.0,recommendation,1
2026-07-25 15:52:38,0.2560542543846492,0.0,0.0,0.0,0.0190058804366246,0.0829453125,0.0,recommendation,1
2026-07-25 15:57:38,0.2560542543846492,0.0,0.0,0.0,0.0190058804366246,0.0829453125,0.0,recommendation,1
2026-07-25 16:02:38,0.2560542543846492,0.0,0.0,0.0,0.0190058804366246,0.0829453125,0.0,recommendation,1
2026-07-25 16:07:38,0.2560542543846492,0.0,0.0,0.0,0.0190058804366246,0.0829453125,0.0,recommendation,1
2026-07-25 16:12:38,0.2560542543846492,0.0,0.0,0.0,0.0190058804366246,0.0829453125,0.0,recommendation,1
2026-07-25 16:17:38,0.2560542543846492,0.0,0.0,0.0,0.0190058804366246,0.0829453125,0.0,recommendation,1
2026-07-25 16:22:38,0.2560542543846492,0.0,0.0,0.0,0.0190058804366246,0.0829453125,0.0,recommendation,1
2026-07-25 16:27:38,0.2560542543846492,0.0,0.0,0.0,0.0190058804366246,0.0829453125,0.0,recommendation,1
2026-07-25 16:32:38,0.2560542543846492,0.0,0.0,0.0,0.0190058804366246,0.0829453125,0.0,recommendation,1
2026-07-25 16:37:38,0.2560542543846492,0.0,0.0,0.0,0.0190058804366246,0.0829453125,0.0,recommendation,1
2026-07-25 16:42:38,0.2560542543846492,0.0,0.0,0.0,0.0190058804366246,0.0829453125,0.0,recommendation,1
2026-07-25 16:47:38,0.2560542543846492,0.0,0.0,0.0,0.0190058804366246,0.0829453125,0.0,recommendation,1
2026-07-25 16:52:38,0.2560542543846492,0.0,0.0,0.0,0.0190058804366246,0.0829453125,0.0,recommendation,1
2026-07-25 16:57:38,0.2560542543846492,0.0,0.0,0.0,0.0190058804366246,0.0829453125,0.0,recommendation,1
2026-07-25 17:02:38,0.2560542543846492,0.0,0.0,0.0,0.0190058804366246,0.0829453125,0.0,recommendation,1
2026-07-25 17:07:38,0.2560542543846492,0.0,0.0,0.0,0.0190058804366246,0.0829453125,0.0,recommendation,1
2026-07-25 17:12:38,0.2560542543846492,0.0,0.0,0.0,0.0190058804366246,0.0829453125,0.0,recommendation,1
2026-07-25 17:17:38,0.2560542543846492,0.0,0.0,0.0,0.0190058804366246,0.0829453125,0.0,recommendation,1
2026-07-25 17:22:38,0.2560542543846492,0.0,0.0,0.0,0.0190058804366246,0.0829453125,0.0,recommendation,1
2026-07-25 17:27:38,0.2560542543846492,0.0,0.0,0.0,0.0190058804366246,0.0829453125,0.0,recommendation,1
2026-07-25 17:32:38,0.2560542543846492,0.0,0.0,0.0,0.0190058804366246,0.0829453125,0.0,recommendation,1
2026-07-25 17:37:38,0.2560542543846492,0.0,0.0,0.0,0.0190058804366246,0.0829453125,0.0,recommendation,1
2026-07-25 17:42:38,0.2560542543846492,0.0,0.0,0.0,0.0190058804366246,0.0829453125,0.0,recommendation,1
2026-07-25 17:47:38,0.2560542543846492,0.0,0.0,0.0,0.0190058804366246,0.0829453125,0.0,recommendation,1
2026-07-25 17:52:38,0.2560542543846492,0.0,0.0,0.0,0.0190058804366246,0.0829453125,0.0,recommendation,1
2026-07-25 17:57:38,0.2560542543846492,0.0,0.0,0.0,0.0190058804366246,0.0829453125,0.0,recommendation,1
2026-07-25 18:02:38,0.2560542543846492,0.0,0.0,0.0,0.0190058804366246,0.0829453125,0.0,recommendation,1
2026-07-25 18:07:38,0.2560542543846492,0.0,0.0,0.0,0.0190058804366246,0.0829453125,0.0,recommendation,1
2026-07-25 18:12:38,0.2560542543846492,0.0,0.0,0.0,0.0190058804366246,0.0829453125,0.0,recommendation,1
2026-07-25 18:17:38,0.2560542543846492,0.0,0.0,0.0,0.0190058804366246,0.0829453125,0.0,recommendation,1
2026-07-25 18:22:38,0.2560542543846492,0.0,0.0,0.0,0.0190058804366246,0.0829453125,0.0,recommendation,1
2026-07-25 18:27:38,0.2560542543846492,0.0,0.0,0.0,0.0190058804366246,0.0829453125,0.0,recommendation,1
2026-07-25 18:32:38,0.2560542543846492,0.0,0.0,0.0,0.0190058804366246,0.0829453125,0.0,recommendation,1
2026-07-25 18:37:38,0.2560542543846492,0.0,0.0,0.0,0.0190058804366246,0.0829453125,0.0,recommendation,1
2026-07-25 18:42:38,0.2560542543846492,0.0,0.0,0.0,0.0190058804366246,0.0829453125,0.0,recommendation,1
2026-07-25 18:47:38,0.2560542543846492,0.0,0.0,0.0,0.0190058804366246,0.0829453125,0.0,recommendation,1
2026-07-25 18:52:38,0.2560542543846492,0.0,0.0,0.0,0.0190058804366246,0.0829453125,0.0,recommendation,1
2026-07-25 18:57:38,0.2560542543846492,0.0,0.0,0.0,0.0190058804366246,0.0829453125,0.0,recommendation,1
2026-07-25 19:02:38,0.2560542543846492,0.0,0.0,0.0,0.0190058804366246,0.0829453125,0.0,recommendation,1
2026-07-25 19:07:38,0.2560542543846492,0.0,0.0,0.0,0.0190058804366246,0.0829453125,0.0,recommendation,1
2026-07-25 19:12:38,0.2560542543846492,0.0,0.0,0.0,0.0190058804366246,0.0829453125,0.0,recommendation,1
2026-07-25 19:17:38,0.2560542543846492,0.0,0.0,0.0,0.0190058804366246,0.0829453125,0.0,recommendation,1
2026-07-25 19:22:38,0.2560542543846492,0.0,0.0,0.0,0.0190058804366246,0.0829453125,0.0,recommendation,1
2026-07-25 19:27:38,0.2560542543846492,0.0,0.0,0.0,0.0190058804366246,0.0829453125,0.0,recommendation,1
2026-07-25 19:32:38,0.2560542543846492,0.0,0.0,0.0,0.0190058804366246,0.0829453125,0.0,recommendation,1
2026-07-25 19:37:38,0.2560542543846492,0.0,0.0,0.0,0.0190058804366246,0.0829453125,0.0,recommendation,1
2026-07-25 19:42:38,0.2560542543846492,0.0,0.0,0.0,0.0190058804366246,0.0829453125,0.0,recommendation,1
2026-07-25 19:47:38,0.2560542543846492,0.0,0.0,0.0,0.0190058804366246,0.0829453125,0.0,recommendation,1
2026-07-25 19:52:38,0.2560542543846492,0.0,0.0,0.0,0.0190058804366246,0.0829453125,0.0,recommendation,1
2026-07-25 19:57:38,0.2560542543846492,0.0,0.0,0.0,0.0190058804366246,0.0829453125,0.0,recommendation,1
2026-07-25 20:02:38,0.2560542543846492,0.0,0.0,0.0,0.0190058804366246,0.0829453125,0.0,recommendation,1
2026-07-25 20:07:38,0.2560542543846492,0.0,0.0,0.0,0.0190058804366246,0.0829453125,0.0,recommendation,1
2026-07-25 20:12:38,0.2560542543846492,0.0,0.0,0.0,0.0190058804366246,0.0829453125,0.0,recommendation,1
2026-07-25 20:17:38,0.2560542543846492,0.0,0.0,0.0,0.0190058804366246,0.0829453125,0.0,recommendation,1
2026-07-25 20:22:38,0.2560542543846492,0.0,0.0,0.0,0.0190058804366246,0.0829453125,0.0,recommendation,1
2026-07-25 20:27:38,0.2560542543846492,0.0,0.0,0.0,0.0190058804366246,0.0829453125,0.0,recommendation,1
2026-07-25 20:32:38,0.2560542543846492,0.0,0.0,0.0,0.0190058804366246,0.0829453125,0.0,recommendation,1
2026-07-25 20:37:38,0.2560542543846492,0.0,0.0,0.0,0.0190058804366246,0.0829453125,0.0,recommendation,1
2026-07-25 20:42:38,0.2560542543846492,0.0,0.0,0.0,0.0190058804366246,0.0829453125,0.0,recommendation,1
2026-07-25 20:47:38,0.2560542543846492,0.0,0.0,0.0,0.0190058804366246,0.0829453125,0.0,recommendation,1
2026-07-25 20:52:38,0.2560542543846492,0.0,0.0,0.0,0.0190058804366246,0.0829453125,0.0,recommendation,1
2026-07-25 20:57:38,0.2560542543846492,0.0,0.0,0.0,0.0190058804366246,0.0829453125,0.0,recommendation,1
2026-07-25 21:02:38,0.2560542543846492,0.0,0.0,0.0,0.0190058804366246,0.0829453125,0.0,recommendation,1
2026-07-25 21:07:38,0.2560542543846492,0.0,0.0,0.0,0.0190058804366246,0.0829453125,0.0,recommendation,1
2026-07-25 21:12:38,0.2560542543846492,0.0,0.0,0.0,0.0190058804366246,0.0829453125,0.0,recommendation,1
2026-07-25 21:17:38,0.2560542543846492,0.0,0.0,0.0,0.0190058804366246,0.0829453125,0.0,recommendation,1
2026-07-25 21:22:38,0.2560542543846492,0.0,0.0,0.0,0.0190058804366246,0.0829453125,0.0,recommendation,1
2026-07-25 21:27:38,0.2560542543846492,0.0,0.0,0.0,0.0190058804366246,0.0829453125,0.0,recommendation,1
2026-07-25 21:32:38,0.2560542543846492,0.0,0.0,0.0,0.0190058804366246,0.0829453125,0.0,recommendation,1
2026-07-25 21:37:38,0.2560542543846492,0.0,0.0,0.0,0.0190058804366246,0.0829453125,0.0,recommendation,1
2026-07-25 21:42:38,0.2560542543846492,0.0,0.0,0.0,0.0190058804366246,0.0829453125,0.0,recommendation,1
2026-07-25 21:47:38,0.2560542543846492,0.0,0.0,0.0,0.0190058804366246,0.0829453125,0.0,recommendation,1
2026-07-25 21:52:38,0.2560542543846492,0.0,0.0,0.0,0.0190058804366246,0.0829453125,0.0,recommendation,1
2026-07-25 21:57:38,0.2560542543846492,0.0,0.0,0.0,0.0190058804366246,0.0829453125,0.0,recommendation,1
2026-07-25 22:02:38,0.2560542543846492,0.0,0.0,0.0,0.0190058804366246,0.0829453125,0.0,recommendation,1
2026-07-25 22:07:38,0.2560542543846492,0.0,0.0,0.0,0.0190058804366246,0.0829453125,0.0,recommendation,1
2026-07-25 22:12:38,0.2560542543846492,0.0,0.0,0.0,0.0190058804366246,0.0829453125,0.0,recommendation,1
2026-07-25 22:17:38,0.2560542543846492,0.0,0.0,0.0,0.0190058804366246,0.0829453125,0.0,recommendation,1
2026-07-25 22:22:38,0.2560542543846492,0.0,0.0,0.0,0.0190058804366246,0.0829453125,0.0,recommendation,1
2026-07-25 22:27:38,0.2560542543846492,0.0,0.0,0.0,0.0190058804366246,0.0829453125,0.0,recommendation,1
2026-07-25 22:32:38,0.2560542543846492,0.0,0.0,0.0,0.0190058804366246,0.0829453125,0.0,recommendation,1
2026-07-25 22:37:38,0.2560542543846492,0.0,0.0,0.0,0.0190058804366246,0.0829453125,0.0,recommendation,1
2026-07-25 22:42:38,0.2560542543846492,0.0,0.0,0.0,0.0190058804366246,0.0829453125,0.0,recommendation,1
2026-07-25 22:47:38,0.2560542543846492,0.0,0.0,0.0,0.0190058804366246,0.0829453125,0.0,recommendation,1
2026-07-25 22:52:38,0.2560542543846492,0.0,0.0,0.0,0.0190058804366246,0.0829453125,0.0,recommendation,1
2026-07-25 22:57:38,0.2560542543846492,0.0,0.0,0.0,0.0190058804366246,0.0829453125,0.0,recommendation,1
2026-07-25 23:02:38,0.2560542543846492,0.0,0.0,0.0,0.0190058804366246,0.0829453125,0.0,recommendation,1
2026-07-25 23:07:38,0.2560542543846492,0.0,0.0,0.0,0.0190058804366246,0.0829453125,0.0,recommendation,1
2026-07-25 23:12:38,0.2560542543846492,0.0,0.0,0.0,0.0190058804366246,0.0829453125,0.0,recommendation,1
2026-07-25 23:17:38,0.2560542543846492,0.0,0.0,0.0,0.0190058804366246,0.0829453125,0.0,recommendation,1
2026-07-25 23:22:38,0.2560542543846492,0.0,0.0,0.0,0.0190058804366246,0.0829453125,0.0,recommendation,1
2026-07-25 23:27:38,0.2560542543846492,0.0,0.0,0.0,0.0190058804366246,0.0829453125,0.0,recommendation,1
2026-07-25 23:32:38,0.2560542543846492,0.0,0.0,0.0,0.0190058804366246,0.0829453125,0.0,recommendation,1
2026-07-25 23:37:38,0.2560542543846492,0.0,0.0,0.0,0.0190058804366246,0.0829453125,0.0,recommendation,1
2026-07-25 23:42:38,0.2560542543846492,0.0,0.0,0.0,0.0190058804366246,0.0829453125,0.0,recommendation,1
2026-07-25 23:47:38,0.2560542543846492,0.0,0.0,0.0,0.0190058804366246,0.0829453125,0.0,recommendation,1
2026-07-25 23:52:38,0.2560542543846492,0.0,0.0,0.0,0.0190058804366246,0.0829453125,0.0,recommendation,1
2026-07-25 23:57:38,0.2560542543846492,0.0,0.0,0.0,0.0190058804366246,0.0829453125,0.0,recommendation,1
2026-07-26 00:02:38,0.2560542543846492,0.0,0.0,0.0,0.0190058804366246,0.0829453125,0.0,recommendation,1
2026-07-26 00:07:38,0.2560542543846492,0.0,0.0,0.0,0.0190058804366246,0.0829453125,0.0,recommendation,1
2026-07-26 00:12:38,0.2560542543846492,0.0,0.0,0.0,0.0190058804366246,0.0829453125,0.0,recommendation,1
2026-07-26 00:17:38,0.2560542543846492,0.0,0.0,0.0,0.0190058804366246,0.0829453125,0.0,recommendation,1
2026-07-26 00:22:38,0.2560542543846492,0.0,0.0,0.0,0.0190058804366246,0.0829453125,0.0,recommendation,1
2026-07-26 00:27:38,0.2560542543846492,0.0,0.0,0.0,0.0190058804366246,0.0829453125,0.0,recommendation,1
2026-07-26 00:32:38,0.2560542543846492,0.0,0.0,0.0,0.0190058804366246,0.0829453125,0.0,recommendation,1
2026-07-26 00:37:38,0.2560542543846492,0.0,0.0,0.0,0.0190058804366246,0.0829453125,0.0,recommendation,1
2026-07-26 00:42:38,0.2560542543846492,0.0,0.0,0.0,0.0190058804366246,0.0829453125,0.0,recommendation,1
2026-07-26 00:47:38,0.2560542543846492,0.0,0.0,0.0,0.0190058804366246,0.0829453125,0.0,recommendation,1
2026-07-26 00:52:38,0.2560542543846492,0.0,0.0,0.0,0.0190058804366246,0.0829453125,0.0,recommendation,1
2026-07-26 00:57:38,0.2560542543846492,0.0,0.0,0.0,0.0190058804366246,0.0829453125,0.0,recommendation,1
2026-07-26 01:02:38,0.2560542543846492,0.0,0.0,0.0,0.0190058804366246,0.0829453125,0.0,recommendation,1
2026-07-26 01:07:38,0.2560542543846492,0.0,0.0,0.0,0.0190058804366246,0.0829453125,0.0,recommendation,1
2026-07-26 01:12:38,0.2560542543846492,0.0,0.0,0.0,0.0190058804366246,0.0829453125,0.0,recommendation,1
2026-07-26 01:17:38,0.2560542543846492,0.0,0.0,0.0,0.0190058804366246,0.0829453125,0.0,recommendation,1
2026-07-26 01:22:38,0.2560542543846492,0.0,0.0,0.0,0.0190058804366246,0.0829453125,0.0,recommendation,1
2026-07-26 01:27:38,0.2560542543846492,0.0,0.0,0.0,0.0190058804366246,0.0829453125,0.0,recommendation,1
2026-07-26 01:32:38,0.2560542543846492,0.0,0.0,0.0,0.0190058804366246,0.0829453125,0.0,recommendation,1
2026-07-26 01:37:38,0.2560542543846492,0.0,0.0,0.0,0.0190058804366246,0.0829453125,0.0,recommendation,1
2026-07-26 01:42:38,0.2560542543846492,0.0,0.0,0.0,0.0190058804366246,0.0829453125,0.0,recommendation,1
2026-07-26 01:47:38,0.2560542543846492,0.0,0.0,0.0,0.0190058804366246,0.0829453125,0.0,recommendation,1
2026-07-26 01:52:38,0.2560542543846492,0.0,0.0,0.0,0.0190058804366246,0.0829453125,0.0,recommendation,1
2026-07-26 01:57:38,0.2560542543846492,0.0,0.0,0.0,0.0190058804366246,0.0829453125,0.0,recommendation,1
2026-07-26 02:02:38,0.2560542543846492,0.0,0.0,0.0,0.0190058804366246,0.0829453125,0.0,recommendation,1
2026-07-26 02:07:38,0.2560542543846492,0.0,0.0,0.0,0.0190058804366246,0.0829453125,0.0,recommendation,1
2026-07-26 02:12:38,0.2560542543846492,0.0,0.0,0.0,0.0190058804366246,0.0829453125,0.0,recommendation,1
2026-07-26 02:17:38,0.2560542543846492,0.0,0.0,0.0,0.0190058804366246,0.0829453125,0.0,recommendation,1
2026-07-26 02:22:38,0.2560542543846492,0.0,0.0,0.0,0.0190058804366246,0.0829453125,0.0,recommendation,1
2026-07-26 02:27:38,0.2560542543846492,0.0,0.0,0.0,0.0190058804366246,0.0829453125,0.0,recommendation,1
2026-07-26 02:32:38,0.2560542543846492,0.0,0.0,0.0,0.0190058804366246,0.0829453125,0.0,recommendation,1
2026-07-26 02:37:38,0.2560542543846492,0.0,0.0,0.0,0.0190058804366246,0.0829453125,0.0,recommendation,1
2026-07-26 02:42:38,0.2560542543846492,0.0,0.0,0.0,0.0190058804366246,0.0829453125,0.0,recommendation,1
2026-07-26 02:47:38,0.2560542543846492,0.0,0.0,0.0,0.0190058804366246,0.0829453125,0.0,recommendation,1
2026-07-26 02:52:38,0.2560542543846492,0.0,0.0,0.0,0.0190058804366246,0.0829453125,0.0,recommendation,1
2026-07-26 02:57:38,0.2560542543846492,0.0,0.0,0.0,0.0190058804366246,0.0829453125,0.0,recommendation,1
2026-07-26 03:02:38,0.2560542543846492,0.0,0.0,0.0,0.0190058804366246,0.0829453125,0.0,recommendation,1
2026-07-26 03:07:38,0.2560542543846492,0.0,0.0,0.0,0.0190058804366246,0.0829453125,0.0,recommendation,1
2026-07-26 03:12:38,0.2560542543846492,0.0,0.0,0.0,0.0190058804366246,0.0829453125,0.0,recommendation,1
2026-07-26 03:17:38,0.2560542543846492,0.0,0.0,0.0,0.0190058804366246,0.0829453125,0.0,recommendation,1
2026-07-26 03:22:38,0.2560542543846492,0.0,0.0,0.0,0.0190058804366246,0.0829453125,0.0,recommendation,1
2026-07-26 03:27:38,0.2560542543846492,0.0,0.0,0.0,0.0190058804366246,0.0829453125,0.0,recommendation,1
2026-07-26 03:32:38,0.2560542543846492,0.0,0.0,0.0,0.0190058804366246,0.0829453125,0.0,recommendation,1
2026-07-26 03:37:38,0.2560542543846492,0.0,0.0,0.0,0.0190058804366246,0.0829453125,0.0,recommendation,1
2026-07-26 03:42:38,0.2560542543846492,0.0,0.0,0.0,0.0190058804366246,0.0829453125,0.0,recommendation,1
2026-07-26 03:47:38,0.2560542543846492,0.0,0.0,0.0,0.0190058804366246,0.0829453125,0.0,recommendation,1
2026-07-26 03:52:38,0.2560542543846492,0.0,0.0,0.0,0.0190058804366246,0.0829453125,0.0,recommendation,1
2026-07-26 03:57:38,0.2560542543846492,0.0,0.0,0.0,0.0190058804366246,0.0829453125,0.0,recommendation,1
2026-07-26 04:02:38,0.2560542543846492,0.0,0.0,0.0,0.0190058804366246,0.0829453125,0.0,recommendation,1
2026-07-26 04:07:38,0.2560542543846492,0.0,0.0,0.0,0.0190058804366246,0.0829453125,0.0,recommendation,1
2026-07-26 04:12:38,0.2560542543846492,0.0,0.0,0.0,0.0190058804366246,0.0829453125,0.0,recommendation,1
2026-07-26 04:17:38,0.2560542543846492,0.0,0.0,0.0,0.0190058804366246,0.0829453125,0.0,recommendation,1
2026-07-26 04:22:38,0.2560542543846492,0.0,0.0,0.0,0.0190058804366246,0.0829453125,0.0,recommendation,1
2026-07-26 04:27:38,0.2560542543846492,0.0,0.0,0.0,0.0190058804366246,0.0829453125,0.0,recommendation,1
2026-07-26 04:32:38,0.2560542543846492,0.0,0.0,0.0,0.0190058804366246,0.0829453125,0.0,recommendation,1
2026-07-26 04:37:38,0.2560542543846492,0.0,0.0,0.0,0.0190058804366246,0.0829453125,0.0,recommendation,1
2026-07-26 04:42:38,0.2560542543846492,0.0,0.0,0.0,0.0190058804366246,0.0829453125,0.0,recommendation,1
2026-07-26 04:47:38,0.2560542543846492,0.0,0.0,0.0,0.0190058804366246,0.0829453125,0.0,recommendation,1
2026-07-26 04:52:38,0.2560542543846492,0.0,0.0,0.0,0.0190058804366246,0.0829453125,0.0,recommendation,1
2026-07-26 04:57:38,0.2560542543846492,0.0,0.0,0.0,0.0190058804366246,0.0829453125,0.0,recommendation,1
2026-07-26 05:02:38,0.2560542543846492,0.0,0.0,0.0,0.0190058804366246,0.0829453125,0.0,recommendation,1
2026-07-26 05:07:38,0.2560542543846492,0.0,0.0,0.0,0.0190058804366246,0.0829453125,0.0,recommendation,1
2026-07-26 05:12:38,0.2560542543846492,0.0,0.0,0.0,0.0190058804366246,0.0829453125,0.0,recommendation,1
2026-07-26 05:17:38,0.2560542543846492,0.0,0.0,0.0,0.0190058804366246,0.0829453125,0.0,recommendation,1
2026-07-26 05:22:38,0.2560542543846492,0.0,0.0,0.0,0.0190058804366246,0.0829453125,0.0,recommendation,1
2026-07-26 05:27:38,0.2560542543846492,0.0,0.0,0.0,0.0190058804366246,0.0829453125,0.0,recommendation,1
2026-07-26 05:32:38,0.2560542543846492,0.0,0.0,0.0,0.0190058804366246,0.0829453125,0.0,recommendation,1
2026-07-26 05:37:38,0.2560542543846492,0.0,0.0,0.0,0.0190058804366246,0.0829453125,0.0,recommendation,1
2026-07-26 05:42:38,0.2560542543846492,0.0,0.0,0.0,0.0190058804366246,0.0829453125,0.0,recommendation,1
2026-07-26 05:47:38,0.2560542543846492,0.0,0.0,0.0,0.0190058804366246,0.0829453125,0.0,recommendation,1
2026-07-26 05:52:38,0.2560542543846492,0.0,0.0,0.0,0.0190058804366246,0.0829453125,0.0,recommendation,1
2026-07-26 05:57:38,0.2560542543846492,0.0,0.0,0.0,0.0190058804366246,0.0829453125,0.0,recommendation,1
2026-07-26 06:02:38,0.2560542543846492,0.0,0.0,0.0,0.0190058804366246,0.0829453125,0.0,recommendation,1
2026-07-26 06:07:38,0.2560542543846492,0.0,0.0,0.0,0.0190058804366246,0.0829453125,0.0,recommendation,1
2026-07-26 06:12:38,0.2560542543846492,0.0,0.0,0.0,0.0190058804366246,0.0829453125,0.0,recommendation,1
2026-07-26 06:17:38,0.2560542543846492,0.0,0.0,0.0,0.0190058804366246,0.0829453125,0.0,recommendation,1
2026-07-26 06:22:38,0.2560542543846492,0.0,0.0,0.0,0.0190058804366246,0.0829453125,0.0,recommendation,1
2026-07-26 06:27:38,0.2560542543846492,0.0,0.0,0.0,0.0190058804366246,0.0829453125,0.0,recommendation,1
2026-07-26 06:32:38,0.2560542543846492,0.0,0.0,0.0,0.0190058804366246,0.0829453125,0.0,recommendation,1
2026-07-26 06:37:38,0.2560542543846492,0.0,0.0,0.0,0.0190058804366246,0.0829453125,0.0,recommendation,1
2026-07-26 06:42:38,0.2560542543846492,0.0,0.0,0.0,0.0190058804366246,0.0829453125,0.0,recommendation,1
2026-07-26 06:47:38,0.2560542543846492,0.0,0.0,0.0,0.0190058804366246,0.0829453125,0.0,recommendation,1
2026-07-26 06:52:38,0.2560542543846492,0.0,0.0,0.0,0.0190058804366246,0.0829453125,0.0,recommendation,1
2026-07-26 06:57:38,0.2560542543846492,0.0,0.0,0.0,0.0190058804366246,0.0829453125,0.0,recommendation,1
2026-07-26 07:02:38,0.2560542543846492,0.0,0.0,0.0,0.0190058804366246,0.0829453125,0.0,recommendation,1
2026-07-26 07:07:38,0.2560542543846492,0.0,0.0,0.0,0.0190058804366246,0.0829453125,0.0,recommendation,1
2026-07-26 07:12:38,0.2560542543846492,0.0,0.0,0.0,0.0190058804366246,0.0829453125,0.0,recommendation,1
2026-07-26 07:17:38,0.2560542543846492,0.0,0.0,0.0,0.0190058804366246,0.0829453125,0.0,recommendation,1
2026-07-26 07:22:38,0.2560542543846492,0.0,0.0,0.0,0.0190058804366246,0.0829453125,0.0,recommendation,1
2026-07-26 07:27:38,0.2560542543846492,0.0,0.0,0.0,0.0190058804366246,0.0829453125,0.0,recommendation,1
2026-07-26 07:32:38,0.2560542543846492,0.0,0.0,0.0,0.0190058804366246,0.0829453125,0.0,recommendation,1
2026-07-26 07:37:38,0.2560542543846492,0.0,0.0,0.0,0.0190058804366246,0.0829453125,0.0,recommendation,1
2026-07-26 07:42:38,0.2560542543846492,0.0,0.0,0.0,0.0190058804366246,0.0829453125,0.0,recommendation,1
2026-07-26 07:47:38,0.2560542543846492,0.0,0.0,0.0,0.0190058804366246,0.0829453125,0.0,recommendation,1
2026-07-26 07:52:38,0.2560542543846492,0.0,0.0,0.0,0.0190058804366246,0.0829453125,0.0,recommendation,1
2026-07-26 07:57:38,0.2560542543846492,0.0,0.0,0.0,0.0190058804366246,0.0829453125,0.0,recommendation,1
2026-07-26 08:02:38,0.2560542543846492,0.0,0.0,0.0,0.0190058804366246,0.0829453125,0.0,recommendation,1
2026-07-26 08:07:38,0.2560542543846492,0.0,0.0,0.0,0.0190058804366246,0.0829453125,0.0,recommendation,1
2026-07-26 08:12:38,0.2560542543846492,0.0,0.0,0.0,0.0190058804366246,0.0829453125,0.0,recommendation,1
2026-07-26 08:17:38,0.2560542543846492,0.0,0.0,0.0,0.0190058804366246,0.0829453125,0.0,recommendation,1
2026-07-26 08:22:38,0.2560542543846492,0.0,0.0,0.0,0.0190058804366246,0.0829453125,0.0,recommendation,1
2026-07-26 08:27:38,0.2560542543846492,0.0,0.0,0.0,0.0190058804366246,0.0829453125,0.0,recommendation,1
2026-07-26 08:32:38,0.2560542543846492,0.0,0.0,0.0,0.0190058804366246,0.0829453125,0.0,recommendation,1
2026-07-26 08:37:38,0.2560542543846492,0.0,0.0,0.0,0.0190058804366246,0.0829453125,0.0,recommendation,1
2026-07-26 08:42:38,0.2560542543846492,0.0,0.0,0.0,0.0190058804366246,0.0829453125,0.0,recommendation,1
2026-07-26 08:47:38,0.2560542543846492,0.0,0.0,0.0,0.0190058804366246,0.0829453125,0.0,recommendation,1
2026-07-26 08:52:38,0.2560542543846492,0.0,0.0,0.0,0.0190058804366246,0.0829453125,0.0,recommendation,1
2026-07-26 08:57:38,0.2560542543846492,0.0,0.0,0.0,0.0190058804366246,0.0829453125,0.0,recommendation,1
2026-07-26 09:02:38,0.2560542543846492,0.0,0.0,0.0,0.0190058804366246,0.0829453125,0.0,recommendation,1
2026-07-26 09:07:38,0.2560542543846492,0.0,0.0,0.0,0.0190058804366246,0.0829453125,0.0,recommendation,1
2026-07-26 09:12:38,0.2560542543846492,0.0,0.0,0.0,0.0190058804366246,0.0829453125,0.0,recommendation,1
2026-07-26 09:17:38,0.2560542543846492,0.0,0.0,0.0,0.0190058804366246,0.0829453125,0.0,recommendation,1
2026-07-26 09:22:38,0.2560542543846492,0.0,0.0,0.0,0.0190058804366246,0.0829453125,0.0,recommendation,1
2026-07-26 09:27:38,0.2560542543846492,0.0,0.0,0.0,0.0190058804366246,0.0829453125,0.0,recommendation,1
2026-07-26 09:32:38,0.2560542543846492,0.0,0.0,0.0,0.0190058804366246,0.0829453125,0.0,recommendation,1
2026-07-26 09:37:38,0.2560542543846492,0.0,0.0,0.0,0.0190058804366246,0.0829453125,0.0,recommendation,1
2026-07-26 09:42:38,0.2560542543846492,0.0,0.0,0.0,0.0190058804366246,0.0829453125,0.0,recommendation,1
2026-07-26 09:47:38,0.2560542543846492,0.0,0.0,0.0,0.0190058804366246,0.0829453125,0.0,recommendation,1
2026-07-26 09:52:38,0.2560542543846492,0.0,0.0,0.0,0.0190058804366246,0.0829453125,0.0,recommendation,1
2026-07-26 09:57:38,0.2560542543846492,0.0,0.0,0.0,0.0190058804366246,0.0829453125,0.0,recommendation,1
2026-07-26 10:02:38,0.2560542543846492,0.0,0.0,0.0,0.0190058804366246,0.0829453125,0.0,recommendation,1
2026-07-26 10:07:38,0.2560542543846492,0.0,0.0,0.0,0.0190058804366246,0.0829453125,0.0,recommendation,1
2026-07-26 10:12:38,0.2560542543846492,0.0,0.0,0.0,0.0190058804366246,0.0829453125,0.0,recommendation,1
2026-07-26 10:17:38,0.2560542543846492,0.0,0.0,0.0,0.0190058804366246,0.0829453125,0.0,recommendation,1
2026-07-26 10:22:38,0.2560542543846492,0.0,0.0,0.0,0.0190058804366246,0.0829453125,0.0,recommendation,1
2026-07-26 10:27:38,0.2560542543846492,0.0,0.0,0.0,0.0190058804366246,0.0829453125,0.0,recommendation,1
2026-07-26 10:32:38,0.2560542543846492,0.0,0.0,0.0,0.0190058804366246,0.0829453125,0.0,recommendation,1
2026-07-26 10:37:38,0.2560542543846492,0.0,0.0,0.0,0.0190058804366246,0.0829453125,0.0,recommendation,1
2026-07-26 10:42:38,0.2560542543846492,0.0,0.0,0.0,0.0190058804366246,0.0829453125,0.0,recommendation,1
2026-07-26 10:47:38,0.2560542543846492,0.0,0.0,0.0,0.0190058804366246,0.0829453125,0.0,recommendation,1
2026-07-26 10:52:38,0.2560542543846492,0.0,0.0,0.0,0.0190058804366246,0.0829453125,0.0,recommendation,1
2026-07-26 10:57:38,0.2560542543846492,0.0,0.0,0.0,0.0190058804366246,0.0829453125,0.0,recommendation,1
2026-07-26 11:02:38,0.2560542543846492,0.0,0.0,0.0,0.0190058804366246,0.0829453125,0.0,recommendation,1
2026-07-26 11:07:38,0.2560542543846492,0.0,0.0,0.0,0.0190058804366246,0.0829453125,0.0,recommendation,1
2026-07-26 11:12:38,0.2560542543846492,0.0,0.0,0.0,0.0190058804366246,0.0829453125,0.0,recommendation,1
2026-07-26 11:17:38,0.2560542543846492,0.0,0.0,0.0,0.0190058804366246,0.0829453125,0.0,recommendation,1
2026-07-26 11:22:38,0.2560542543846492,0.0,0.0,0.0,0.0190058804366246,0.0829453125,0.0,recommendation,1
2026-07-26 11:27:38,0.2560542543846492,0.0,0.0,0.0,0.0190058804366246,0.0829453125,0.0,recommendation,1
2026-07-26 11:32:38,0.2560542543846492,0.0,0.0,0.0,0.0190058804366246,0.0829453125,0.0,recommendation,1
2026-07-26 11:37:38,0.2560542543846492,0.0,0.0,0.0,0.0190058804366246,0.0829453125,0.0,recommendation,1
2026-07-26 11:42:38,0.2560542543846492,0.0,0.0,0.0,0.0190058804366246,0.0829453125,0.0,recommendation,1
2026-07-26 11:47:38,0.2560542543846492,0.0,0.0,0.0,0.0190058804366246,0.0829453125,0.0,recommendation,1
2026-07-26 11:52:38,0.2560542543846492,0.0,0.0,0.0,0.0190058804366246,0.0829453125,0.0,recommendation,1
2026-07-26 11:57:38,0.2560542543846492,0.0,0.0,0.0,0.0190058804366246,0.0829453125,0.0,recommendation,1
2026-07-26 12:02:38,0.2560542543846492,0.0,0.0,0.0,0.0190058804366246,0.0829453125,0.0,recommendation,1
2026-07-26 12:07:38,0.2560542543846492,0.0,0.0,0.0,0.0190058804366246,0.0829453125,0.0,recommendation,1
2026-07-26 12:12:38,0.2560542543846492,0.0,0.0,0.0,0.0190058804366246,0.0829453125,0.0,recommendation,1
2026-07-26 12:17:38,0.2560542543846492,0.0,0.0,0.0,0.0190058804366246,0.0829453125,0.0,recommendation,1
2026-07-26 12:22:38,0.2560542543846492,0.0,0.0,0.0,0.0190058804366246,0.0829453125,0.0,recommendation,1
2026-07-26 12:27:38,0.2560542543846492,0.0,0.0,0.0,0.0190058804366246,0.0829453125,0.0,recommendation,1
2026-07-26 12:32:38,0.2560542543846492,0.0,0.0,0.0,0.0190058804366246,0.0829453125,0.0,recommendation,1
2026-07-26 12:37:38,0.2560542543846492,0.0,0.0,0.0,0.0190058804366246,0.0829453125,0.0,recommendation,1
2026-07-26 12:42:38,0.2560542543846492,0.0,0.0,0.0,0.0190058804366246,0.0829453125,0.0,recommendation,1
2026-07-26 12:47:38,0.2560542543846492,0.0,0.0,0.0,0.0190058804366246,0.0829453125,0.0,recommendation,1
2026-07-26 12:52:38,0.2560542543846492,0.0,0.0,0.0,0.0190058804366246,0.0829453125,0.0,recommendation,1
2026-07-26 12:57:38,0.2560542543846492,0.0,0.0,0.0,0.0190058804366246,0.0829453125,0.0,recommendation,1
2026-07-26 13:02:38,0.2560542543846492,0.0,0.0,0.0,0.0190058804366246,0.0829453125,0.0,recommendation,1
2026-07-26 13:07:38,0.2560542543846492,0.0,0.0,0.0,0.0190058804366246,0.0829453125,0.0,recommendation,1
2026-07-26 13:12:38,0.2560542543846492,0.0,0.0,0.0,0.0190058804366246,0.0829453125,0.0,recommendation,1
2026-07-26 13:17:38,0.2560542543846492,0.0,0.0,0.0,0.0190058804366246,0.0829453125,0.0,recommendation,1
2026-07-26 13:22:38,0.2560542543846492,0.0,0.0,0.0,0.0190058804366246,0.0829453125,0.0,recommendation,1
2026-07-26 13:27:38,0.2560542543846492,0.0,0.0,0.0,0.0190058804366246,0.0829453125,0.0,recommendation,1
2026-07-26 13:32:38,0.2560542543846492,0.0,0.0,0.0,0.0190058804366246,0.0829453125,0.0,recommendation,1
2026-07-26 13:37:38,0.2560542543846492,0.0,0.0,0.0,0.0190058804366246,0.0829453125,0.0,recommendation,1
2026-07-26 13:42:38,0.2560542543846492,0.0,0.0,0.0,0.0190058804366246,0.0829453125,0.0,recommendation,1
2026-07-26 13:47:38,0.2560542543846492,0.0,0.0,0.0,0.0190058804366246,0.0829453125,0.0,recommendation,1
2026-07-26 13:52:38,0.2560542543846492,0.0,0.0,0.0,0.0190058804366246,0.0829453125,0.0,recommendation,1
2026-07-26 13:57:38,0.2560542543846492,0.0,0.0,0.0,0.0190058804366246,0.0829453125,0.0,recommendation,1
2026-07-26 14:02:38,0.2560542543846492,0.0,0.0,0.0,0.0190058804366246,0.0829453125,0.0,recommendation,1
2026-07-26 14:07:38,0.2560542543846492,0.0,0.0,0.0,0.0190058804366246,0.0829453125,0.0,recommendation,1
2026-07-26 14:12:38,0.2560542543846492,0.0,0.0,0.0,0.0190058804366246,0.0829453125,0.0,recommendation,1
2026-07-26 14:17:38,0.2560542543846492,0.0,0.0,0.0,0.0190058804366246,0.0829453125,0.0,recommendation,1
2026-07-26 14:22:38,0.2560542543846492,0.0,0.0,0.0,0.0190058804366246,0.0829453125,0.0,recommendation,1
2026-07-26 14:27:38,0.2560542543846492,0.0,0.0,0.0,0.0190058804366246,0.0829453125,0.0,recommendation,1
2026-07-26 14:32:38,0.2560542543846492,0.0,0.0,0.0,0.0190058804366246,0.0829453125,0.0,recommendation,1
2026-07-26 14:37:38,0.2560542543846492,0.0,0.0,0.0,0.0190058804366246,0.0829453125,0.0,recommendation,1
2026-07-26 14:42:38,0.2560542543846492,0.0,0.0,0.0,0.0190058804366246,0.0829453125,0.0,recommendation,1
2026-07-26 14:47:38,0.2560542543846492,0.0,0.0,0.0,0.0190058804366246,0.0829453125,0.0,recommendation,1
2026-07-26 14:52:38,0.2560542543846492,0.0,0.0,0.0,0.0190058804366246,0.0829453125,0.0,recommendation,1
2026-07-26 14:57:38,0.2560542543846492,0.0,0.0,0.0,0.0190058804366246,0.0829453125,0.0,recommendation,1
2026-07-26 15:02:38,0.2560542543846492,0.0,0.0,0.0,0.0190058804366246,0.0829453125,0.0,recommendation,1
2026-07-26 15:07:38,0.2560542543846492,0.0,0.0,0.0,0.0190058804366246,0.0829453125,0.0,recommendation,1
2026-07-26 15:12:38,0.2560542543846492,0.0,0.0,0.0,0.0190058804366246,0.0829453125,0.0,recommendation,1
2026-07-26 15:17:38,0.2560542543846492,0.0,0.0,0.0,0.0190058804366246,0.0829453125,0.0,recommendation,1
2026-07-26 15:22:38,0.2560542543846492,0.0,0.0,0.0,0.0190058804366246,0.0829453125,0.0,recommendation,1
2026-07-26 15:27:38,0.2560542543846492,0.0,0.0,0.0,0.0190058804366246,0.0829453125,0.0,recommendation,1
2026-07-26 15:32:38,0.2560542543846492,0.0,0.0,0.0,0.0190058804366246,0.0829453125,0.0,recommendation,1
2026-07-26 15:37:38,0.2560542543846492,0.0,0.0,0.0,0.0190058804366246,0.0829453125,0.0,recommendation,1
2026-07-26 15:42:38,0.2560542543846492,0.0,0.0,0.0,0.0190058804366246,0.0829453125,0.0,recommendation,1
2026-07-26 15:47:38,0.2560542543846492,0.0,0.0,0.0,0.0190058804366246,0.0829453125,0.0,recommendation,1
2026-07-26 15:52:38,0.2560542543846492,0.0,0.0,0.0,0.0190058804366246,0.0829453125,0.0,recommendation,1
2026-07-26 15:57:38,0.2560542543846492,0.0,0.0,0.0,0.0190058804366246,0.0829453125,0.0,recommendation,1
2026-07-26 16:02:38,0.2560542543846492,0.0,0.0,0.0,0.0190058804366246,0.0829453125,0.0,recommendation,1
2026-07-26 16:07:38,0.2560542543846492,0.0,0.0,0.0,0.0190058804366246,0.0829453125,0.0,recommendation,1
2026-07-26 16:12:38,0.2560542543846492,0.0,0.0,0.0,0.0190058804366246,0.0829453125,0.0,recommendation,1
2026-07-26 16:17:38,0.2560542543846492,0.0,0.0,0.0,0.0190058804366246,0.0829453125,0.0,recommendation,1
2026-07-26 16:22:38,0.2560542543846492,0.0,0.0,0.0,0.0190058804366246,0.0829453125,0.0,recommendation,1
2026-07-26 16:27:38,0.2560542543846492,0.0,0.0,0.0,0.0190058804366246,0.0829453125,0.0,recommendation,1
2026-07-26 16:32:38,0.2560542543846492,0.0,0.0,0.0,0.0190058804366246,0.0829453125,0.0,recommendation,1
2026-07-26 16:37:38,0.2560542543846492,0.0,0.0,0.0,0.0190058804366246,0.0829453125,0.0,recommendation,1
2026-07-26 16:42:38,0.2560542543846492,0.0,0.0,0.0,0.0190058804366246,0.0829453125,0.0,recommendation,1
2026-07-26 16:47:38,0.2560542543846492,0.0,0.0,0.0,0.0190058804366246,0.0829453125,0.0,recommendation,1
2026-07-26 16:52:38,0.2560542543846492,0.0,0.0,0.0,0.0190058804366246,0.0829453125,0.0,recommendation,1
2026-07-26 16:57:38,0.2560542543846492,0.0,0.0,0.0,0.0190058804366246,0.0829453125,0.0,recommendation,1
2026-07-26 17:02:38,0.2560542543846492,0.0,0.0,0.0,0.0190058804366246,0.0829453125,0.0,recommendation,1
2026-07-26 17:07:38,0.2560542543846492,0.0,0.0,0.0,0.0190058804366246,0.0829453125,0.0,recommendation,1
2026-07-26 17:12:38,0.2560542543846492,0.0,0.0,0.0,0.0190058804366246,0.0829453125,0.0,recommendation,1
2026-07-26 17:17:38,0.2560542543846492,0.0,0.0,0.0,0.0190058804366246,0.0829453125,0.0,recommendation,1
2026-07-26 17:22:38,0.2560542543846492,0.0,0.0,0.0,0.0190058804366246,0.0829453125,0.0,recommendation,1
2026-07-26 17:27:38,0.2560542543846492,0.0,0.0,0.0,0.0190058804366246,0.0829453125,0.0,recommendation,1
2026-07-26 17:32:38,0.2560542543846492,0.0,0.0,0.0,0.0190058804366246,0.0829453125,0.0,recommendation,1
2026-07-26 17:37:38,0.2560542543846492,0.0,0.0,0.0,0.0190058804366246,0.0829453125,0.0,recommendation,1
2026-07-26 17:42:38,0.2560542543846492,0.0,0.0,0.0,0.0190058804366246,0.0829453125,0.0,recommendation,1
2026-07-26 17:47:38,0.2560542543846492,0.0,0.0,0.0,0.0190058804366246,0.0829453125,0.0,recommendation,1
2026-07-26 17:52:38,0.2560542543846492,0.0,0.0,0.0,0.0190058804366246,0.0829453125,0.0,recommendation,1
2026-07-26 17:57:38,0.2560542543846492,0.0,0.0,0.0,0.0190058804366246,0.0829453125,0.0,recommendation,1
2026-07-26 18:02:38,0.2560542543846492,0.0,0.0,0.0,0.0190058804366246,0.0829453125,0.0,recommendation,1
2026-07-26 18:07:38,0.2560542543846492,0.0,0.0,0.0,0.0190058804366246,0.0829453125,0.0,recommendation,1
2026-07-26 18:12:38,0.2560542543846492,0.0,0.0,0.0,0.0190058804366246,0.0829453125,0.0,recommendation,1
2026-07-26 18:17:38,0.2560542543846492,0.0,0.0,0.0,0.0190058804366246,0.0829453125,0.0,recommendation,1
2026-07-26 18:22:38,0.2560542543846492,0.0,0.0,0.0,0.0190058804366246,0.0829453125,0.0,recommendation,1
2026-07-26 18:27:38,0.2560542543846492,0.0,0.0,0.0,0.0190058804366246,0.0829453125,0.0,recommendation,1
2026-07-26 18:32:38,0.2560542543846492,0.0,0.0,0.0,0.0190058804366246,0.0829453125,0.0,recommendation,1
2026-07-26 18:37:38,0.2560542543846492,0.0,0.0,0.0,0.0190058804366246,0.0829453125,0.0,recommendation,1
2026-07-26 18:42:38,0.2560542543846492,0.0,0.0,0.0,0.0190058804366246,0.0829453125,0.0,recommendation,1
2026-07-26 18:47:38,0.2560542543846492,0.0,0.0,0.0,0.0190058804366246,0.0829453125,0.0,recommendation,1
2026-07-26 18:52:38,0.2560542543846492,0.0,0.0,0.0,0.0190058804366246,0.0829453125,0.0,recommendation,1
2026-07-26 18:57:38,0.2560542543846492,0.0,0.0,0.0,0.0190058804366246,0.0829453125,0.0,recommendation,1
2026-07-26 19:02:38,0.2560542543846492,0.0,0.0,0.0,0.0190058804366246,0.0829453125,0.0,recommendation,1
2026-07-26 19:07:38,0.2560542543846492,0.0,0.0,0.0,0.0190058804366246,0.0829453125,0.0,recommendation,1
2026-07-26 19:12:38,0.2560542543846492,0.0,0.0,0.0,0.0190058804366246,0.0829453125,0.0,recommendation,1
2026-07-26 19:17:38,0.2560542543846492,0.0,0.0,0.0,0.0190058804366246,0.0829453125,0.0,recommendation,1
2026-07-26 19:22:38,0.2560542543846492,0.0,0.0,0.0,0.0190058804366246,0.0829453125,0.0,recommendation,1
2026-07-26 19:27:38,0.2560542543846492,0.0,0.0,0.0,0.0190058804366246,0.0829453125,0.0,recommendation,1
2026-07-26 19:32:38,0.2560542543846492,0.0,0.0,0.0,0.0190058804366246,0.0829453125,0.0,recommendation,1
2026-07-26 19:37:38,0.2560542543846492,0.0,0.0,0.0,0.0190058804366246,0.0829453125,0.0,recommendation,1
2026-07-26 19:42:38,0.2560542543846492,0.0,0.0,0.0,0.0190058804366246,0.0829453125,0.0,recommendation,1
2026-07-26 19:47:38,0.2560542543846492,0.0,0.0,0.0,0.0190058804366246,0.0829453125,0.0,recommendation,1
2026-07-26 19:52:38,0.2560542543846492,0.0,0.0,0.0,0.0190058804366246,0.0829453125,0.0,recommendation,1
2026-07-26 19:57:38,0.2560542543846492,0.0,0.0,0.0,0.0190058804366246,0.0829453125,0.0,recommendation,1
2026-07-26 20:02:38,0.2560542543846492,0.0,0.0,0.0,0.0190058804366246,0.0829453125,0.0,recommendation,1
2026-07-26 20:07:38,0.2560542543846492,0.0,0.0,0.0,0.0190058804366246,0.0829453125,0.0,recommendation,1
2026-07-26 20:12:38,0.2560542543846492,0.0,0.0,0.0,0.0190058804366246,0.0829453125,0.0,recommendation,1
2026-07-26 20:17:38,0.2560542543846492,0.0,0.0,0.0,0.0190058804366246,0.0829453125,0.0,recommendation,1
2026-07-26 20:22:38,0.2560542543846492,0.0,0.0,0.0,0.0190058804366246,0.0829453125,0.0,recommendation,1
2026-07-26 20:27:38,0.2560542543846492,0.0,0.0,0.0,0.0190058804366246,0.0829453125,0.0,recommendation,1
2026-07-26 20:32:38,0.2560542543846492,0.0,0.0,0.0,0.0190058804366246,0.0829453125,0.0,recommendation,1
2026-07-26 20:37:38,0.2560542543846492,0.0,0.0,0.0,0.0190058804366246,0.0829453125,0.0,recommendation,1
2026-07-26 20:42:38,0.2560542543846492,0.0,0.0,0.0,0.0190058804366246,0.0829453125,0.0,recommendation,1
2026-07-26 20:47:38,0.2560542543846492,0.0,0.0,0.0,0.0190058804366246,0.0829453125,0.0,recommendation,1
2026-07-26 20:52:38,0.2560542543846492,0.0,0.0,0.0,0.0190058804366246,0.0829453125,0.0,recommendation,1
2026-07-26 20:57:38,0.2560542543846492,0.0,0.0,0.0,0.0190058804366246,0.0829453125,0.0,recommendation,1
2026-07-26 21:02:38,0.2560542543846492,0.0,0.0,0.0,0.0190058804366246,0.0829453125,0.0,recommendation,1
2026-07-26 21:07:38,0.2560542543846492,0.0,0.0,0.0,0.0190058804366246,0.0829453125,0.0,recommendation,1
2026-07-26 21:12:38,0.2560542543846492,0.0,0.0,0.0,0.0190058804366246,0.0829453125,0.0,recommendation,1
2026-07-26 21:17:38,0.2560542543846492,0.0,0.0,0.0,0.0190058804366246,0.0829453125,0.0,recommendation,1
2026-07-26 21:22:38,0.2560542543846492,0.0,0.0,0.0,0.0190058804366246,0.0829453125,0.0,recommendation,1
2026-07-26 21:27:38,0.2560542543846492,0.0,0.0,0.0,0.0190058804366246,0.0829453125,0.0,recommendation,1
2026-07-26 21:32:38,0.2560542543846492,0.0,0.0,0.0,0.0190058804366246,0.0829453125,0.0,recommendation,1
2026-07-26 21:37:38,0.2560542543846492,0.0,0.0,0.0,0.0190058804366246,0.0829453125,0.0,recommendation,1
2026-07-26 21:42:38,0.2560542543846492,0.0,0.0,0.0,0.0190058804366246,0.0829453125,0.0,recommendation,1
2026-07-26 21:47:38,0.2560542543846492,0.0,0.0,0.0,0.0190058804366246,0.0829453125,0.0,recommendation,1
2026-07-26 21:52:38,0.2560542543846492,0.0,0.0,0.0,0.0190058804366246,0.0829453125,0.0,recommendation,1
2026-07-26 21:57:38,0.2560542543846492,0.0,0.0,0.0,0.0190058804366246,0.0829453125,0.0,recommendation,1
2026-07-26 22:02:38,0.2560542543846492,0.0,0.0,0.0,0.0190058804366246,0.0829453125,0.0,recommendation,1
2026-07-26 22:07:38,0.2560542543846492,0.0,0.0,0.0,0.0190058804366246,0.0829453125,0.0,recommendation,1
2026-07-26 22:12:38,0.2560542543846492,0.0,0.0,0.0,0.0190058804366246,0.0829453125,0.0,recommendation,1
2026-07-26 22:17:38,0.2560542543846492,0.0,0.0,0.0,0.0190058804366246,0.0829453125,0.0,recommendation,1
2026-07-26 22:22:38,0.2560542543846492,0.0,0.0,0.0,0.0190058804366246,0.0829453125,0.0,recommendation,1
2026-07-26 22:27:38,0.2560542543846492,0.0,0.0,0.0,0.0190058804366246,0.0829453125,0.0,recommendation,1
2026-07-26 22:32:38,0.2560542543846492,0.0,0.0,0.0,0.0190058804366246,0.0829453125,0.0,recommendation,1
2026-07-26 22:37:38,0.2560542543846492,0.0,0.0,0.0,0.0190058804366246,0.0829453125,0.0,recommendation,1
2026-07-26 22:42:38,0.2560542543846492,0.0,0.0,0.0,0.0190058804366246,0.0829453125,0.0,recommendation,1
2026-07-26 22:47:38,0.2560542543846492,0.0,0.0,0.0,0.0190058804366246,0.0829453125,0.0,recommendation,1
2026-07-26 22:52:38,0.2560542543846492,0.0,0.0,0.0,0.0190058804366246,0.0829453125,0.0,recommendation,1
2026-07-26 22:57:38,0.2560542543846492,0.0,0.0,0.0,0.0190058804366246,0.0829453125,0.0,recommendation,1
2026-07-26 23:02:38,0.2560542543846492,0.0,0.0,0.0,0.0190058804366246,0.0829453125,0.0,recommendation,1
2026-07-26 23:07:38,0.2560542543846492,0.0,0.0,0.0,0.0190058804366246,0.0829453125,0.0,recommendation,1
2026-07-26 23:12:38,0.2560542543846492,0.0,0.0,0.0,0.0190058804366246,0.0829453125,0.0,recommendation,1
2026-07-26 23:17:38,0.2560542543846492,0.0,0.0,0.0,0.0190058804366246,0.0829453125,0.0,recommendation,1
2026-07-26 23:22:38,0.2560542543846492,0.0,0.0,0.0,0.0190058804366246,0.0829453125,0.0,recommendation,1
2026-07-26 23:27:38,0.2560542543846492,0.0,0.0,0.0,0.0190058804366246,0.0829453125,0.0,recommendation,1
2026-07-26 23:32:38,0.2560542543846492,0.0,0.0,0.0,0.0190058804366246,0.0829453125,0.0,recommendation,1
2026-07-26 23:37:38,0.2560542543846492,0.0,0.0,0.0,0.0190058804366246,0.0829453125,0.0,recommendation,1
2026-07-26 23:42:38,0.2560542543846492,0.0,0.0,0.0,0.0190058804366246,0.0829453125,0.0,recommendation,1
2026-07-26 23:47:38,0.2560542543846492,0.0,0.0,0.0,0.0190058804366246,0.0829453125,0.0,recommendation,1
2026-07-26 23:52:38,0.2560542543846492,0.0,0.0,0.0,0.0190058804366246,0.0829453125,0.0,recommendation,1
2026-07-26 23:57:38,0.2560542543846492,0.0,0.0,0.0,0.0190058804366246,0.0829453125,0.0,recommendation,1
2026-07-27 00:02:38,0.2560542543846492,0.0,0.0,0.0,0.0190058804366246,0.0829453125,0.0,recommendation,1
2026-07-27 00:07:38,0.2560542543846492,0.0,0.0,0.0,0.0190058804366246,0.0829453125,0.0,recommendation,1
2026-07-27 00:12:38,0.2560542543846492,0.0,0.0,0.0,0.0190058804366246,0.0829453125,0.0,recommendation,1
2026-07-27 00:17:38,0.2560542543846492,0.0,0.0,0.0,0.0190058804366246,0.0829453125,0.0,recommendation,1
2026-07-27 00:22:38,0.2560542543846492,0.0,0.0,0.0,0.0190058804366246,0.0829453125,0.0,recommendation,1
2026-07-27 00:27:38,0.2560542543846492,0.0,0.0,0.0,0.0190058804366246,0.0829453125,0.0,recommendation,1
2026-07-27 00:32:38,0.2560542543846492,0.0,0.0,0.0,0.0190058804366246,0.0829453125,0.0,recommendation,1
2026-07-27 00:37:38,0.2560542543846492,0.0,0.0,0.0,0.0190058804366246,0.0829453125,0.0,recommendation,1
2026-07-27 00:42:38,0.2560542543846492,0.0,0.0,0.0,0.0190058804366246,0.0829453125,0.0,recommendation,1
2026-07-27 00:47:38,0.2560542543846492,0.0,0.0,0.0,0.0190058804366246,0.0829453125,0.0,recommendation,1
2026-07-27 00:52:38,0.2560542543846492,0.0,0.0,0.0,0.0190058804366246,0.0829453125,0.0,recommendation,1
2026-07-27 00:57:38,0.2560542543846492,0.0,0.0,0.0,0.0190058804366246,0.0829453125,0.0,recommendation,1
2026-07-27 01:02:38,0.2560542543846492,0.0,0.0,0.0,0.0190058804366246,0.0829453125,0.0,recommendation,1
2026-07-27 01:07:38,0.2560542543846492,0.0,0.0,0.0,0.0190058804366246,0.0829453125,0.0,recommendation,1
2026-07-27 01:12:38,0.2560542543846492,0.0,0.0,0.0,0.0190058804366246,0.0829453125,0.0,recommendation,1
2026-07-27 01:17:38,0.2560542543846492,0.0,0.0,0.0,0.0190058804366246,0.0829453125,0.0,recommendation,1
2026-07-27 01:22:38,0.2560542543846492,0.0,0.0,0.0,0.0190058804366246,0.0829453125,0.0,recommendation,1
2026-07-27 01:27:38,0.2560542543846492,0.0,0.0,0.0,0.0190058804366246,0.0829453125,0.0,recommendation,1
2026-07-27 01:32:38,0.2560542543846492,0.0,0.0,0.0,0.0190058804366246,0.0829453125,0.0,recommendation,1
2026-07-27 01:37:38,0.2560542543846492,0.0,0.0,0.0,0.0190058804366246,0.0829453125,0.0,recommendation,1
2026-07-27 01:42:38,0.2560542543846492,0.0,0.0,0.0,0.0190058804366246,0.0829453125,0.0,recommendation,1
2026-07-27 01:47:38,0.2560542543846492,0.0,0.0,0.0,0.0190058804366246,0.0829453125,0.0,recommendation,1
2026-07-27 01:52:38,0.2560542543846492,0.0,0.0,0.0,0.0190058804366246,0.0829453125,0.0,recommendation,1
2026-07-27 01:57:38,0.2560542543846492,0.0,0.0,0.0,0.0190058804366246,0.0829453125,0.0,recommendation,1
2026-07-27 02:02:38,0.2560542543846492,0.0,0.0,0.0,0.0190058804366246,0.0829453125,0.0,recommendation,1
2026-07-27 02:07:38,0.2560542543846492,0.0,0.0,0.0,0.0190058804366246,0.0829453125,0.0,recommendation,1
2026-07-27 02:12:38,0.2560542543846492,0.0,0.0,0.0,0.0190058804366246,0.0829453125,0.0,recommendation,1
2026-07-27 02:17:38,0.2560542543846492,0.0,0.0,0.0,0.0190058804366246,0.0829453125,0.0,recommendation,1
2026-07-27 02:22:38,0.2560542543846492,0.0,0.0,0.0,0.0190058804366246,0.0829453125,0.0,recommendation,1
2026-07-27 02:27:38,0.2560542543846492,0.0,0.0,0.0,0.0190058804366246,0.0829453125,0.0,recommendation,1
2026-07-27 02:32:38,0.2560542543846492,0.0,0.0,0.0,0.0190058804366246,0.0829453125,0.0,recommendation,1
2026-07-27 02:37:38,0.2560542543846492,0.0,0.0,0.0,0.0190058804366246,0.0829453125,0.0,recommendation,1
2026-07-27 02:42:38,0.2560542543846492,0.0,0.0,0.0,0.0190058804366246,0.0829453125,0.0,recommendation,1
2026-07-27 02:47:38,0.2560542543846492,0.0,0.0,0.0,0.0190058804366246,0.0829453125,0.0,recommendation,1
2026-07-27 02:52:38,0.2560542543846492,0.0,0.0,0.0,0.0190058804366246,0.0829453125,0.0,recommendation,1
2026-07-27 02:57:38,0.2560542543846492,0.0,0.0,0.0,0.0190058804366246,0.0829453125,0.0,recommendation,1
2026-07-27 03:02:38,0.2560542543846492,0.0,0.0,0.0,0.0190058804366246,0.0829453125,0.0,recommendation,1
2026-07-27 03:07:38,0.2560542543846492,0.0,0.0,0.0,0.0190058804366246,0.0829453125,0.0,recommendation,1
2026-07-27 03:12:38,0.2560542543846492,0.0,0.0,0.0,0.0190058804366246,0.0829453125,0.0,recommendation,1
2026-07-27 03:17:38,0.2560542543846492,0.0,0.0,0.0,0.0190058804366246,0.0829453125,0.0,recommendation,1
2026-07-27 03:22:38,0.2560542543846492,0.0,0.0,0.0,0.0190058804366246,0.0829453125,0.0,recommendation,1
2026-07-27 03:27:38,0.2560542543846492,0.0,0.0,0.0,0.0190058804366246,0.0829453125,0.0,recommendation,1
2026-07-27 03:32:38,0.2560542543846492,0.0,0.0,0.0,0.0190058804366246,0.0829453125,0.0,recommendation,1
2026-07-27 03:37:38,0.2560542543846492,0.0,0.0,0.0,0.0190058804366246,0.0829453125,0.0,recommendation,1
2026-07-27 03:42:38,0.2560542543846492,0.0,0.0,0.0,0.0190058804366246,0.0829453125,0.0,recommendation,1
2026-07-27 03:47:38,0.2560542543846492,0.0,0.0,0.0,0.0190058804366246,0.0829453125,0.0,recommendation,1
2026-07-27 03:52:38,0.2560542543846492,0.0,0.0,0.0,0.0190058804366246,0.0829453125,0.0,recommendation,1
2026-07-27 03:57:38,0.2560542543846492,0.0,0.0,0.0,0.0190058804366246,0.0829453125,0.0,recommendation,1
2026-07-27 04:02:38,0.2560542543846492,0.0,0.0,0.0,0.0190058804366246,0.0829453125,0.0,recommendation,1
2026-07-27 04:07:38,0.2560542543846492,0.0,0.0,0.0,0.0190058804366246,0.0829453125,0.0,recommendation,1
2026-07-27 04:12:38,0.2560542543846492,0.0,0.0,0.0,0.0190058804366246,0.0829453125,0.0,recommendation,1
2026-07-27 04:17:38,0.2560542543846492,0.0,0.0,0.0,0.0190058804366246,0.0829453125,0.0,recommendation,1
2026-07-27 04:22:38,0.2560542543846492,0.0,0.0,0.0,0.0190058804366246,0.0829453125,0.0,recommendation,1
2026-07-27 04:27:38,0.2560542543846492,0.0,0.0,0.0,0.0190058804366246,0.0829453125,0.0,recommendation,1
2026-07-27 04:32:38,0.2560542543846492,0.0,0.0,0.0,0.0190058804366246,0.0829453125,0.0,recommendation,1
2026-07-27 04:37:38,0.2560542543846492,0.0,0.0,0.0,0.0190058804366246,0.0829453125,0.0,recommendation,1
2026-07-27 04:42:38,0.2560542543846492,0.0,0.0,0.0,0.0190058804366246,0.0829453125,0.0,recommendation,1
2026-07-27 04:47:38,0.2560542543846492,0.0,0.0,0.0,0.0190058804366246,0.0829453125,0.0,recommendation,1
2026-07-27 04:52:38,0.2560542543846492,0.0,0.0,0.0,0.0190058804366246,0.0829453125,0.0,recommendation,1
2026-07-27 04:57:38,0.2560542543846492,0.0,0.0,0.0,0.0190058804366246,0.0829453125,0.0,recommendation,1
2026-07-27 05:02:38,0.2560542543846492,0.0,0.0,0.0,0.0190058804366246,0.0829453125,0.0,recommendation,1
2026-07-27 05:07:38,0.2560542543846492,0.0,0.0,0.0,0.0190058804366246,0.0829453125,0.0,recommendation,1
2026-07-27 05:12:38,0.2560542543846492,0.0,0.0,0.0,0.0190058804366246,0.0829453125,0.0,recommendation,1
2026-07-27 05:17:38,0.2560542543846492,0.0,0.0,0.0,0.0190058804366246,0.0829453125,0.0,recommendation,1
2026-07-27 05:22:38,0.2560542543846492,0.0,0.0,0.0,0.0190058804366246,0.0829453125,0.0,recommendation,1
2026-07-27 05:27:38,0.2560542543846492,0.0,0.0,0.0,0.0190058804366246,0.0829453125,0.0,recommendation,1
2026-07-27 05:32:38,0.2560542543846492,0.0,0.0,0.0,0.0190058804366246,0.0829453125,0.0,recommendation,1
2026-07-27 05:37:38,0.2560542543846492,0.0,0.0,0.0,0.0190058804366246,0.0829453125,0.0,recommendation,1
2026-07-27 05:42:38,0.2560542543846492,0.0,0.0,0.0,0.0190058804366246,0.0829453125,0.0,recommendation,1
2026-07-27 05:47:38,0.2560542543846492,0.0,0.0,0.0,0.0190058804366246,0.0829453125,0.0,recommendation,1
2026-07-27 05:52:38,0.2560542543846492,0.0,0.0,0.0,0.0190058804366246,0.0829453125,0.0,recommendation,1
2026-07-27 05:57:38,0.2560542543846492,0.0,0.0,0.0,0.0190058804366246,0.0829453125,0.0,recommendation,1
2026-07-27 06:02:38,0.2560542543846492,0.0,0.0,0.0,0.0190058804366246,0.0829453125,0.0,recommendation,1
2026-07-27 06:07:38,0.2560542543846492,0.0,0.0,0.0,0.0190058804366246,0.0829453125,0.0,recommendation,1
2026-07-27 06:12:38,0.2560542543846492,0.0,0.0,0.0,0.0190058804366246,0.0829453125,0.0,recommendation,1
2026-07-27 06:17:38,0.2560542543846492,0.0,0.0,0.0,0.0190058804366246,0.0829453125,0.0,recommendation,1
2026-07-27 06:22:38,0.2560542543846492,0.0,0.0,0.0,0.0190058804366246,0.0829453125,0.0,recommendation,1
2026-07-27 06:27:38,0.2560542543846492,0.0,0.0,0.0,0.0190058804366246,0.0829453125,0.0,recommendation,1
2026-07-27 06:32:38,0.2560542543846492,0.0,0.0,0.0,0.0190058804366246,0.0829453125,0.0,recommendation,1
2026-07-27 06:37:38,0.2560542543846492,0.0,0.0,0.0,0.0190058804366246,0.0829453125,0.0,recommendation,1
2026-07-27 06:42:38,0.2560542543846492,0.0,0.0,0.0,0.0190058804366246,0.0829453125,0.0,recommendation,1
2026-07-27 06:47:38,0.2560542543846492,0.0,0.0,0.0,0.0190058804366246,0.0829453125,0.0,recommendation,1
2026-07-27 06:52:38,0.2560542543846492,0.0,0.0,0.0,0.0190058804366246,0.0829453125,0.0,recommendation,1
2026-07-27 06:57:38,0.2560542543846492,0.0,0.0,0.0,0.0190058804366246,0.0829453125,0.0,recommendation,1
2026-07-27 07:02:38,0.2560542543846492,0.0,0.0,0.0,0.0190058804366246,0.0829453125,0.0,recommendation,1
2026-07-27 07:07:38,0.2560542543846492,0.0,0.0,0.0,0.0190058804366246,0.0829453125,0.0,recommendation,1
2026-07-27 07:12:38,0.2560542543846492,0.0,0.0,0.0,0.0190058804366246,0.0829453125,0.0,recommendation,1
2026-07-27 07:17:38,0.2560542543846492,0.0,0.0,0.0,0.0190058804366246,0.0829453125,0.0,recommendation,1
2026-07-27 07:22:38,0.2560542543846492,0.0,0.0,0.0,0.0190058804366246,0.0829453125,0.0,recommendation,1
2026-07-27 07:27:38,0.2560542543846492,0.0,0.0,0.0,0.0190058804366246,0.0829453125,0.0,recommendation,1
2026-07-27 07:32:38,0.2560542543846492,0.0,0.0,0.0,0.0190058804366246,0.0829453125,0.0,recommendation,1
2026-07-27 07:37:38,0.2560542543846492,0.0,0.0,0.0,0.0190058804366246,0.0829453125,0.0,recommendation,1
2026-07-27 07:42:38,0.2560542543846492,0.0,0.0,0.0,0.0190058804366246,0.0829453125,0.0,recommendation,1
2026-07-27 07:47:38,0.2560542543846492,0.0,0.0,0.0,0.0190058804366246,0.0829453125,0.0,recommendation,1
2026-07-27 07:52:38,0.2560542543846492,0.0,0.0,0.0,0.0190058804366246,0.0829453125,0.0,recommendation,1
2026-07-27 07:57:38,0.2560542543846492,0.0,0.0,0.0,0.0190058804366246,0.0829453125,0.0,recommendation,1
2026-07-27 08:02:38,0.2560542543846492,0.0,0.0,0.0,0.0190058804366246,0.0829453125,0.0,recommendation,1
2026-07-27 08:07:38,0.2560542543846492,0.0,0.0,0.0,0.0190058804366246,0.0829453125,0.0,recommendation,1
2026-07-27 08:12:38,0.2560542543846492,0.0,0.0,0.0,0.0190058804366246,0.0829453125,0.0,recommendation,1
2026-07-27 08:17:38,0.2560542543846492,0.0,0.0,0.0,0.0190058804366246,0.0829453125,0.0,recommendation,1
2026-07-27 08:22:38,0.2560542543846492,0.0,0.0,0.0,0.0190058804366246,0.0829453125,0.0,recommendation,1
2026-07-27 08:27:38,0.2560542543846492,0.0,0.0,0.0,0.0190058804366246,0.0829453125,0.0,recommendation,1
2026-07-27 08:32:38,0.2560542543846492,0.0,0.0,0.0,0.0190058804366246,0.0829453125,0.0,recommendation,1
2026-07-27 08:37:38,0.2560542543846492,0.0,0.0,0.0,0.0190058804366246,0.0829453125,0.0,recommendation,1
2026-07-27 08:42:38,0.2560542543846492,0.0,0.0,0.0,0.0190058804366246,0.0829453125,0.0,recommendation,1
2026-07-27 08:47:38,0.2560542543846492,0.0,0.0,0.0,0.0190058804366246,0.0829453125,0.0,recommendation,1
2026-07-27 08:52:38,0.2560542543846492,0.0,0.0,0.0,0.0190058804366246,0.0829453125,0.0,recommendation,1
2026-07-27 08:57:38,0.2560542543846492,0.0,0.0,0.0,0.0190058804366246,0.0829453125,0.0,recommendation,1
2026-07-27 09:02:38,0.2560542543846492,0.0,0.0,0.0,0.0190058804366246,0.0829453125,0.0,recommendation,1
2026-07-27 09:07:38,0.2560542543846492,0.0,0.0,0.0,0.0190058804366246,0.0829453125,0.0,recommendation,1
2026-07-27 09:12:38,0.2560542543846492,0.0,0.0,0.0,0.0190058804366246,0.0829453125,0.0,recommendation,1
2026-07-27 09:17:38,0.2560542543846492,0.0,0.0,0.0,0.0190058804366246,0.0829453125,0.0,recommendation,1
2026-07-27 09:22:38,0.2560542543846492,0.0,0.0,0.0,0.0190058804366246,0.0829453125,0.0,recommendation,1
2026-07-27 09:27:38,0.2560542543846492,0.0,0.0,0.0,0.0190058804366246,0.0829453125,0.0,recommendation,1
2026-07-27 09:32:38,0.2560542543846492,0.0,0.0,0.0,0.0190058804366246,0.0829453125,0.0,recommendation,1
2026-07-27 09:37:38,0.2560542543846492,0.0,0.0,0.0,0.0190058804366246,0.0829453125,0.0,recommendation,1
2026-07-27 09:42:38,0.2560542543846492,0.0,0.0,0.0,0.0190058804366246,0.0829453125,0.0,recommendation,1
2026-07-27 09:47:38,0.2560542543846492,0.0,0.0,0.0,0.0190058804366246,0.0829453125,0.0,recommendation,1
2026-07-27 09:52:38,0.2560542543846492,0.0,0.0,0.0,0.0190058804366246,0.0829453125,0.0,recommendation,1
2026-07-27 09:57:38,0.2560542543846492,0.0,0.0,0.0,0.0190058804366246,0.0829453125,0.0,recommendation,1
2026-07-27 10:02:38,0.2560542543846492,0.0,0.0,0.0,0.0190058804366246,0.0829453125,0.0,recommendation,1
2026-07-27 10:07:38,0.2560542543846492,0.0,0.0,0.0,0.0190058804366246,0.0829453125,0.0,recommendation,1
2026-07-27 10:12:38,0.2560542543846492,0.0,0.0,0.0,0.0190058804366246,0.0829453125,0.0,recommendation,1
2026-07-27 10:17:38,0.2560542543846492,0.0,0.0,0.0,0.0190058804366246,0.0829453125,0.0,recommendation,1
2026-07-27 10:22:38,0.2560542543846492,0.0,0.0,0.0,0.0190058804366246,0.0829453125,0.0,recommendation,1
2026-07-27 10:27:38,0.2560542543846492,0.0,0.0,0.0,0.0190058804366246,0.0829453125,0.0,recommendation,1
2026-07-27 10:32:38,0.2560542543846492,0.0,0.0,0.0,0.0190058804366246,0.0829453125,0.0,recommendation,1
2026-07-27 10:37:38,0.2560542543846492,0.0,0.0,0.0,0.0190058804366246,0.0829453125,0.0,recommendation,1
2026-07-27 10:42:38,0.2560542543846492,0.0,0.0,0.0,0.0190058804366246,0.0829453125,0.0,recommendation,1
2026-07-27 10:47:38,0.2560542543846492,0.0,0.0,0.0,0.0190058804366246,0.0829453125,0.0,recommendation,1
2026-07-27 10:52:38,0.2560542543846492,0.0,0.0,0.0,0.0190058804366246,0.0829453125,0.0,recommendation,1
2026-07-27 10:57:38,0.2560542543846492,0.0,0.0,0.0,0.0190058804366246,0.0829453125,0.0,recommendation,1
2026-07-27 11:02:38,0.2560542543846492,0.0,0.0,0.0,0.0190058804366246,0.0829453125,0.0,recommendation,1
2026-07-27 11:07:38,0.2560542543846492,0.0,0.0,0.0,0.0190058804366246,0.0829453125,0.0,recommendation,1
2026-07-27 11:12:38,0.2560542543846492,0.0,0.0,0.0,0.0190058804366246,0.0829453125,0.0,recommendation,1
2026-07-27 11:17:38,0.2560542543846492,0.0,0.0,0.0,0.0190058804366246,0.0829453125,0.0,recommendation,1
2026-07-27 11:22:38,0.2560542543846492,0.0,0.0,0.0,0.0190058804366246,0.0829453125,0.0,recommendation,1
2026-07-27 11:27:38,0.2560542543846492,0.0,0.0,0.0,0.0190058804366246,0.0829453125,0.0,recommendation,1
2026-07-27 11:32:38,0.2560542543846492,0.0,0.0,0.0,0.0190058804366246,0.0829453125,0.0,recommendation,1
2026-07-27 11:37:38,0.2560542543846492,0.0,0.0,0.0,0.0190058804366246,0.0829453125,0.0,recommendation,1
2026-07-27 11:42:38,0.2560542543846492,0.0,0.0,0.0,0.0190058804366246,0.0829453125,0.0,recommendation,1
2026-07-27 11:47:38,0.2560542543846492,0.0,0.0,0.0,0.0190058804366246,0.0829453125,0.0,recommendation,1
2026-07-27 11:52:38,0.2560542543846492,0.0,0.0,0.0,0.0190058804366246,0.0829453125,0.0,recommendation,1
2026-07-27 11:57:38,0.2560542543846492,0.0,0.0,0.0,0.0190058804366246,0.0829453125,0.0,recommendation,1
2026-07-27 12:02:38,0.2560542543846492,0.0,0.0,0.0,0.0190058804366246,0.0829453125,0.0,recommendation,1
2026-07-27 12:07:38,0.2560542543846492,0.0,0.0,0.0,0.0190058804366246,0.0829453125,0.0,recommendation,1
2026-07-27 12:12:38,0.2560542543846492,0.0,0.0,0.0,0.0190058804366246,0.0829453125,0.0,recommendation,1
2026-07-27 12:17:38,0.2560542543846492,0.0,0.0,0.0,0.0190058804366246,0.0829453125,0.0,recommendation,1
2026-07-27 12:22:38,0.2560542543846492,0.0,0.0,0.0,0.0190058804366246,0.0829453125,0.0,recommendation,1
2026-07-27 12:27:38,0.2560542543846492,0.0,0.0,0.0,0.0190058804366246,0.0829453125,0.0,recommendation,1
2026-07-27 12:32:38,0.2560542543846492,0.0,0.0,0.0,0.0190058804366246,0.0829453125,0.0,recommendation,1
2026-07-27 12:37:38,0.2560542543846492,0.0,0.0,0.0,0.0190058804366246,0.0829453125,0.0,recommendation,1
2026-07-27 12:42:38,0.2560542543846492,0.0,0.0,0.0,0.0190058804366246,0.0829453125,0.0,recommendation,1
2026-07-27 12:47:38,0.2560542543846492,0.0,0.0,0.0,0.0190058804366246,0.0829453125,0.0,recommendation,1
2026-07-27 12:52:38,0.2560542543846492,0.0,0.0,0.0,0.0190058804366246,0.0829453125,0.0,recommendation,1
2026-07-27 12:57:38,0.2560542543846492,0.0,0.0,0.0,0.0190058804366246,0.0829453125,0.0,recommendation,1
2026-07-27 13:02:38,0.2560542543846492,0.0,0.0,0.0,0.0190058804366246,0.0829453125,0.0,recommendation,1
2026-07-27 13:07:38,0.2560542543846492,0.0,0.0,0.0,0.0190058804366246,0.0829453125,0.0,recommendation,1
2026-07-27 13:12:38,0.2560542543846492,0.0,0.0,0.0,0.0190058804366246,0.0829453125,0.0,recommendation,1
2026-07-27 13:17:38,0.2560542543846492,0.0,0.0,0.0,0.0190058804366246,0.0829453125,0.0,recommendation,1
2026-07-27 13:22:38,0.2560542543846492,0.0,0.0,0.0,0.0190058804366246,0.0829453125,0.0,recommendation,1
2026-07-27 13:27:38,0.2560542543846492,0.0,0.0,0.0,0.0190058804366246,0.0829453125,0.0,recommendation,1
2026-07-27 13:32:38,0.2560542543846492,0.0,0.0,0.0,0.0190058804366246,0.0829453125,0.0,recommendation,1
2026-07-27 13:37:38,0.2560542543846492,0.0,0.0,0.0,0.0190058804366246,0.0829453125,0.0,recommendation,1
2026-07-27 13:42:38,0.2560542543846492,0.0,0.0,0.0,0.0190058804366246,0.0829453125,0.0,recommendation,1
2026-07-27 13:47:38,0.2560542543846492,0.0,0.0,0.0,0.0190058804366246,0.0829453125,0.0,recommendation,1
2026-07-27 13:52:38,0.2560542543846492,0.0,0.0,0.0,0.0190058804366246,0.0829453125,0.0,recommendation,1
2026-07-27 13:57:38,0.2560542543846492,0.0,0.0,0.0,0.0190058804366246,0.0829453125,0.0,recommendation,1
2026-07-27 14:02:38,0.2560542543846492,0.0,0.0,0.0,0.0190058804366246,0.0829453125,0.0,recommendation,1
2026-07-27 14:07:38,0.2560542543846492,0.0,0.0,0.0,0.0190058804366246,0.0829453125,0.0,recommendation,1
2026-07-27 14:12:38,0.2560542543846492,0.0,0.0,0.0,0.0190058804366246,0.0829453125,0.0,recommendation,1
2026-07-27 14:17:38,0.2560542543846492,0.0,0.0,0.0,0.0190058804366246,0.0829453125,0.0,recommendation,1
2026-07-27 14:22:38,0.2560542543846492,0.0,0.0,0.0,0.0190058804366246,0.0829453125,0.0,recommendation,1
2026-07-27 14:27:38,0.2560542543846492,0.0,0.0,0.0,0.0190058804366246,0.0829453125,0.0,recommendation,1
2026-07-27 14:32:38,0.2560542543846492,0.0,0.0,0.0,0.0190058804366246,0.0829453125,0.0,recommendation,1
2026-07-27 14:37:38,0.2560542543846492,0.0,0.0,0.0,0.0190058804366246,0.0829453125,0.0,recommendation,1
2026-07-27 14:42:38,0.2560542543846492,0.0,0.0,0.0,0.0190058804366246,0.0829453125,0.0,recommendation,1
2026-07-27 14:47:38,0.2560542543846492,0.0,0.0,0.0,0.0190058804366246,0.0829453125,0.0,recommendation,1
2026-07-27 14:52:38,0.2560542543846492,0.0,0.0,0.0,0.0190058804366246,0.0829453125,0.0,recommendation,1
2026-07-27 14:57:38,0.2560542543846492,0.0,0.0,0.0,0.0190058804366246,0.0829453125,0.0,recommendation,1
2026-07-27 15:02:38,0.2560542543846492,0.0,0.0,0.0,0.0190058804366246,0.0829453125,0.0,recommendation,1
2026-07-27 15:07:38,0.2560542543846492,0.0,0.0,0.0,0.0190058804366246,0.0829453125,0.0,recommendation,1
2026-07-27 15:12:38,0.2560542543846492,0.0,0.0,0.0,0.0190058804366246,0.0829453125,0.0,recommendation,1
2026-07-27 15:17:38,0.2560542543846492,0.0,0.0,0.0,0.0190058804366246,0.0829453125,0.0,recommendation,1
2026-07-27 15:22:38,0.2560542543846492,0.0,0.0,0.0,0.0190058804366246,0.0829453125,0.0,recommendation,1
2026-07-27 15:27:38,0.2560542543846492,0.0,0.0,0.0,0.0190058804366246,0.0829453125,0.0,recommendation,1
2026-07-27 15:32:38,0.2560542543846492,0.0,0.0,0.0,0.0190058804366246,0.0829453125,0.0,recommendation,1
2026-07-27 15:37:38,0.2560542543846492,0.0,0.0,0.0,0.0190058804366246,0.0829453125,0.0,recommendation,1
2026-07-27 15:42:38,0.2560542543846492,0.0,0.0,0.0,0.0190058804366246,0.0829453125,0.0,recommendation,1
2026-07-27 15:47:38,0.2560542543846492,0.0,0.0,0.0,0.0190058804366246,0.0829453125,0.0,recommendation,1
2026-07-27 15:52:38,0.2560542543846492,0.0,0.0,0.0,0.0190058804366246,0.0829453125,0.0,recommendation,1
2026-07-27 15:57:38,0.2560542543846492,0.0,0.0,0.0,0.0190058804366246,0.0829453125,0.0,recommendation,1
2026-07-27 16:02:38,0.2560542543846492,0.0,0.0,0.0,0.0190058804366246,0.0829453125,0.0,recommendation,1
2026-07-27 16:07:38,0.2560542543846492,0.0,0.0,0.0,0.0190058804366246,0.0829453125,0.0,recommendation,1
2026-07-27 16:12:38,0.2560542543846492,0.0,0.0,0.0,0.0190058804366246,0.0829453125,0.0,recommendation,1
2026-07-27 16:17:38,0.2560542543846492,0.0,0.0,0.0,0.0190058804366246,0.0829453125,0.0,recommendation,1
2026-07-27 16:22:38,0.2560542543846492,0.0,0.0,0.0,0.0190058804366246,0.0829453125,0.0,recommendation,1
2026-07-27 16:27:38,0.2560542543846492,0.0,0.0,0.0,0.0190058804366246,0.0829453125,0.0,recommendation,1
2026-07-27 16:32:38,0.2560542543846492,0.0,0.0,0.0,0.0190058804366246,0.0829453125,0.0,recommendation,1
2026-07-27 16:37:38,0.2560542543846492,0.0,0.0,0.0,0.0190058804366246,0.0829453125,0.0,recommendation,1
2026-07-27 16:42:38,0.2560542543846492,0.0,0.0,0.0,0.0190058804366246,0.0829453125,0.0,recommendation,1
2026-07-27 16:47:38,0.2560542543846492,0.0,0.0,0.0,0.0190058804366246,0.0829453125,0.0,recommendation,1
2026-07-27 16:52:38,0.2560542543846492,0.0,0.0,0.0,0.0190058804366246,0.0829453125,0.0,recommendation,1
2026-07-27 16:57:38,0.2560542543846492,0.0,0.0,0.0,0.0190058804366246,0.0829453125,0.0,recommendation,1
2026-07-27 17:02:38,0.2560542543846492,0.0,0.0,0.0,0.0190058804366246,0.0829453125,0.0,recommendation,1
2026-07-27 17:07:38,0.2560542543846492,0.0,0.0,0.0,0.0190058804366246,0.0829453125,0.0,recommendation,1
2026-07-27 17:12:38,0.2560542543846492,0.0,0.0,0.0,0.0190058804366246,0.0829453125,0.0,recommendation,1
2026-07-27 17:17:38,0.2560542543846492,0.0,0.0,0.0,0.0190058804366246,0.0829453125,0.0,recommendation,1
2026-07-27 17:22:38,0.2560542543846492,0.0,0.0,0.0,0.0190058804366246,0.0829453125,0.0,recommendation,1
2026-07-27 17:27:38,0.2560542543846492,0.0,0.0,0.0,0.0190058804366246,0.0829453125,0.0,recommendation,1
2026-07-27 17:32:38,0.2560542543846492,0.0,0.0,0.0,0.0190058804366246,0.0829453125,0.0,recommendation,1
2026-07-27 17:37:38,0.2560542543846492,0.0,0.0,0.0,0.0190058804366246,0.0829453125,0.0,recommendation,1
2026-07-27 17:42:38,0.2560542543846492,0.0,0.0,0.0,0.0190058804366246,0.0829453125,0.0,recommendation,1
2026-07-27 17:47:38,0.2560542543846492,0.0,0.0,0.0,0.0190058804366246,0.0829453125,0.0,recommendation,1
2026-07-27 17:52:38,0.2560542543846492,0.0,0.0,0.0,0.0190058804366246,0.0829453125,0.0,recommendation,1
2026-07-27 17:57:38,0.2560542543846492,0.0,0.0,0.0,0.0190058804366246,0.0829453125,0.0,recommendation,1
2026-07-27 18:02:38,0.2560542543846492,0.0,0.0,0.0,0.0190058804366246,0.0829453125,0.0,recommendation,1
2026-07-27 18:07:38,0.2560542543846492,0.0,0.0,0.0,0.0190058804366246,0.0829453125,0.0,recommendation,1
2026-07-27 18:12:38,0.2560542543846492,0.0,0.0,0.0,0.0190058804366246,0.0829453125,0.0,recommendation,1
2026-07-27 18:17:38,0.2560542543846492,0.0,0.0,0.0,0.0190058804366246,0.0829453125,0.0,recommendation,1
2026-07-27 18:22:38,0.2560542543846492,0.0,0.0,0.0,0.0190058804366246,0.0829453125,0.0,recommendation,1
2026-07-27 18:27:38,0.2560542543846492,0.0,0.0,0.0,0.0190058804366246,0.0829453125,0.0,recommendation,1
2026-07-27 18:32:38,0.2560542543846492,0.0,0.0,0.0,0.0190058804366246,0.0829453125,0.0,recommendation,1
2026-07-27 18:37:38,0.2560542543846492,0.0,0.0,0.0,0.0190058804366246,0.0829453125,0.0,recommendation,1
2026-07-27 18:42:38,0.2560542543846492,0.0,0.0,0.0,0.0190058804366246,0.0829453125,0.0,recommendation,1
2026-07-27 18:47:38,0.2560542543846492,0.0,0.0,0.0,0.0190058804366246,0.0829453125,0.0,recommendation,1
2026-07-27 18:52:38,0.2560542543846492,0.0,0.0,0.0,0.0190058804366246,0.0829453125,0.0,recommendation,1
2026-07-27 18:57:38,0.2560542543846492,0.0,0.0,0.0,0.0190058804366246,0.0829453125,0.0,recommendation,1
2026-07-27 19:02:38,0.2560542543846492,0.0,0.0,0.0,0.0190058804366246,0.0829453125,0.0,recommendation,1
2026-07-27 19:07:38,0.2560542543846492,0.0,0.0,0.0,0.0190058804366246,0.0829453125,0.0,recommendation,1
2026-07-27 19:12:38,0.2560542543846492,0.0,0.0,0.0,0.0190058804366246,0.0829453125,0.0,recommendation,1
2026-07-27 19:17:38,0.2560542543846492,0.0,0.0,0.0,0.0190058804366246,0.0829453125,0.0,recommendation,1
2026-07-27 19:22:38,0.2560542543846492,0.0,0.0,0.0,0.0190058804366246,0.0829453125,0.0,recommendation,1
2026-07-27 19:27:38,0.2560542543846492,0.0,0.0,0.0,0.0190058804366246,0.0829453125,0.0,recommendation,1
2026-07-27 19:32:38,0.2560542543846492,0.0,0.0,0.0,0.0190058804366246,0.0829453125,0.0,recommendation,1
2026-07-27 19:37:38,0.2560542543846492,0.0,0.0,0.0,0.0190058804366246,0.0829453125,0.0,recommendation,1
2026-07-27 19:42:38,0.2560542543846492,0.0,0.0,0.0,0.0190058804366246,0.0829453125,0.0,recommendation,1
2026-07-27 19:47:38,0.2560542543846492,0.0,0.0,0.0,0.0190058804366246,0.0829453125,0.0,recommendation,1
2026-07-27 19:52:38,0.2560542543846492,0.0,0.0,0.0,0.0190058804366246,0.0829453125,0.0,recommendation,1
2026-07-27 19:57:38,0.2560542543846492,0.0,0.0,0.0,0.0190058804366246,0.0829453125,0.0,recommendation,1
2026-07-27 20:02:38,0.2560542543846492,0.0,0.0,0.0,0.0190058804366246,0.0829453125,0.0,recommendation,1
2026-07-27 20:07:38,0.2560542543846492,0.0,0.0,0.0,0.0190058804366246,0.0829453125,0.0,recommendation,1
2026-07-27 20:12:38,0.2560542543846492,0.0,0.0,0.0,0.0190058804366246,0.0829453125,0.0,recommendation,1
2026-07-27 20:17:38,0.2560542543846492,0.0,0.0,0.0,0.0190058804366246,0.0829453125,0.0,recommendation,1
2026-07-27 20:22:38,0.2560542543846492,0.0,0.0,0.0,0.0190058804366246,0.0829453125,0.0,recommendation,1
2026-07-27 20:27:38,0.2560542543846492,0.0,0.0,0.0,0.0190058804366246,0.0829453125,0.0,recommendation,1
2026-07-27 20:32:38,0.2560542543846492,0.0,0.0,0.0,0.0190058804366246,0.0829453125,0.0,recommendation,1
2026-07-27 20:37:38,0.2560542543846492,0.0,0.0,0.0,0.0190058804366246,0.0829453125,0.0,recommendation,1
2026-07-27 20:42:38,0.2560542543846492,0.0,0.0,0.0,0.0190058804366246,0.0829453125,0.0,recommendation,1
2026-07-27 20:47:38,0.2560542543846492,0.0,0.0,0.0,0.0190058804366246,0.0829453125,0.0,recommendation,1
2026-07-27 20:52:38,0.2560542543846492,0.0,0.0,0.0,0.0190058804366246,0.0829453125,0.0,recommendation,1
2026-07-27 20:57:38,0.2560542543846492,0.0,0.0,0.0,0.0190058804366246,0.0829453125,0.0,recommendation,1
2026-07-27 21:02:38,0.2560542543846492,0.0,0.0,0.0,0.0190058804366246,0.0829453125,0.0,recommendation,1
2026-07-27 21:07:38,0.2560542543846492,0.0,0.0,0.0,0.0190058804366246,0.0829453125,0.0,recommendation,1
2026-07-27 21:12:38,0.2560542543846492,0.0,0.0,0.0,0.0190058804366246,0.0829453125,0.0,recommendation,1
2026-07-27 21:17:38,0.2560542543846492,0.0,0.0,0.0,0.0190058804366246,0.0829453125,0.0,recommendation,1
2026-07-27 21:22:38,0.2560542543846492,0.0,0.0,0.0,0.0190058804366246,0.0829453125,0.0,recommendation,1
2026-07-27 21:27:38,0.2560542543846492,0.0,0.0,0.0,0.0190058804366246,0.0829453125,0.0,recommendation,1
2026-07-27 21:32:38,0.2560542543846492,0.0,0.0,0.0,0.0190058804366246,0.0829453125,0.0,recommendation,1
2026-07-27 21:37:38,0.2560542543846492,0.0,0.0,0.0,0.0190058804366246,0.0829453125,0.0,recommendation,1
2026-07-27 21:42:38,0.2560542543846492,0.0,0.0,0.0,0.0190058804366246,0.0829453125,0.0,recommendation,1
2026-07-27 21:47:38,0.2560542543846492,0.0,0.0,0.0,0.0190058804366246,0.0829453125,0.0,recommendation,1
2026-07-27 21:52:38,0.2560542543846492,0.0,0.0,0.0,0.0190058804366246,0.0829453125,0.0,recommendation,1
2026-07-27 21:57:38,0.2560542543846492,0.0,0.0,0.0,0.0190058804366246,0.0829453125,0.0,recommendation,1
2026-07-27 22:02:38,0.2560542543846492,0.0,0.0,0.0,0.0190058804366246,0.0829453125,0.0,recommendation,1
2026-07-27 22:07:38,0.2560542543846492,0.0,0.0,0.0,0.0190058804366246,0.0829453125,0.0,recommendation,1
2026-07-27 22:12:38,0.2560542543846492,0.0,0.0,0.0,0.0190058804366246,0.0829453125,0.0,recommendation,1
2026-07-27 22:17:38,0.2560542543846492,0.0,0.0,0.0,0.0190058804366246,0.0829453125,0.0,recommendation,1
2026-07-27 22:22:38,0.2560542543846492,0.0,0.0,0.0,0.0190058804366246,0.0829453125,0.0,recommendation,1
2026-07-27 22:27:38,0.2560542543846492,0.0,0.0,0.0,0.0190058804366246,0.0829453125,0.0,recommendation,1
2026-07-27 22:32:38,0.2560542543846492,0.0,0.0,0.0,0.0190058804366246,0.0829453125,0.0,recommendation,1
2026-07-27 22:37:38,0.2560542543846492,0.0,0.0,0.0,0.0190058804366246,0.0829453125,0.0,recommendation,1
2026-07-27 22:42:38,0.2560542543846492,0.0,0.0,0.0,0.0190058804366246,0.0829453125,0.0,recommendation,1
2026-07-27 22:47:38,0.2560542543846492,0.0,0.0,0.0,0.0190058804366246,0.0829453125,0.0,recommendation,1
2026-07-27 22:52:38,0.2560542543846492,0.0,0.0,0.0,0.0190058804366246,0.0829453125,0.0,recommendation,1
2026-07-27 22:57:38,0.2560542543846492,0.0,0.0,0.0,0.0190058804366246,0.0829453125,0.0,recommendation,1
2026-07-27 23:02:38,0.2560542543846492,0.0,0.0,0.0,0.0190058804366246,0.0829453125,0.0,recommendation,1
2026-07-27 23:07:38,0.2560542543846492,0.0,0.0,0.0,0.0190058804366246,0.0829453125,0.0,recommendation,1
2026-07-27 23:12:38,0.2560542543846492,0.0,0.0,0.0,0.0190058804366246,0.0829453125,0.0,recommendation,1
2026-07-27 23:17:38,0.2560542543846492,0.0,0.0,0.0,0.0190058804366246,0.0829453125,0.0,recommendation,1
2026-07-27 23:22:38,0.2560542543846492,0.0,0.0,0.0,0.0190058804366246,0.0829453125,0.0,recommendation,1
2026-07-27 23:27:38,0.2560542543846492,0.0,0.0,0.0,0.0190058804366246,0.0829453125,0.0,recommendation,1
2026-07-27 23:32:38,0.2560542543846492,0.0,0.0,0.0,0.0190058804366246,0.0829453125,0.0,recommendation,1
2026-07-27 23:37:38,0.2560542543846492,0.0,0.0,0.0,0.0190058804366246,0.0829453125,0.0,recommendation,1
2026-07-27 23:42:38,0.2560542543846492,0.0,0.0,0.0,0.0190058804366246,0.0829453125,0.0,recommendation,1
2026-07-27 23:47:38,0.2560542543846492,0.0,0.0,0.0,0.0190058804366246,0.0829453125,0.0,recommendation,1
2026-07-27 23:52:38,0.2560542543846492,0.0,0.0,0.0,0.0190058804366246,0.0829453125,0.0,recommendation,1
2026-07-27 23:57:38,0.2560542543846492,0.0,0.0,0.0,0.0190058804366246,0.0829453125,0.0,recommendation,1
2026-07-28 00:02:38,0.2560542543846492,0.0,0.0,0.0,0.0190058804366246,0.0829453125,0.0,recommendation,1
2026-07-28 00:07:38,0.2560542543846492,0.0,0.0,0.0,0.0190058804366246,0.0829453125,0.0,recommendation,1
2026-07-28 00:12:38,0.2560542543846492,0.0,0.0,0.0,0.0190058804366246,0.0829453125,0.0,recommendation,1
2026-07-28 00:17:38,0.2560542543846492,0.0,0.0,0.0,0.0190058804366246,0.0829453125,0.0,recommendation,1
2026-07-28 00:22:38,0.2560542543846492,0.0,0.0,0.0,0.0190058804366246,0.0829453125,0.0,recommendation,1
2026-07-28 00:27:38,0.2560542543846492,0.0,0.0,0.0,0.0190058804366246,0.0829453125,0.0,recommendation,1
2026-07-28 00:32:38,0.2560542543846492,0.0,0.0,0.0,0.0190058804366246,0.0829453125,0.0,recommendation,1
2026-07-28 00:37:38,0.2560542543846492,0.0,0.0,0.0,0.0190058804366246,0.0829453125,0.0,recommendation,1
2026-07-28 00:42:38,0.2560542543846492,0.0,0.0,0.0,0.0190058804366246,0.0829453125,0.0,recommendation,1
2026-07-28 00:47:38,0.2560542543846492,0.0,0.0,0.0,0.0190058804366246,0.0829453125,0.0,recommendation,1
2026-07-28 00:52:38,0.2560542543846492,0.0,0.0,0.0,0.0190058804366246,0.0829453125,0.0,recommendation,1
2026-07-28 00:57:38,0.2560542543846492,0.0,0.0,0.0,0.0190058804366246,0.0829453125,0.0,recommendation,1
2026-07-28 01:02:38,0.2560542543846492,0.0,0.0,0.0,0.0190058804366246,0.0829453125,0.0,recommendation,1
2026-07-28 01:07:38,0.2560542543846492,0.0,0.0,0.0,0.0190058804366246,0.0829453125,0.0,recommendation,1
2026-07-28 01:12:38,0.2560542543846492,0.0,0.0,0.0,0.0190058804366246,0.0829453125,0.0,recommendation,1
2026-07-28 01:17:38,0.2560542543846492,0.0,0.0,0.0,0.0190058804366246,0.0829453125,0.0,recommendation,1
2026-07-28 01:22:38,0.2560542543846492,0.0,0.0,0.0,0.0190058804366246,0.0829453125,0.0,recommendation,1
2026-07-28 01:27:38,0.2560542543846492,0.0,0.0,0.0,0.0190058804366246,0.0829453125,0.0,recommendation,1
2026-07-28 01:32:38,0.2560542543846492,0.0,0.0,0.0,0.0190058804366246,0.0829453125,0.0,recommendation,1
2026-07-28 01:37:38,0.2560542543846492,0.0,0.0,0.0,0.0190058804366246,0.0829453125,0.0,recommendation,1
2026-07-28 01:42:38,0.2560542543846492,0.0,0.0,0.0,0.0190058804366246,0.0829453125,0.0,recommendation,1
2026-07-28 01:47:38,0.2560542543846492,0.0,0.0,0.0,0.0190058804366246,0.0829453125,0.0,recommendation,1
2026-07-28 01:52:38,0.2560542543846492,0.0,0.0,0.0,0.0190058804366246,0.0829453125,0.0,recommendation,1
2026-07-28 01:57:38,0.2560542543846492,0.0,0.0,0.0,0.0190058804366246,0.0829453125,0.0,recommendation,1
2026-07-28 02:02:38,0.2560542543846492,0.0,0.0,0.0,0.0190058804366246,0.0829453125,0.0,recommendation,1
2026-07-28 02:07:38,0.2560542543846492,0.0,0.0,0.0,0.0190058804366246,0.0829453125,0.0,recommendation,1
2026-07-28 02:12:38,0.2560542543846492,0.0,0.0,0.0,0.0190058804366246,0.0829453125,0.0,recommendation,1
2026-07-28 02:17:38,0.2560542543846492,0.0,0.0,0.0,0.0190058804366246,0.0829453125,0.0,recommendation,1
2026-07-28 02:22:38,0.2560542543846492,0.0,0.0,0.0,0.0190058804366246,0.0829453125,0.0,recommendation,1
2026-07-28 02:27:38,0.2560542543846492,0.0,0.0,0.0,0.0190058804366246,0.0829453125,0.0,recommendation,1
2026-07-28 02:32:38,0.2560542543846492,0.0,0.0,0.0,0.0190058804366246,0.0829453125,0.0,recommendation,1
2026-07-28 02:37:38,0.2560542543846492,0.0,0.0,0.0,0.0190058804366246,0.0829453125,0.0,recommendation,1
2026-07-28 02:42:38,0.2560542543846492,0.0,0.0,0.0,0.0190058804366246,0.0829453125,0.0,recommendation,1
2026-07-28 02:47:38,0.2560542543846492,0.0,0.0,0.0,0.0190058804366246,0.0829453125,0.0,recommendation,1
2026-07-28 02:52:38,0.2560542543846492,0.0,0.0,0.0,0.0190058804366246,0.0829453125,0.0,recommendation,1
2026-07-28 02:57:38,0.2560542543846492,0.0,0.0,0.0,0.0190058804366246,0.0829453125,0.0,recommendation,1
2026-07-28 03:02:38,0.2560542543846492,0.0,0.0,0.0,0.0190058804366246,0.0829453125,0.0,recommendation,1
2026-07-28 03:07:38,0.2560542543846492,0.0,0.0,0.0,0.0190058804366246,0.0829453125,0.0,recommendation,1
2026-07-28 03:12:38,0.2560542543846492,0.0,0.0,0.0,0.0190058804366246,0.0829453125,0.0,recommendation,1
2026-07-28 03:17:38,0.2560542543846492,0.0,0.0,0.0,0.0190058804366246,0.0829453125,0.0,recommendation,1
2026-07-28 03:22:38,0.2560542543846492,0.0,0.0,0.0,0.0190058804366246,0.0829453125,0.0,recommendation,1
2026-07-28 03:27:38,0.2560542543846492,0.0,0.0,0.0,0.0190058804366246,0.0829453125,0.0,recommendation,1
2026-07-28 03:32:38,0.2560542543846492,0.0,0.0,0.0,0.0190058804366246,0.0829453125,0.0,recommendation,1
2026-07-28 03:37:38,0.2560542543846492,0.0,0.0,0.0,0.0190058804366246,0.0829453125,0.0,recommendation,1
2026-07-28 03:42:38,0.2560542543846492,0.0,0.0,0.0,0.0190058804366246,0.0829453125,0.0,recommendation,1
2026-07-28 03:47:38,0.2560542543846492,0.0,0.0,0.0,0.0190058804366246,0.0829453125,0.0,recommendation,1
2026-07-28 03:52:38,0.2560542543846492,0.0,0.0,0.0,0.0190058804366246,0.0829453125,0.0,recommendation,1
2026-07-28 03:57:38,0.2560542543846492,0.0,0.0,0.0,0.0190058804366246,0.0829453125,0.0,recommendation,1
2026-07-28 04:02:38,0.2560542543846492,0.0,0.0,0.0,0.0190058804366246,0.0829453125,0.0,recommendation,1
2026-07-28 04:07:38,0.2560542543846492,0.0,0.0,0.0,0.0190058804366246,0.0829453125,0.0,recommendation,1
2026-07-28 04:12:38,0.2560542543846492,0.0,0.0,0.0,0.0190058804366246,0.0829453125,0.0,recommendation,1
2026-07-28 04:17:38,0.2560542543846492,0.0,0.0,0.0,0.0190058804366246,0.0829453125,0.0,recommendation,1
2026-07-28 04:22:38,0.2560542543846492,0.0,0.0,0.0,0.0190058804366246,0.0829453125,0.0,recommendation,1
2026-07-28 04:27:38,0.2560542543846492,0.0,0.0,0.0,0.0190058804366246,0.0829453125,0.0,recommendation,1
2026-07-28 04:32:38,0.2560542543846492,0.0,0.0,0.0,0.0190058804366246,0.0829453125,0.0,recommendation,1
2026-07-28 04:37:38,0.2560542543846492,0.0,0.0,0.0,0.0190058804366246,0.0829453125,0.0,recommendation,1
2026-07-28 04:42:38,0.2560542543846492,0.0,0.0,0.0,0.0190058804366246,0.0829453125,0.0,recommendation,1
2026-07-28 04:47:38,0.2560542543846492,0.0,0.0,0.0,0.0190058804366246,0.0829453125,0.0,recommendation,1
2026-07-28 04:52:38,0.2560542543846492,0.0,0.0,0.0,0.0190058804366246,0.0829453125,0.0,recommendation,1
2026-07-28 04:57:38,0.2560542543846492,0.0,0.0,0.0,0.0190058804366246,0.0829453125,0.0,recommendation,1
2026-07-28 05:02:38,0.2560542543846492,0.0,0.0,0.0,0.0190058804366246,0.0829453125,0.0,recommendation,1
2026-07-28 05:07:38,0.2560542543846492,0.0,0.0,0.0,0.0190058804366246,0.0829453125,0.0,recommendation,1
2026-07-28 05:12:38,0.2560542543846492,0.0,0.0,0.0,0.0190058804366246,0.0829453125,0.0,recommendation,1
2026-07-28 05:17:38,0.2560542543846492,0.0,0.0,0.0,0.0190058804366246,0.0829453125,0.0,recommendation,1
2026-07-28 05:22:38,0.2560542543846492,0.0,0.0,0.0,0.0190058804366246,0.0829453125,0.0,recommendation,1
2026-07-28 05:27:38,0.2560542543846492,0.0,0.0,0.0,0.0190058804366246,0.0829453125,0.0,recommendation,1
2026-07-28 05:32:38,0.2560542543846492,0.0,0.0,0.0,0.0190058804366246,0.0829453125,0.0,recommendation,1
2026-07-28 05:37:38,0.2560542543846492,0.0,0.0,0.0,0.0190058804366246,0.0829453125,0.0,recommendation,1
2026-07-28 05:42:38,0.2560542543846492,0.0,0.0,0.0,0.0190058804366246,0.0829453125,0.0,recommendation,1
2026-07-28 05:47:38,0.2560542543846492,0.0,0.0,0.0,0.0190058804366246,0.0829453125,0.0,recommendation,1
2026-07-28 05:52:38,0.2560542543846492,0.0,0.0,0.0,0.0190058804366246,0.0829453125,0.0,recommendation,1
2026-07-28 05:57:38,0.2560542543846492,0.0,0.0,0.0,0.0190058804366246,0.0829453125,0.0,recommendation,1
2026-07-28 06:02:38,0.2560542543846492,0.0,0.0,0.0,0.0190058804366246,0.0829453125,0.0,recommendation,1
2026-07-28 06:07:38,0.2560542543846492,0.0,0.0,0.0,0.0190058804366246,0.0829453125,0.0,recommendation,1
2026-07-28 06:12:38,0.2560542543846492,0.0,0.0,0.0,0.0190058804366246,0.0829453125,0.0,recommendation,1
2026-07-28 06:17:38,0.2560542543846492,0.0,0.0,0.0,0.0190058804366246,0.0829453125,0.0,recommendation,1
2026-07-28 06:22:38,0.2560542543846492,0.0,0.0,0.0,0.0190058804366246,0.0829453125,0.0,recommendation,1
2026-07-28 06:27:38,0.2560542543846492,0.0,0.0,0.0,0.0190058804366246,0.0829453125,0.0,recommendation,1
2026-07-28 06:32:38,0.2560542543846492,0.0,0.0,0.0,0.0190058804366246,0.0829453125,0.0,recommendation,1
2026-07-28 06:37:38,0.2560542543846492,0.0,0.0,0.0,0.0190058804366246,0.0829453125,0.0,recommendation,1
2026-07-28 06:42:38,0.2560542543846492,0.0,0.0,0.0,0.0190058804366246,0.0829453125,0.0,recommendation,1
2026-07-28 06:47:38,0.2560542543846492,0.0,0.0,0.0,0.0190058804366246,0.0829453125,0.0,recommendation,1
2026-07-28 06:52:38,0.2560542543846492,0.0,0.0,0.0,0.0190058804366246,0.0829453125,0.0,recommendation,1
2026-07-28 06:57:38,0.2560542543846492,0.0,0.0,0.0,0.0190058804366246,0.0829453125,0.0,recommendation,1
2026-07-28 07:02:38,0.2560542543846492,0.0,0.0,0.0,0.0190058804366246,0.0829453125,0.0,recommendation,1
2026-07-28 07:07:38,0.2560542543846492,0.0,0.0,0.0,0.0190058804366246,0.0829453125,0.0,recommendation,1
2026-07-28 07:12:38,0.2560542543846492,0.0,0.0,0.0,0.0190058804366246,0.0829453125,0.0,recommendation,1
2026-07-28 07:17:38,0.2560542543846492,0.0,0.0,0.0,0.0190058804366246,0.0829453125,0.0,recommendation,1
2026-07-28 07:22:38,0.2560542543846492,0.0,0.0,0.0,0.0190058804366246,0.0829453125,0.0,recommendation,1
2026-07-28 07:27:38,0.2560542543846492,0.0,0.0,0.0,0.0190058804366246,0.0829453125,0.0,recommendation,1
2026-07-28 07:32:38,0.2560542543846492,0.0,0.0,0.0,0.0190058804366246,0.0829453125,0.0,recommendation,1
2026-07-28 07:37:38,0.2560542543846492,0.0,0.0,0.0,0.0190058804366246,0.0829453125,0.0,recommendation,1
2026-07-28 07:42:38,0.2560542543846492,0.0,0.0,0.0,0.0190058804366246,0.0829453125,0.0,recommendation,1
2026-07-28 07:47:38,0.2560542543846492,0.0,0.0,0.0,0.0190058804366246,0.0829453125,0.0,recommendation,1
2026-07-28 07:52:38,0.2560542543846492,0.0,0.0,0.0,0.0190058804366246,0.0829453125,0.0,recommendation,1
2026-07-28 07:57:38,0.2560542543846492,0.0,0.0,0.0,0.0190058804366246,0.0829453125,0.0,recommendation,1
2026-07-28 08:02:38,0.2560542543846492,0.0,0.0,0.0,0.0190058804366246,0.0829453125,0.0,recommendation,1
2026-07-28 08:07:38,0.2560542543846492,0.0,0.0,0.0,0.0190058804366246,0.0829453125,0.0,recommendation,1
2026-07-28 08:12:38,0.2560542543846492,0.0,0.0,0.0,0.0190058804366246,0.0829453125,0.0,recommendation,1
2026-07-28 08:17:38,0.2560542543846492,0.0,0.0,0.0,0.0190058804366246,0.0829453125,0.0,recommendation,1
2026-07-28 08:22:38,0.2560542543846492,0.0,0.0,0.0,0.0190058804366246,0.0829453125,0.0,recommendation,1
2026-07-28 08:27:38,0.2560542543846492,0.0,0.0,0.0,0.0190058804366246,0.0829453125,0.0,recommendation,1
2026-07-28 08:32:38,0.2560542543846492,0.0,0.0,0.0,0.0190058804366246,0.0829453125,0.0,recommendation,1
2026-07-28 08:37:38,0.2560542543846492,0.0,0.0,0.0,0.0190058804366246,0.0829453125,0.0,recommendation,1
2026-07-28 08:42:38,0.2560542543846492,0.0,0.0,0.0,0.0190058804366246,0.0829453125,0.0,recommendation,1
2026-07-28 08:47:38,0.2560542543846492,0.0,0.0,0.0,0.0190058804366246,0.0829453125,0.0,recommendation,1
2026-07-28 08:52:38,0.2560542543846492,0.0,0.0,0.0,0.0190058804366246,0.0829453125,0.0,recommendation,1
2026-07-28 08:57:38,0.2560542543846492,0.0,0.0,0.0,0.0190058804366246,0.0829453125,0.0,recommendation,1
2026-07-28 09:02:38,0.2560542543846492,0.0,0.0,0.0,0.0190058804366246,0.0829453125,0.0,recommendation,1
2026-07-28 09:07:38,0.2560542543846492,0.0,0.0,0.0,0.0190058804366246,0.0829453125,0.0,recommendation,1
2026-07-28 09:12:38,0.2560542543846492,0.0,0.0,0.0,0.0190058804366246,0.0829453125,0.0,recommendation,1
2026-07-28 09:17:38,0.2560542543846492,0.0,0.0,0.0,0.0190058804366246,0.0829453125,0.0,recommendation,1
2026-07-28 09:22:38,0.2560542543846492,0.0,0.0,0.0,0.0190058804366246,0.0829453125,0.0,recommendation,1
2026-07-28 09:27:38,0.2560542543846492,0.0,0.0,0.0,0.0190058804366246,0.0829453125,0.0,recommendation,1
2026-07-28 09:32:38,0.2560542543846492,0.0,0.0,0.0,0.0190058804366246,0.0829453125,0.0,recommendation,1
2026-07-28 09:37:38,0.2560542543846492,0.0,0.0,0.0,0.0190058804366246,0.0829453125,0.0,recommendation,1
2026-07-28 09:42:38,0.2560542543846492,0.0,0.0,0.0,0.0190058804366246,0.0829453125,0.0,recommendation,1
2026-07-28 09:47:38,0.2560542543846492,0.0,0.0,0.0,0.0190058804366246,0.0829453125,0.0,recommendation,1
2026-07-28 09:52:38,0.2560542543846492,0.0,0.0,0.0,0.0190058804366246,0.0829453125,0.0,recommendation,1
2026-07-28 09:57:38,0.2560542543846492,0.0,0.0,0.0,0.0190058804366246,0.0829453125,0.0,recommendation,1
2026-07-28 10:02:38,0.2560542543846492,0.0,0.0,0.0,0.0190058804366246,0.0829453125,0.0,recommendation,1
2026-07-28 10:07:38,0.2560542543846492,0.0,0.0,0.0,0.0190058804366246,0.0829453125,0.0,recommendation,1
2026-07-28 10:12:38,0.2560542543846492,0.0,0.0,0.0,0.0190058804366246,0.0829453125,0.0,recommendation,1
2026-07-28 10:17:38,0.2560542543846492,0.0,0.0,0.0,0.0190058804366246,0.0829453125,0.0,recommendation,1
2026-07-28 10:22:38,0.2560542543846492,0.0,0.0,0.0,0.0190058804366246,0.0829453125,0.0,recommendation,1
2026-07-28 10:27:38,0.2560542543846492,0.0,0.0,0.0,0.0190058804366246,0.0829453125,0.0,recommendation,1
2026-07-28 10:32:38,0.2560542543846492,0.0,0.0,0.0,0.0190058804366246,0.0829453125,0.0,recommendation,1
2026-07-28 10:37:38,0.2560542543846492,0.0,0.0,0.0,0.0190058804366246,0.0829453125,0.0,recommendation,1
2026-07-28 10:42:38,0.2560542543846492,0.0,0.0,0.0,0.0190058804366246,0.0829453125,0.0,recommendation,1
2026-07-28 10:47:38,0.2560542543846492,0.0,0.0,0.0,0.0190058804366246,0.0829453125,0.0,recommendation,1
2026-07-28 10:52:38,0.2560542543846492,0.0,0.0,0.0,0.0190058804366246,0.0829453125,0.0,recommendation,1
2026-07-28 10:57:38,0.2560542543846492,0.0,0.0,0.0,0.0190058804366246,0.0829453125,0.0,recommendation,1
2026-07-28 11:02:38,0.2560542543846492,0.0,0.0,0.0,0.0190058804366246,0.0829453125,0.0,recommendation,1
2026-07-28 11:07:38,0.2560542543846492,0.0,0.0,0.0,0.0190058804366246,0.0829453125,0.0,recommendation,1
2026-07-28 11:12:38,0.2560542543846492,0.0,0.0,0.0,0.0190058804366246,0.0829453125,0.0,recommendation,1
2026-07-28 11:17:38,0.2560542543846492,0.0,0.0,0.0,0.0190058804366246,0.0829453125,0.0,recommendation,1
2026-07-28 11:22:38,0.2560542543846492,0.0,0.0,0.0,0.0190058804366246,0.0829453125,0.0,recommendation,1
2026-07-28 11:27:38,0.2560542543846492,0.0,0.0,0.0,0.0190058804366246,0.0829453125,0.0,recommendation,1
2026-07-28 11:32:38,0.2560542543846492,0.0,0.0,0.0,0.0190058804366246,0.0829453125,0.0,recommendation,1
2026-07-28 11:37:38,0.2560542543846492,0.0,0.0,0.0,0.0190058804366246,0.0829453125,0.0,recommendation,1
2026-07-28 11:42:38,0.2560542543846492,0.0,0.0,0.0,0.0190058804366246,0.0829453125,0.0,recommendation,1
2026-07-28 11:47:38,0.2560542543846492,0.0,0.0,0.0,0.0190058804366246,0.0829453125,0.0,recommendation,1
2026-07-28 11:52:38,0.2560542543846492,0.0,0.0,0.0,0.0190058804366246,0.0829453125,0.0,recommendation,1
2026-07-28 11:57:38,0.2560542543846492,0.0,0.0,0.0,0.0190058804366246,0.0829453125,0.0,recommendation,1
2026-07-28 12:02:38,0.2560542543846492,0.0,0.0,0.0,0.0190058804366246,0.0829453125,0.0,recommendation,1
2026-07-28 12:07:38,0.2560542543846492,0.0,0.0,0.0,0.0190058804366246,0.0829453125,0.0,recommendation,1
2026-07-28 12:12:38,0.2560542543846492,0.0,0.0,0.0,0.0190058804366246,0.0829453125,0.0,recommendation,1
2026-07-28 12:17:38,0.2560542543846492,0.0,0.0,0.0,0.0190058804366246,0.0829453125,0.0,recommendation,1
2026-07-28 12:22:38,0.2560542543846492,0.0,0.0,0.0,0.0190058804366246,0.0829453125,0.0,recommendation,1
2026-07-28 12:27:38,0.2560542543846492,0.0,0.0,0.0,0.0190058804366246,0.0829453125,0.0,recommendation,1
2026-07-28 12:32:38,0.2560542543846492,0.0,0.0,0.0,0.0190058804366246,0.0829453125,0.0,recommendation,1
2026-07-28 12:37:38,0.2560542543846492,0.0,0.0,0.0,0.0190058804366246,0.0829453125,0.0,recommendation,1
2026-07-28 12:42:38,0.2560542543846492,0.0,0.0,0.0,0.0190058804366246,0.0829453125,0.0,recommendation,1
2026-07-28 12:47:38,0.2560542543846492,0.0,0.0,0.0,0.0190058804366246,0.0829453125,0.0,recommendation,1
2026-07-28 12:52:38,0.2560542543846492,0.0,0.0,0.0,0.0190058804366246,0.0829453125,0.0,recommendation,1
2026-07-28 12:57:38,0.2560542543846492,0.0,0.0,0.0,0.0190058804366246,0.0829453125,0.0,recommendation,1
2026-07-28 13:02:38,0.2560542543846492,0.0,0.0,0.0,0.0190058804366246,0.0829453125,0.0,recommendation,1
2026-07-28 13:07:38,0.2560542543846492,0.0,0.0,0.0,0.0190058804366246,0.0829453125,0.0,recommendation,1
2026-07-28 13:12:38,0.2560542543846492,0.0,0.0,0.0,0.0190058804366246,0.0829453125,0.0,recommendation,1
2026-07-28 13:17:38,0.2560542543846492,0.0,0.0,0.0,0.0190058804366246,0.0829453125,0.0,recommendation,1
2026-07-28 13:22:38,0.2560542543846492,0.0,0.0,0.0,0.0190058804366246,0.0829453125,0.0,recommendation,1
2026-07-28 13:27:38,0.2560542543846492,0.0,0.0,0.0,0.0190058804366246,0.0829453125,0.0,recommendation,1
2026-07-28 13:32:38,0.2560542543846492,0.0,0.0,0.0,0.0190058804366246,0.0829453125,0.0,recommendation,1
2026-07-28 13:37:38,0.2560542543846492,0.0,0.0,0.0,0.0190058804366246,0.0829453125,0.0,recommendation,1
2026-07-28 13:42:38,0.2560542543846492,0.0,0.0,0.0,0.0190058804366246,0.0829453125,0.0,recommendation,1
2026-07-28 13:47:38,0.2560542543846492,0.0,0.0,0.0,0.0190058804366246,0.0829453125,0.0,recommendation,1
2026-07-28 13:52:38,0.2560542543846492,0.0,0.0,0.0,0.0190058804366246,0.0829453125,0.0,recommendation,1
2026-07-28 13:57:38,0.2560542543846492,0.0,0.0,0.0,0.0190058804366246,0.0829453125,0.0,recommendation,1
2026-07-28 14:02:38,0.2560542543846492,0.0,0.0,0.0,0.0190058804366246,0.0829453125,0.0,recommendation,1
2026-07-28 14:07:38,0.2560542543846492,0.0,0.0,0.0,0.0190058804366246,0.0829453125,0.0,recommendation,1
2026-07-28 14:12:38,0.2560542543846492,0.0,0.0,0.0,0.0190058804366246,0.0829453125,0.0,recommendation,1
2026-07-28 14:17:38,0.2560542543846492,0.0,0.0,0.0,0.0190058804366246,0.0829453125,0.0,recommendation,1
2026-07-28 14:22:38,0.2560542543846492,0.0,0.0,0.0,0.0190058804366246,0.0829453125,0.0,recommendation,1
2026-07-28 14:27:38,0.2560542543846492,0.0,0.0,0.0,0.0190058804366246,0.0829453125,0.0,recommendation,1
2026-07-28 14:32:38,0.2560542543846492,0.0,0.0,0.0,0.0190058804366246,0.0829453125,0.0,recommendation,1
2026-07-28 14:37:38,0.2560542543846492,0.0,0.0,0.0,0.0190058804366246,0.0829453125,0.0,recommendation,1
2026-07-28 14:42:38,0.2560542543846492,0.0,0.0,0.0,0.0190058804366246,0.0829453125,0.0,recommendation,1
2026-07-28 14:47:38,0.2560542543846492,0.0,0.0,0.0,0.0190058804366246,0.0829453125,0.0,recommendation,1
2026-07-28 14:52:38,0.2560542543846492,0.0,0.0,0.0,0.0190058804366246,0.0829453125,0.0,recommendation,1
2026-07-28 14:57:38,0.2560542543846492,0.0,0.0,0.0,0.0190058804366246,0.0829453125,0.0,recommendation,1
2026-07-28 15:02:38,0.2560542543846492,0.0,0.0,0.0,0.0190058804366246,0.0829453125,0.0,recommendation,1
2026-07-28 15:07:38,0.2560542543846492,0.0,0.0,0.0,0.0190058804366246,0.0829453125,0.0,recommendation,1
2026-07-28 15:12:38,0.2560542543846492,0.0,0.0,0.0,0.0190058804366246,0.0829453125,0.0,recommendation,1
2026-07-28 15:17:38,0.2560542543846492,0.0,0.0,0.0,0.0190058804366246,0.0829453125,0.0,recommendation,1
2026-07-28 15:22:38,0.2560542543846492,0.0,0.0,0.0,0.0190058804366246,0.0829453125,0.0,recommendation,1
2026-07-28 15:27:38,0.2560542543846492,0.0,0.0,0.0,0.0190058804366246,0.0829453125,0.0,recommendation,1
2026-07-28 15:32:38,0.2560542543846492,0.0,0.0,5.616667689229141,0.0190058804366246,0.0829453125,0.0,recommendation,1
2026-07-28 15:37:38,0.6625027604281684,0.0,0.0,3.9737931034482754,0.0190058804366246,0.0829453125,0.0,recommendation,1
2026-07-28 15:42:38,2.1333244444814814,0.0,0.0,4.635714285714285,0.0190058804366246,0.0829453125,0.0,recommendation,1
2026-07-28 15:47:38,3.316652847279804,0.0,0.0,4.617721518987343,0.0190058804366246,0.0829453125,0.0,recommendation,1
2026-07-28 15:52:38,4.504110365287101,0.0,0.0,5.097297297297301,0.0190058804366246,0.0829453125,0.0,recommendation,1
2026-07-28 15:57:38,5.608333333333333,0.0,0.0,5.1855421686747,0.0190058804366246,0.0829453125,0.0,recommendation,1
2026-07-28 16:02:38,6.702611999999999,0.0,0.0,5.847801136898837,0.0190058804366246,0.0829453125,0.0,recommendation,1
2026-07-28 16:07:38,6.054167916682292,0.0,0.0,5.535384307688462,0.0190058804366246,0.0829453125,0.0,recommendation,1
2026-07-28 16:12:38,3.8083492014550058,0.0,0.0,4.80344827586207,0.0190058804366246,0.0829453125,0.0,recommendation,1
2026-07-28 16:17:38,3.866650555622686,0.0,0.0,4.751515151515153,0.0190058804366246,0.0829453125,0.0,recommendation,1
2026-07-28 16:22:38,3.629166666666667,0.0,0.0,5.076562500000002,0.0190058804366246,0.0829453125,0.0,recommendation,1
2026-07-28 16:27:38,3.579151753534361,0.0,0.0,5.623170731707317,0.0190058804366246,0.0829453125,0.0,recommendation,1
2026-07-28 16:32:38,3.5666666666666664,0.0,0.0,4.979439252336448,0.0190058804366246,0.0829453125,0.0,recommendation,1
2026-07-28 16:37:38,3.5708333333333333,0.0,0.0,4.926,0.0190058804366246,0.0829453125,0.0,recommendation,1
2026-07-28 16:42:38,3.7291666666666665,0.0,0.0,4.982300884955752,0.0190058804366246,0.0829453125,0.0,recommendation,1
2026-07-28 16:47:38,0.7208333333333333,0.0,0.0,4.518181818181819,0.0190058804366246,0.0829453125,0.0,recommendation,1
2026-07-28 16:52:38,0.3625,0.0,0.0,11.333333333333362,0.0190058804366246,0.0829453125,0.0,recommendation,1
2026-07-28 16:57:38,0.2916666666666666,0.0,0.0,3.938461538461538,0.0190058804366246,0.0829453125,0.0,recommendation,1
2026-07-28 17:02:38,0.2875,0.0,0.0,5.033333333333331,0.0190058804366246,0.0829453125,0.0,recommendation,1
2026-07-28 17:07:38,4.208333333333333,0.0,0.0,5.309523809523808,0.0190058804366246,0.0829453125,0.0,recommendation,1
2026-07-28 17:12:38,0.6666666666666666,0.0,0.0,5.0,0.0190058804366246,0.0829453125,0.0,recommendation,1
2026-07-28 17:17:38,0.3958333333333333,0.0,0.0,3.9,0.0190058804366246,0.0829453125,0.0,recommendation,1
2026-07-28 17:22:38,0.35,0.0,0.0,4.577777777777778,0.0190058804366246,0.0829453125,0.0,recommendation,1
2026-07-28 17:27:38,0.3541666666666666,0.0,0.0,3.961538461538461,0.0190058804366246,0.0829453125,0.0,recommendation,1
2026-07-28 17:32:38,0.3625,0.0,0.0,3.9333333333333336,0.0190058804366246,0.0829453125,0.0,recommendation,1
2026-07-28 17:37:38,0.3958333333333333,0.0,0.0,3.9655172413793114,0.0190058804366246,0.0829453125,0.0,recommendation,1
2026-07-28 17:42:38,0.4500018750078125,0.0,0.0,3.983673469387755,0.0190058804366246,0.0829453125,0.0,recommendation,1
2026-07-28 17:47:38,0.6416666666666666,0.0,0.0,4.4,0.0190058804366246,0.0829453125,0.0,recommendation,1
2026-07-28 17:52:38,2.525021041842015,0.0,0.0,4.750684931506848,0.0190058804366246,0.0829453125,0.0,recommendation,1
2026-07-28 17:57:38,2.654155607684969,0.0,0.0,4.8575,0.0190058804366246,0.0829453125,0.0,recommendation,1
2026-07-28 18:02:38,2.6750111458797745,0.0,0.0,4.75151515151515,0.0190058804366246,0.0829453125,0.0,recommendation,1
2026-07-28 18:07:38,2.6624889062962245,0.0,0.0,5.145238095238096,0.0190058804366246,0.0829453125,0.0,recommendation,1
2026-07-28 18:12:38,2.6083224653230617,0.0,0.0,4.997468354430378,0.0190058804366246,0.0829453125,0.0,recommendation,1
2026-07-28 18:17:38,2.8375,0.0,0.0,5.032183908045977,0.0190058804366246,0.0829453125,0.0,recommendation,1
2026-07-28 18:22:38,2.879166666666667,0.0,0.0,4.986516853932585,0.0190058804366246,0.0829453125,0.0,recommendation,1
2026-07-28 18:27:38,2.933333333333333,0.0,0.0,4.654545454545452,0.0190058804366246,0.0829453125,0.0,recommendation,1
2026-07-28 18:32:38,2.6666666666666665,0.0,0.0,4.142857142857142,0.0190058804366246,0.0829453125,0.0,recommendation,1
2026-07-28 18:37:38,2.7417352100469183,0.0,0.0,4.282758620689658,0.0190058804366246,0.0829453125,0.0,recommendation,1
2026-07-28 18:42:38,2.862488072966363,0.0,0.0,5.070886075949364,0.0190058804366246,0.0829453125,0.0,recommendation,1
2026-07-28 18:47:38,2.6666666666666665,0.0,0.0,4.379310344827586,0.0190058804366246,0.0829453125,0.0,recommendation,1
2026-07-28 18:52:38,2.983333333333333,0.0,0.0,4.5117647058823485,0.0190058804366246,0.0829453125,0.0,recommendation,1
2026-07-28 18:57:38,2.9291544618564096,0.0,0.0,4.783720930232558,0.0190058804366246,0.0829453125,0.0,recommendation,1
2026-07-28 19:02:38,2.8208215799100844,0.0,0.0,4.8209302325581405,0.0190058804366246,0.0829453125,0.0,recommendation,1
2026-07-28 19:07:38,2.7333333333333334,0.0,0.0,4.863414634146342,0.0190058804366246,0.0829453125,0.0,recommendation,1
2026-07-28 19:12:38,2.7375,0.0,0.0,4.849275362318842,0.0190058804366246,0.0829453125,0.0,recommendation,1
2026-07-28 19:17:38,2.570844045183521,0.0,0.0,4.510714285714286,0.0190058804366246,0.0829453125,0.0,recommendation,1
2026-07-28 19:22:38,2.6708333333333334,0.0,0.0,4.644117647058824,0.0190058804366246,0.0829453125,0.0,recommendation,1
2026-07-28 19:27:38,2.862511927133029,0.0,0.0,4.600000000000001,0.0190058804366246,0.0829453125,0.0,recommendation,1
2026-07-28 19:32:38,2.95,0.0,0.0,4.83,0.0190058804366246,0.0829453125,0.0,recommendation,1
2026-07-28 19:37:38,2.4791666666666665,0.0,0.0,4.534482758620689,0.0190058804366246,0.0829453125,0.0,recommendation,1
2026-07-28 19:42:38,2.6083442014341727,0.0,0.0,4.406060606060607,0.0190058804366246,0.0829453125,0.0,recommendation,1
2026-07-28 19:47:38,2.812511718798828,0.0,0.0,4.4035087719298245,0.0190058804366246,0.0829453125,0.0,recommendation,1
2026-07-28 19:52:38,2.599989166711806,0.0,0.0,4.702857142857141,0.0190058804366246,0.0829453125,0.0,recommendation,1
2026-07-28 19:57:38,2.625,0.0,0.0,4.60714285714286,0.0190058804366246,0.0829453125,0.0,recommendation,1
2026-07-28 20:02:38,2.7916782986595776,0.0,0.0,4.275862068965515,0.0190058804366246,0.0829453125,0.0,recommendation,1
2026-07-28 20:07:38,2.8,0.0,0.0,4.722077922077921,0.0190058804366246,0.0829453125,0.0,recommendation,1
2026-07-28 20:12:38,2.795844982687428,0.0,0.0,4.997727272727276,0.0190058804366246,0.0829453125,0.0,recommendation,1
2026-07-28 20:17:38,2.700011250046875,0.0,0.0,4.805,0.0190058804366246,0.0829453125,0.0,recommendation,1
2026-07-28 20:22:38,2.641677673656974,0.0,0.0,5.872108843537417,0.0190058804366246,0.0829453125,0.0,recommendation,1
2026-07-28 20:27:38,2.7458333333333336,0.0,0.0,7.724000000000004,0.0190058804366246,0.0829453125,0.0,recommendation,1
2026-07-28 20:32:38,2.6125,0.0,0.0,7.571999999999997,0.0190058804366246,0.0829453125,0.0,recommendation,1
2026-07-28 20:37:38,2.7625,0.0,0.0,7.814705882352941,0.0190058804366246,0.0829453125,0.0,recommendation,1
2026-07-28 20:42:38,2.8041666666666667,0.0,0.0,8.247368421052636,0.0190058804366246,0.0829453125,0.0,recommendation,1
2026-07-28 20:47:38,2.6041666666666665,0.0,0.0,9.642857142857144,0.0190058804366246,0.0829453125,0.0,recommendation,1
2026-07-28 20:52:38,2.941666666666667,0.0,0.0,8.92380952380953,0.0190058804366246,0.0829453125,0.0,recommendation,1
2026-07-28 20:57:38,2.7916666666666665,0.0,0.0,20.86956521739129,0.0190058804366246,0.0829453125,0.0,recommendation,1
2026-07-28 21:02:38,2.7416666666666667,0.0,0.0,13.59420289855079,0.0190058804366246,0.0829453125,0.0,recommendation,1
2026-07-28 21:07:38,2.7541781424089264,0.0,0.0,5.842168674698796,0.0190058804366246,0.0829453125,0.0,recommendation,1
2026-07-28 21:12:38,2.775011562548177,0.0,0.0,5.344615384615386,0.0190058804366246,0.0829453125,0.0,recommendation,1
2026-07-28 21:17:38,2.7749884375481777,0.0,0.0,5.824000000000001,0.0190058804366246,0.0829453125,0.0,recommendation,1
2026-07-28 21:22:38,2.7291666666666665,0.0,0.0,5.827586206896552,0.0190058804366246,0.0829453125,0.0,recommendation,1
2026-07-28 21:27:38,2.7666551389369216,0.0,0.0,5.95056179775281,0.0190058804366246,0.0829453125,0.0,recommendation,1
2026-07-28 21:32:38,2.7208446701861257,0.0,0.0,9.868571428571434,0.0190058804366246,0.0829453125,0.0,recommendation,1
2026-07-28 21:37:38,2.879166666666667,0.0,0.0,15.662337662337665,0.0190058804366246,0.0829453125,0.0,recommendation,1
2026-07-28 21:42:38,2.8208333333333333,0.0,0.0,6.594736842105261,0.0190058804366246,0.0829453125,0.0,recommendation,1
2026-07-28 21:47:38,2.875,0.0,0.0,31.15942028985507,0.0190058804366246,0.0829453125,0.0,recommendation,1
2026-07-28 21:52:38,2.0708333333333333,0.0,0.0,30.5531914893617,0.0190058804366246,0.0829453125,0.0,recommendation,1
2026-07-28 21:57:38,2.216666666666667,0.0,0.0,8.436363636363637,0.0190058804366246,0.0829453125,0.0,recommendation,1
2026-07-28 22:02:38,3.475,0.0,0.0,19.64705882352941,0.0190058804366246,0.0829453125,0.0,recommendation,1
2026-07-28 22:07:38,6.941084453360797,0.0,0.0,34.896482167298004,0.0190058804366246,0.0829453125,0.0,recommendation,1
2026-07-28 22:12:38,8.54155989716795,0.0,0.0,32.10862619808306,0.0168988717556301,0.0825546875,0.0,recommendation,1
2026-07-28 22:17:38,2.4875,0.0,0.0,22.15000000000003,0.0111310339527396,0.08325,0.0,recommendation,1
2026-07-28 22:22:38,0.4458314757021847,0.0,0.0,23.250000000000007,0.0111244915173293,0.0826703125,0.0,recommendation,1
2026-07-28 22:27:38,0.4416666666666666,0.0,0.0,17.384615384615394,0.011117949081919,0.082090625,0.0,recommendation,1
2026-07-28 22:32:38,0.4250017708407118,0.0,0.0,33.68,0.0111114066465087,0.0815109375,0.0,recommendation,1
2026-07-28 22:37:38,0.4125,0.0,0.0,36.34482758620689,0.0111048642110984,0.08093125,0.0,recommendation,1
2026-07-28 22:42:38,0.4291684548685619,0.0,0.0,18.30769230769228,0.0110983217756881,0.0803515625,0.0,recommendation,1
2026-07-28 22:47:38,0.4583333333333333,0.0,0.0,31.66666666666667,0.0110917793402778,0.079771875,0.0,recommendation,1
2026-07-28 22:52:38,0.395834982645761,0.0,0.0,5.536585365853659,0.0110852369048675,0.0791921875,0.0,recommendation,1
2026-07-28 22:57:38,0.4208315798684173,0.0,0.0,3.997802197802198,0.0110786944694572,0.0786125,0.0,recommendation,1
2026-07-28 23:02:38,0.4291648784796731,0.0,0.0,3.9935483870967743,0.0110721520340469,0.0780328124999999,0.0,recommendation,1
2026-07-28 23:07:38,0.3916666666666667,0.0,0.0,4.355555555555558,0.0110656095986366,0.077453125,0.0,recommendation,1
2026-07-28 23:12:38,0.3875016145900608,0.0,0.0,3.946511627906977,0.0110590671632263,0.0768734375,0.0,recommendation,1
2026-07-28 23:17:38,0.3833333333333333,0.0,0.0,3.948235294117647,0.011052524727816,0.07629375,0.0,recommendation,1
2026-07-28 23:22:38,0.4166684027850116,0.0,0.0,4.0,0.0110459822924057,0.0757140625,0.0,recommendation,1
2026-07-28 23:27:38,0.4374981770909289,0.0,0.0,3.928571428571429,0.0110394398569954,0.0751343749999999,0.0,recommendation,1
2026-07-28 23:32:38,0.3778067222222222,0.0,0.0,5.0296631046381615,0.0110328974215851,0.0745546875,0.0,recommendation,1
2026-07-28 23:37:38,0.4333297222523146,0.0,0.0,7.039999999999999,0.0110263549861748,0.07759375,0.0,recommendation,1
2026-07-28 23:42:38,0.4125,0.0,0.0,5.898245614035088,0.0107139041717856,0.0778203125,0.0,recommendation,1
2026-07-28 23:47:38,0.429164878479673,0.0,0.0,5.877142857142857,0.0106949227134772,0.0786484375,0.0,recommendation,1
