timestamp,rps,error_rate,client_error_rate,latency_p90,kafka_lag,cpu_usage,memory_usage,service,label
2026-07-21 23:47:37,0.2746783753091332,0.0,0.0,0.0,0.0,0.0,0.0,shipping,1
2026-07-21 23:52:37,0.2746783753091332,0.0,0.0,0.0,0.0,0.0,0.0,shipping,1
2026-07-21 23:57:37,0.2746783753091332,0.0,0.0,0.0,0.0,0.0,0.0,shipping,1
2026-07-22 00:02:37,0.2746783753091332,0.0,0.0,0.0,0.0,0.0,0.0,shipping,1
2026-07-22 00:07:37,0.2746783753091332,0.0,0.0,0.0,0.0,0.0,0.0,shipping,1
2026-07-22 00:12:37,0.2746783753091332,0.0,0.0,0.0,0.0,0.0,0.0,shipping,1
2026-07-22 00:17:37,0.2746783753091332,0.0,0.0,0.0,0.0,0.0,0.0,shipping,1
2026-07-22 00:22:37,0.2746783753091332,0.0,0.0,0.0,0.0,0.0,0.0,shipping,1
2026-07-22 00:27:37,0.2746783753091332,0.0,0.0,0.0,0.0,0.0,0.0,shipping,1
2026-07-22 00:32:37,0.2746783753091332,0.0,0.0,0.0,0.0,0.0,0.0,shipping,1
2026-07-22 00:37:37,0.2746783753091332,0.0,0.0,0.0,0.0,0.0,0.0,shipping,1
2026-07-22 00:42:37,0.2746783753091332,0.0,0.0,0.0,0.0,0.0,0.0,shipping,1
2026-07-22 00:47:37,0.2746783753091332,0.0,0.0,0.0,0.0,0.0,0.0,shipping,1
2026-07-22 00:52:37,0.2746783753091332,0.0,0.0,0.0,0.0,0.0,0.0,shipping,1
2026-07-22 00:57:37,0.2746783753091332,0.0,0.0,0.0,0.0,0.0,0.0,shipping,1
2026-07-22 01:02:37,0.2746783753091332,0.0,0.0,0.0,0.0,0.0,0.0,shipping,1
2026-07-22 01:07:37,0.2746783753091332,0.0,0.0,0.0,0.0,0.0,0.0,shipping,1
2026-07-22 01:12:37,0.2746783753091332,0.0,0.0,0.0,0.0,0.0,0.0,shipping,1
2026-07-22 01:17:37,0.2746783753091332,0.0,0.0,0.0,0.0,0.0,0.0,shipping,1
2026-07-22 01:22:37,0.2746783753091332,0.0,0.0,0.0,0.0,0.0,0.0,shipping,1
2026-07-22 01:27:37,0.2746783753091332,0.0,0.0,0.0,0.0,0.0,0.0,shipping,1
2026-07-22 01:32:37,0.2746783753091332,0.0,0.0,0.0,0.0,0.0,0.0,shipping,1
2026-07-22 01:37:37,0.2746783753091332,0.0,0.0,0.0,0.0,0.0,0.0,shipping,1
2026-07-22 01:42:37,0.2746783753091332,0.0,0.0,0.0,0.0,0.0,0.0,shipping,1
2026-07-22 01:47:37,0.2746783753091332,0.0,0.0,0.0,0.0,0.0,0.0,shipping,1
2026-07-22 01:52:37,0.2746783753091332,0.0,0.0,0.0,0.0,0.0,0.0,shipping,1
2026-07-22 01:57:37,0.2746783753091332,0.0,0.0,0.0,0.0,0.0,0.0,shipping,1
2026-07-22 02:02:37,0.2746783753091332,0.0,0.0,0.0,0.0,0.0,0.0,shipping,1
2026-07-22 02:07:37,0.2746783753091332,0.0,0.0,0.0,0.0,0.0,0.0,shipping,1
2026-07-22 02:12:37,0.2746783753091332,0.0,0.0,0.0,0.0,0.0,0.0,shipping,1
2026-07-22 02:17:37,0.2746783753091332,0.0,0.0,0.0,0.0,0.0,0.0,shipping,1
2026-07-22 02:22:37,0.2746783753091332,0.0,0.0,0.0,0.0,0.0,0.0,shipping,1
2026-07-22 02:27:37,0.2746783753091332,0.0,0.0,0.0,0.0,0.0,0.0,shipping,1
2026-07-22 02:32:37,0.2746783753091332,0.0,0.0,0.0,0.0,0.0,0.0,shipping,1
2026-07-22 02:37:37,0.2746783753091332,0.0,0.0,0.0,0.0,0.0,0.0,shipping,1
2026-07-22 02:42:37,0.2746783753091332,0.0,0.0,0.0,0.0,0.0,0.0,shipping,1
2026-07-22 02:47:37,0.2746783753091332,0.0,0.0,0.0,0.0,0.0,0.0,shipping,1
2026-07-22 02:52:37,0.2746783753091332,0.0,0.0,0.0,0.0,0.0,0.0,shipping,1
2026-07-22 02:57:37,0.2746783753091332,0.0,0.0,0.0,0.0,0.0,0.0,shipping,1
2026-07-22 03:02:37,0.2746783753091332,0.0,0.0,0.0,0.0,0.0,0.0,shipping,1
2026-07-22 03:07:37,0.2746783753091332,0.0,0.0,0.0,0.0,0.0,0.0,shipping,1
2026-07-22 03:12:37,0.2746783753091332,0.0,0.0,0.0,0.0,0.0,0.0,shipping,1
2026-07-22 03:17:37,0.2746783753091332,0.0,0.0,0.0,0.0,0.0,0.0,shipping,1
2026-07-22 03:22:37,0.2746783753091332,0.0,0.0,0.0,0.0,0.0,0.0,shipping,1
2026-07-22 03:27:37,0.2746783753091332,0.0,0.0,0.0,0.0,0.0,0.0,shipping,1
2026-07-22 03:32:37,0.2746783753091332,0.0,0.0,0.0,0.0,0.0,0.0,shipping,1
2026-07-22 03:37:37,0.2746783753091332,0.0,0.0,0.0,0.0,0.0,0.0,shipping,1
2026-07-22 03:42:37,0.2746783753091332,0.0,0.0,0.0,0.0,0.0,0.0,shipping,1
2026-07-22 03:47:37,0.2746783753091332,0.0,0.0,0.0,0.0,0.0,0.0,shipping,1
2026-07-22 03:52:37,0.2746783753091332,0.0,0.0,0.0,0.0,0.0,0.0,shipping,1
2026-07-22 03:57:37,0.2746783753091332,0.0,0.0,0.0,0.0,0.0,0.0,shipping,1
2026-07-22 04:02:37,0.2746783753091332,0.0,0.0,0.0,0.0,0.0,0.0,shipping,1
2026-07-22 04:07:37,0.2746783753091332,0.0,0.0,0.0,0.0,0.0,0.0,shipping,1
2026-07-22 04:12:37,0.2746783753091332,0.0,0.0,0.0,0.0,0.0,0.0,shipping,1
2026-07-22 04:17:37,0.2746783753091332,0.0,0.0,0.0,0.0,0.0,0.0,shipping,1
2026-07-22 04:22:37,0.2746783753091332,0.0,0.0,0.0,0.0,0.0,0.0,shipping,1
2026-07-22 04:27:37,0.2746783753091332,0.0,0.0,0.0,0.0,0.0,0.0,shipping,1
2026-07-22 04:32:37,0.2746783753091332,0.0,0.0,0.0,0.0,0.0,0.0,shipping,1
2026-07-22 04:37:37,0.2746783753091332,0.0,0.0,0.0,0.0,0.0,0.0,shipping,1
2026-07-22 04:42:37,0.2746783753091332,0.0,0.0,0.0,0.0,0.0,0.0,shipping,1
2026-07-22 04:47:37,0.2746783753091332,0.0,0.0,0.0,0.0,0.0,0.0,shipping,1
2026-07-22 04:52:37,0.2746783753091332,0.0,0.0,0.0,0.0,0.0,0.0,shipping,1
2026-07-22 04:57:37,0.2746783753091332,0.0,0.0,0.0,0.0,0.0,0.0,shipping,1
2026-07-22 05:02:37,0.2746783753091332,0.0,0.0,0.0,0.0,0.0,0.0,shipping,1
2026-07-22 05:07:37,0.2746783753091332,0.0,0.0,0.0,0.0,0.0,0.0,shipping,1
2026-07-22 05:12:37,0.2746783753091332,0.0,0.0,0.0,0.0,0.0,0.0,shipping,1
2026-07-22 05:17:37,0.2746783753091332,0.0,0.0,0.0,0.0,0.0,0.0,shipping,1
2026-07-22 05:22:37,0.2746783753091332,0.0,0.0,0.0,0.0,0.0,0.0,shipping,1
2026-07-22 05:27:37,0.2746783753091332,0.0,0.0,0.0,0.0,0.0,0.0,shipping,1
2026-07-22 05:32:37,0.2746783753091332,0.0,0.0,0.0,0.0,0.0,0.0,shipping,1
2026-07-22 05:37:37,0.2746783753091332,0.0,0.0,0.0,0.0,0.0,0.0,shipping,1
2026-07-22 05:42:37,0.2746783753091332,0.0,0.0,0.0,0.0,0.0,0.0,shipping,1
2026-07-22 05:47:37,0.2746783753091332,0.0,0.0,0.0,0.0,0.0,0.0,shipping,1
2026-07-22 05:52:37,0.2746783753091332,0.0,0.0,0.0,0.0,0.0,0.0,shipping,1
2026-07-22 05:57:37,0.2746783753091332,0.0,0.0,0.0,0.0,0.0,0.0,shipping,1
2026-07-22 06:02:37,0.2746783753091332,0.0,0.0,0.0,0.0,0.0,0.0,shipping,1
2026-07-22 06:07:37,0.2746783753091332,0.0,0.0,0.0,0.0,0.0,0.0,shipping,1
2026-07-22 06:12:37,0.2746783753091332,0.0,0.0,0.0,0.0,0.0,0.0,shipping,1
2026-07-22 06:17:37,0.2746783753091332,0.0,0.0,0.0,0.0,0.0,0.0,shipping,1
2026-07-22 06:22:37,0.2746783753091332,0.0,0.0,0.0,0.0,0.0,0.0,shipping,1
2026-07-22 06:27:37,0.2746783753091332,0.0,0.0,0.0,0.0,0.0,0.0,shipping,1
2026-07-22 06:32:37,0.2746783753091332,0.0,0.0,0.0,0.0,0.0,0.0,shipping,1
2026-07-22 06:37:37,0.2746783753091332,0.0,0.0,0.0,0.0,0.0,0.0,shipping,1
2026-07-22 06:42:37,0.2746783753091332,0.0,0.0,0.0,0.0,0.0,0.0,shipping,1
2026-07-22 06:47:37,0.2746783753091332,0.0,0.0,0.0,0.0,0.0,0.0,shipping,1
2026-07-22 06:52:37,0.2746783753091332,0.0,0.0,0.0,0.0,0.0,0.0,shipping,1
2026-07-22 06:57:37,0.2746783753091332,0.0,0.0,0.0,0.0,0.0,0.0,shipping,1
2026-07-22 07:02:37,0.2746783753091332,0.0,0.0,0.0,0.0,0.0,0.0,shipping,1
2026-07-22 07:07:37,0.2746783753091332,0.0,0.0,0.0,0.0,0.0,0.0,shipping,1
2026-07-22 07:12:37,0.2746783753091332,0.0,0.0,0.0,0.0,0.0,0.0,shipping,1
2026-07-22 07:17:37,0.2746783753091332,0.0,0.0,0.0,0.0,0.0,0.0,shipping,1
2026-07-22 07:22:37,0.2746783753091332,0.0,0.0,0.0,0.0,0.0,0.0,shipping,1
2026-07-22 07:27:37,0.2746783753091332,0.0,0.0,0.0,0.0,0.0,0.0,shipping,1
2026-07-22 07:32:37,0.2746783753091332,0.0,0.0,0.0,0.0,0.0,0.0,shipping,1
2026-07-22 07:37:37,0.2746783753091332,0.0,0.0,0.0,0.0,0.0,0.0,shipping,1
2026-07-22 07:42:37,0.2746783753091332,0.0,0.0,0.0,0.0,0.0,0.0,shipping,1
2026-07-22 07:47:37,0.2746783753091332,0.0,0.0,0.0,0.0,0.0,0.0,shipping,1
2026-07-22 07:52:37,0.2746783753091332,0.0,0.0,0.0,0.0,0.0,0.0,shipping,1
2026-07-22 07:57:37,0.2746783753091332,0.0,0.0,0.0,0.0,0.0,0.0,shipping,1
2026-07-22 08:02:37,0.2746783753091332,0.0,0.0,0.0,0.0,0.0,0.0,shipping,1
2026-07-22 08:07:37,0.2746783753091332,0.0,0.0,0.0,0.0,0.0,0.0,shipping,1
2026-07-22 08:12:37,0.2746783753091332,0.0,0.0,0.0,0.0,0.0,0.0,shipping,1
2026-07-22 08:17:37,0.2746783753091332,0.0,0.0,0.0,0.0,0.0,0.0,shipping,1
2026-07-22 08:22:37,0.2746783753091332,0.0,0.0,0.0,0.0,0.0,0.0,shipping,1
2026-07-22 08:27:37,0.2746783753091332,0.0,0.0,0.0,0.0,0.0,0.0,shipping,1
2026-07-22 08:32:37,0.2746783753091332,0.0,0.0,0.0,0.0,0.0,0.0,shipping,1
2026-07-22 08:37:37,0.2746783753091332,0.0,0.0,0.0,0.0,0.0,0.0,shipping,1
2026-07-22 08:42:37,0.2746783753091332,0.0,0.0,0.0,0.0,0.0,0.0,shipping,1
2026-07-22 08:47:37,0.2746783753091332,0.0,0.0,0.0,0.0,0.0,0.0,shipping,1
2026-07-22 08:52:37,0.2746783753091332,0.0,0.0,0.0,0.0,0.0,0.0,shipping,1
2026-07-22 08:57:37,0.2746783753091332,0.0,0.0,0.0,0.0,0.0,0.0,shipping,1
2026-07-22 09:02:37,0.2746783753091332,0.0,0.0,0.0,0.0,0.0,0.0,shipping,1
2026-07-22 09:07:37,0.2746783753091332,0.0,0.0,0.0,0.0,0.0,0.0,shipping,1
2026-07-22 09:12:37,0.2746783753091332,0.0,0.0,0.0,0.0,0.0,0.0,shipping,1
2026-07-22 09:17:37,0.2746783753091332,0.0,0.0,0.0,0.0,0.0,0.0,shipping,1
2026-07-22 09:22:37,0.2746783753091332,0.0,0.0,0.0,0.0,0.0,0.0,shipping,1
2026-07-22 09:27:37,0.2746783753091332,0.0,0.0,0.0,0.0,0.0,0.0,shipping,1
2026-07-22 09:32:37,0.2746783753091332,0.0,0.0,0.0,0.0,0.0,0.0,shipping,1
2026-07-22 09:37:37,0.2746783753091332,0.0,0.0,0.0,0.0,0.0,0.0,shipping,1
2026-07-22 09:42:37,0.2746783753091332,0.0,0.0,0.0,0.0,0.0,0.0,shipping,1
2026-07-22 09:47:37,0.2746783753091332,0.0,0.0,0.0,0.0,0.0,0.0,shipping,1
2026-07-22 09:52:37,0.2746783753091332,0.0,0.0,0.0,0.0,0.0,0.0,shipping,1
2026-07-22 09:57:37,0.2746783753091332,0.0,0.0,0.0,0.0,0.0,0.0,shipping,1
2026-07-22 10:02:37,0.2746783753091332,0.0,0.0,0.0,0.0,0.0,0.0,shipping,1
2026-07-22 10:07:37,0.2746783753091332,0.0,0.0,0.0,0.0,0.0,0.0,shipping,1
2026-07-22 10:12:37,0.2746783753091332,0.0,0.0,0.0,0.0,0.0,0.0,shipping,1
2026-07-22 10:17:37,0.2746783753091332,0.0,0.0,0.0,0.0,0.0,0.0,shipping,1
2026-07-22 10:22:37,0.2746783753091332,0.0,0.0,0.0,0.0,0.0,0.0,shipping,1
2026-07-22 10:27:37,0.2746783753091332,0.0,0.0,0.0,0.0,0.0,0.0,shipping,1
2026-07-22 10:32:37,0.2746783753091332,0.0,0.0,0.0,0.0,0.0,0.0,shipping,1
2026-07-22 10:37:37,0.2746783753091332,0.0,0.0,0.0,0.0,0.0,0.0,shipping,1
2026-07-22 10:42:37,0.2746783753091332,0.0,0.0,0.0,0.0,0.0,0.0,shipping,1
2026-07-22 10:47:37,0.2746783753091332,0.0,0.0,0.0,0.0,0.0,0.0,shipping,1
2026-07-22 10:52:37,0.2746783753091332,0.0,0.0,0.0,0.0,0.0,0.0,shipping,1
2026-07-22 10:57:37,0.2746783753091332,0.0,0.0,0.0,0.0,0.0,0.0,shipping,1
2026-07-22 11:02:37,0.2746783753091332,0.0,0.0,0.0,0.0,0.0,0.0,shipping,1
2026-07-22 11:07:37,0.2746783753091332,0.0,0.0,0.0,0.0,0.0,0.0,shipping,1
2026-07-22 11:12:37,0.2746783753091332,0.0,0.0,0.0,0.0,0.0,0.0,shipping,1
2026-07-22 11:17:37,0.2746783753091332,0.0,0.0,0.0,0.0,0.0,0.0,shipping,1
2026-07-22 11:22:37,0.2746783753091332,0.0,0.0,0.0,0.0,0.0,0.0,shipping,1
2026-07-22 11:27:37,0.2746783753091332,0.0,0.0,0.0,0.0,0.0,0.0,shipping,1
2026-07-22 11:32:37,0.2746783753091332,0.0,0.0,0.0,0.0,0.0,0.0,shipping,1
2026-07-22 11:37:37,0.2746783753091332,0.0,0.0,0.0,0.0,0.0,0.0,shipping,1
2026-07-22 11:42:37,0.2746783753091332,0.0,0.0,0.0,0.0,0.0,0.0,shipping,1
2026-07-22 11:47:37,0.2746783753091332,0.0,0.0,0.0,0.0,0.0,0.0,shipping,1
2026-07-22 11:52:37,0.2746783753091332,0.0,0.0,0.0,0.0,0.0,0.0,shipping,1
2026-07-22 11:57:37,0.2746783753091332,0.0,0.0,0.0,0.0,0.0,0.0,shipping,1
2026-07-22 12:02:37,0.2746783753091332,0.0,0.0,0.0,0.0,0.0,0.0,shipping,1
2026-07-22 12:07:37,0.2746783753091332,0.0,0.0,0.0,0.0,0.0,0.0,shipping,1
2026-07-22 12:12:37,0.2746783753091332,0.0,0.0,0.0,0.0,0.0,0.0,shipping,1
2026-07-22 12:17:37,0.2746783753091332,0.0,0.0,0.0,0.0,0.0,0.0,shipping,1
2026-07-22 12:22:37,0.2746783753091332,0.0,0.0,0.0,0.0,0.0,0.0,shipping,1
2026-07-22 12:27:37,0.2746783753091332,0.0,0.0,0.0,0.0,0.0,0.0,shipping,1
2026-07-22 12:32:37,0.2746783753091332,0.0,0.0,0.0,0.0,0.0,0.0,shipping,1
2026-07-22 12:37:37,0.2746783753091332,0.0,0.0,0.0,0.0,0.0,0.0,shipping,1
2026-07-22 12:42:37,0.2746783753091332,0.0,0.0,0.0,0.0,0.0,0.0,shipping,1
2026-07-22 12:47:37,0.2746783753091332,0.0,0.0,0.0,0.0,0.0,0.0,shipping,1
2026-07-22 12:52:37,0.2746783753091332,0.0,0.0,0.0,0.0,0.0,0.0,shipping,1
2026-07-22 12:57:37,0.2746783753091332,0.0,0.0,0.0,0.0,0.0,0.0,shipping,1
2026-07-22 13:02:37,0.2746783753091332,0.0,0.0,0.0,0.0,0.0,0.0,shipping,1
2026-07-22 13:07:37,0.2746783753091332,0.0,0.0,0.0,0.0,0.0,0.0,shipping,1
2026-07-22 13:12:37,0.2746783753091332,0.0,0.0,0.0,0.0,0.0,0.0,shipping,1
2026-07-22 13:17:37,0.2746783753091332,0.0,0.0,0.0,0.0,0.0,0.0,shipping,1
2026-07-22 13:22:37,0.2746783753091332,0.0,0.0,0.0,0.0,0.0,0.0,shipping,1
2026-07-22 13:27:37,0.2746783753091332,0.0,0.0,0.0,0.0,0.0,0.0,shipping,1
2026-07-22 13:32:37,0.2746783753091332,0.0,0.0,0.0,0.0,0.0,0.0,shipping,1
2026-07-22 13:37:37,0.2746783753091332,0.0,0.0,0.0,0.0,0.0,0.0,shipping,1
2026-07-22 13:42:37,0.2746783753091332,0.0,0.0,0.0,0.0,0.0,0.0,shipping,1
2026-07-22 13:47:37,0.2746783753091332,0.0,0.0,0.0,0.0,0.0,0.0,shipping,1
2026-07-22 13:52:37,0.2746783753091332,0.0,0.0,0.0,0.0,0.0,0.0,shipping,1
2026-07-22 13:57:37,0.2746783753091332,0.0,0.0,0.0,0.0,0.0,0.0,shipping,1
2026-07-22 14:02:37,0.2746783753091332,0.0,0.0,0.0,0.0,0.0,0.0,shipping,1
2026-07-22 14:07:37,0.2746783753091332,0.0,0.0,0.0,0.0,0.0,0.0,shipping,1
2026-07-22 14:12:37,0.2746783753091332,0.0,0.0,0.0,0.0,0.0,0.0,shipping,1
2026-07-22 14:17:37,0.2746783753091332,0.0,0.0,0.0,0.0,0.0,0.0,shipping,1
2026-07-22 14:22:37,0.2746783753091332,0.0,0.0,0.0,0.0,0.0,0.0,shipping,1
2026-07-22 14:27:37,0.2746783753091332,0.0,0.0,0.0,0.0,0.0,0.0,shipping,1
2026-07-22 14:32:37,0.2746783753091332,0.0,0.0,0.0,0.0,0.0,0.0,shipping,1
2026-07-22 14:37:37,0.2746783753091332,0.0,0.0,0.0,0.0,0.0,0.0,shipping,1
2026-07-22 14:42:37,0.2746783753091332,0.0,0.0,0.0,0.0,0.0,0.0,shipping,1
2026-07-22 14:47:37,0.2746783753091332,0.0,0.0,0.0,0.0,0.0,0.0,shipping,1
2026-07-22 14:52:37,0.2746783753091332,0.0,0.0,0.0,0.0,0.0,0.0,shipping,1
2026-07-22 14:57:37,0.2746783753091332,0.0,0.0,0.0,0.0,0.0,0.0,shipping,1
2026-07-22 15:02:37,0.2746783753091332,0.0,0.0,0.0,0.0,0.0,0.0,shipping,1
2026-07-22 15:07:37,0.2746783753091332,0.0,0.0,0.0,0.0,0.0,0.0,shipping,1
2026-07-22 15:12:37,0.2746783753091332,0.0,0.0,0.0,0.0,0.0,0.0,shipping,1
2026-07-22 15:17:37,0.2746783753091332,0.0,0.0,0.0,0.0,0.0,0.0,shipping,1
2026-07-22 15:22:37,0.2746783753091332,0.0,0.0,0.0,0.0,0.0,0.0,shipping,1
2026-07-22 15:27:37,0.2746783753091332,0.0,0.0,0.0,0.0,0.0,0.0,shipping,1
2026-07-22 15:32:37,0.2746783753091332,0.0,0.0,0.0,0.0,0.0,0.0,shipping,1
2026-07-22 15:37:37,0.2746783753091332,0.0,0.0,0.0,0.0,0.0,0.0,shipping,1
2026-07-22 15:42:37,0.2746783753091332,0.0,0.0,0.0,0.0,0.0,0.0,shipping,1
2026-07-22 15:47:37,0.2746783753091332,0.0,0.0,0.0,0.0,0.0,0.0,shipping,1
2026-07-22 15:52:37,0.2746783753091332,0.0,0.0,0.0,0.0,0.0,0.0,shipping,1
2026-07-22 15:57:37,0.2746783753091332,0.0,0.0,0.0,0.0,0.0,0.0,shipping,1
2026-07-22 16:02:37,0.2746783753091332,0.0,0.0,0.0,0.0,0.0,0.0,shipping,1
2026-07-22 16:07:37,0.2746783753091332,0.0,0.0,0.0,0.0,0.0,0.0,shipping,1
2026-07-22 16:12:37,0.2746783753091332,0.0,0.0,0.0,0.0,0.0,0.0,shipping,1
2026-07-22 16:17:37,0.2746783753091332,0.0,0.0,0.0,0.0,0.0,0.0,shipping,1
2026-07-22 16:22:37,0.2746783753091332,0.0,0.0,0.0,0.0,0.0,0.0,shipping,1
2026-07-22 16:27:37,0.2746783753091332,0.0,0.0,0.0,0.0,0.0,0.0,shipping,1
2026-07-22 16:32:37,0.2746783753091332,0.0,0.0,0.0,0.0,0.0,0.0,shipping,1
2026-07-22 16:37:37,0.2746783753091332,0.0,0.0,0.0,0.0,0.0,0.0,shipping,1
2026-07-22 16:42:37,0.2746783753091332,0.0,0.0,0.0,0.0,0.0,0.0,shipping,1
2026-07-22 16:47:37,0.2746783753091332,0.0,0.0,0.0,0.0,0.0,0.0,shipping,1
2026-07-22 16:52:37,0.2746783753091332,0.0,0.0,0.0,0.0,0.0,0.0,shipping,1
2026-07-22 16:57:37,0.2746783753091332,0.0,0.0,0.0,0.0,0.0,0.0,shipping,1
2026-07-22 17:02:37,0.2746783753091332,0.0,0.0,0.0,0.0,0.0,0.0,shipping,1
2026-07-22 17:07:37,0.2746783753091332,0.0,0.0,0.0,0.0,0.0,0.0,shipping,1
2026-07-22 17:12:37,0.2746783753091332,0.0,0.0,0.0,0.0,0.0,0.0,shipping,1
2026-07-22 17:17:37,0.2746783753091332,0.0,0.0,0.0,0.0,0.0,0.0,shipping,1
2026-07-22 17:22:37,0.2746783753091332,0.0,0.0,0.0,0.0,0.0,0.0,shipping,1
2026-07-22 17:27:37,0.2746783753091332,0.0,0.0,0.0,0.0,0.0,0.0,shipping,1
2026-07-22 17:32:37,0.2746783753091332,0.0,0.0,0.0,0.0,0.0,0.0,shipping,1
2026-07-22 17:37:37,0.2746783753091332,0.0,0.0,0.0,0.0,0.0,0.0,shipping,1
2026-07-22 17:42:37,0.2746783753091332,0.0,0.0,0.0,0.0,0.0,0.0,shipping,1
2026-07-22 17:47:37,0.2746783753091332,0.0,0.0,0.0,0.0,0.0,0.0,shipping,1
2026-07-22 17:52:37,0.2746783753091332,0.0,0.0,0.0,0.0,0.0,0.0,shipping,1
2026-07-22 17:57:37,0.2746783753091332,0.0,0.0,0.0,0.0,0.0,0.0,shipping,1
2026-07-22 18:02:37,0.2746783753091332,0.0,0.0,0.0,0.0,0.0,0.0,shipping,1
2026-07-22 18:07:37,0.2746783753091332,0.0,0.0,0.0,0.0,0.0,0.0,shipping,1
2026-07-22 18:12:37,0.2746783753091332,0.0,0.0,0.0,0.0,0.0,0.0,shipping,1
2026-07-22 18:17:37,0.2746783753091332,0.0,0.0,0.0,0.0,0.0,0.0,shipping,1
2026-07-22 18:22:37,0.2746783753091332,0.0,0.0,0.0,0.0,0.0,0.0,shipping,1
2026-07-22 18:27:37,0.2746783753091332,0.0,0.0,0.0,0.0,0.0,0.0,shipping,1
2026-07-22 18:32:37,0.2746783753091332,0.0,0.0,0.0,0.0,0.0,0.0,shipping,1
2026-07-22 18:37:37,0.2746783753091332,0.0,0.0,0.0,0.0,0.0,0.0,shipping,1
2026-07-22 18:42:37,0.2746783753091332,0.0,0.0,0.0,0.0,0.0,0.0,shipping,1
2026-07-22 18:47:37,0.2746783753091332,0.0,0.0,0.0,0.0,0.0,0.0,shipping,1
2026-07-22 18:52:37,0.2746783753091332,0.0,0.0,0.0,0.0,0.0,0.0,shipping,1
2026-07-22 18:57:37,0.2746783753091332,0.0,0.0,0.0,0.0,0.0,0.0,shipping,1
2026-07-22 19:02:37,0.2746783753091332,0.0,0.0,0.0,0.0,0.0,0.0,shipping,1
2026-07-22 19:07:37,0.2746783753091332,0.0,0.0,0.0,0.0,0.0,0.0,shipping,1
2026-07-22 19:12:37,0.2746783753091332,0.0,0.0,0.0,0.0,0.0,0.0,shipping,1
2026-07-22 19:17:37,0.2746783753091332,0.0,0.0,0.0,0.0,0.0,0.0,shipping,1
2026-07-22 19:22:37,0.2746783753091332,0.0,0.0,0.0,0.0,0.0,0.0,shipping,1
2026-07-22 19:27:37,0.2746783753091332,0.0,0.0,0.0,0.0,0.0,0.0,shipping,1
2026-07-22 19:32:37,0.2746783753091332,0.0,0.0,0.0,0.0,0.0,0.0,shipping,1
2026-07-22 19:37:37,0.2746783753091332,0.0,0.0,0.0,0.0,0.0,0.0,shipping,1
2026-07-22 19:42:37,0.2746783753091332,0.0,0.0,0.0,0.0,0.0,0.0,shipping,1
2026-07-22 19:47:37,0.2746783753091332,0.0,0.0,0.0,0.0,0.0,0.0,shipping,1
2026-07-22 19:52:37,0.2746783753091332,0.0,0.0,0.0,0.0,0.0,0.0,shipping,1
2026-07-22 19:57:37,0.2746783753091332,0.0,0.0,0.0,0.0,0.0,0.0,shipping,1
2026-07-22 20:02:37,0.2746783753091332,0.0,0.0,0.0,0.0,0.0,0.0,shipping,1
2026-07-22 20:07:37,0.2746783753091332,0.0,0.0,0.0,0.0,0.0,0.0,shipping,1
2026-07-22 20:12:37,0.2746783753091332,0.0,0.0,0.0,0.0,0.0,0.0,shipping,1
2026-07-22 20:17:37,0.2746783753091332,0.0,0.0,0.0,0.0,0.0,0.0,shipping,1
2026-07-22 20:22:37,0.2746783753091332,0.0,0.0,0.0,0.0,0.0,0.0,shipping,1
2026-07-22 20:27:37,0.2746783753091332,0.0,0.0,0.0,0.0,0.0,0.0,shipping,1
2026-07-22 20:32:37,0.2746783753091332,0.0,0.0,0.0,0.0,0.0,0.0,shipping,1
2026-07-22 20:37:37,0.2746783753091332,0.0,0.0,0.0,0.0,0.0,0.0,shipping,1
2026-07-22 20:42:37,0.2746783753091332,0.0,0.0,0.0,0.0,0.0,0.0,shipping,1
2026-07-22 20:47:37,0.2746783753091332,0.0,0.0,0.0,0.0,0.0,0.0,shipping,1
2026-07-22 20:52:37,0.2746783753091332,0.0,0.0,0.0,0.0,0.0,0.0,shipping,1
2026-07-22 20:57:37,0.2746783753091332,0.0,0.0,0.0,0.0,0.0,0.0,shipping,1
2026-07-22 21:02:37,0.2746783753091332,0.0,0.0,0.0,0.0,0.0,0.0,shipping,1
2026-07-22 21:07:37,0.2746783753091332,0.0,0.0,0.0,0.0,0.0,0.0,shipping,1
2026-07-22 21:12:37,0.2746783753091332,0.0,0.0,0.0,0.0,0.0,0.0,shipping,1
2026-07-22 21:17:37,0.2746783753091332,0.0,0.0,0.0,0.0,0.0,0.0,shipping,1
2026-07-22 21:22:37,0.2746783753091332,0.0,0.0,0.0,0.0,0.0,0.0,shipping,1
2026-07-22 21:27:37,0.2746783753091332,0.0,0.0,0.0,0.0,0.0,0.0,shipping,1
2026-07-22 21:32:37,0.2746783753091332,0.0,0.0,0.0,0.0,0.0,0.0,shipping,1
2026-07-22 21:37:37,0.2746783753091332,0.0,0.0,0.0,0.0,0.0,0.0,shipping,1
2026-07-22 21:42:37,0.2746783753091332,0.0,0.0,0.0,0.0,0.0,0.0,shipping,1
2026-07-22 21:47:37,0.2746783753091332,0.0,0.0,0.0,0.0,0.0,0.0,shipping,1
2026-07-22 21:52:37,0.2746783753091332,0.0,0.0,0.0,0.0,0.0,0.0,shipping,1
2026-07-22 21:57:37,0.2746783753091332,0.0,0.0,0.0,0.0,0.0,0.0,shipping,1
2026-07-22 22:02:37,0.2746783753091332,0.0,0.0,0.0,0.0,0.0,0.0,shipping,1
2026-07-22 22:07:37,0.2746783753091332,0.0,0.0,0.0,0.0,0.0,0.0,shipping,1
2026-07-22 22:12:37,0.2746783753091332,0.0,0.0,0.0,0.0,0.0,0.0,shipping,1
2026-07-22 22:17:37,0.2746783753091332,0.0,0.0,0.0,0.0,0.0,0.0,shipping,1
2026-07-22 22:22:37,0.2746783753091332,0.0,0.0,0.0,0.0,0.0,0.0,shipping,1
2026-07-22 22:27:37,0.2746783753091332,0.0,0.0,0.0,0.0,0.0,0.0,shipping,1
2026-07-22 22:32:37,0.2746783753091332,0.0,0.0,0.0,0.0,0.0,0.0,shipping,1
2026-07-22 22:37:37,0.2746783753091332,0.0,0.0,0.0,0.0,0.0,0.0,shipping,1
2026-07-22 22:42:37,0.2746783753091332,0.0,0.0,0.0,0.0,0.0,0.0,shipping,1
2026-07-22 22:47:37,0.2746783753091332,0.0,0.0,0.0,0.0,0.0,0.0,shipping,1
2026-07-22 22:52:37,0.2746783753091332,0.0,0.0,0.0,0.0,0.0,0.0,shipping,1
2026-07-22 22:57:37,0.2746783753091332,0.0,0.0,0.0,0.0,0.0,0.0,shipping,1
2026-07-22 23:02:37,0.2746783753091332,0.0,0.0,0.0,0.0,0.0,0.0,shipping,1
2026-07-22 23:07:37,0.2746783753091332,0.0,0.0,0.0,0.0,0.0,0.0,shipping,1
2026-07-22 23:12:37,0.2746783753091332,0.0,0.0,0.0,0.0,0.0,0.0,shipping,1
2026-07-22 23:17:37,0.2746783753091332,0.0,0.0,0.0,0.0,0.0,0.0,shipping,1
2026-07-22 23:22:37,0.2746783753091332,0.0,0.0,0.0,0.0,0.0,0.0,shipping,1
2026-07-22 23:27:37,0.2746783753091332,0.0,0.0,0.0,0.0,0.0,0.0,shipping,1
2026-07-22 23:32:37,0.2746783753091332,0.0,0.0,0.0,0.0,0.0,0.0,shipping,1
2026-07-22 23:37:37,0.2746783753091332,0.0,0.0,0.0,0.0,0.0,0.0,shipping,1
2026-07-22 23:42:37,0.2746783753091332,0.0,0.0,0.0,0.0,0.0,0.0,shipping,1
2026-07-22 23:47:37,0.2746783753091332,0.0,0.0,0.0,0.0,0.0,0.0,shipping,1
2026-07-22 23:52:37,0.2746783753091332,0.0,0.0,0.0,0.0,0.0,0.0,shipping,1
2026-07-22 23:57:37,0.2746783753091332,0.0,0.0,0.0,0.0,0.0,0.0,shipping,1
2026-07-23 00:02:37,0.2746783753091332,0.0,0.0,0.0,0.0,0.0,0.0,shipping,1
2026-07-23 00:07:37,0.2746783753091332,0.0,0.0,0.0,0.0,0.0,0.0,shipping,1
2026-07-23 00:12:37,0.2746783753091332,0.0,0.0,0.0,0.0,0.0,0.0,shipping,1
2026-07-23 00:17:37,0.2746783753091332,0.0,0.0,0.0,0.0,0.0,0.0,shipping,1
2026-07-23 00:22:37,0.2746783753091332,0.0,0.0,0.0,0.0,0.0,0.0,shipping,1
2026-07-23 00:27:37,0.2746783753091332,0.0,0.0,0.0,0.0,0.0,0.0,shipping,1
2026-07-23 00:32:37,0.2746783753091332,0.0,0.0,0.0,0.0,0.0,0.0,shipping,1
2026-07-23 00:37:37,0.2746783753091332,0.0,0.0,0.0,0.0,0.0,0.0,shipping,1
2026-07-23 00:42:37,0.2746783753091332,0.0,0.0,0.0,0.0,0.0,0.0,shipping,1
2026-07-23 00:47:37,0.2746783753091332,0.0,0.0,0.0,0.0,0.0,0.0,shipping,1
2026-07-23 00:52:37,0.2746783753091332,0.0,0.0,0.0,0.0,0.0,0.0,shipping,1
2026-07-23 00:57:37,0.2746783753091332,0.0,0.0,0.0,0.0,0.0,0.0,shipping,1
2026-07-23 01:02:37,0.2746783753091332,0.0,0.0,0.0,0.0,0.0,0.0,shipping,1
2026-07-23 01:07:37,0.2746783753091332,0.0,0.0,0.0,0.0,0.0,0.0,shipping,1
2026-07-23 01:12:37,0.2746783753091332,0.0,0.0,0.0,0.0,0.0,0.0,shipping,1
2026-07-23 01:17:37,0.2746783753091332,0.0,0.0,0.0,0.0,0.0,0.0,shipping,1
2026-07-23 01:22:37,0.2746783753091332,0.0,0.0,0.0,0.0,0.0,0.0,shipping,1
2026-07-23 01:27:37,0.2746783753091332,0.0,0.0,0.0,0.0,0.0,0.0,shipping,1
2026-07-23 01:32:37,0.2746783753091332,0.0,0.0,0.0,0.0,0.0,0.0,shipping,1
2026-07-23 01:37:37,0.2746783753091332,0.0,0.0,0.0,0.0,0.0,0.0,shipping,1
2026-07-23 01:42:37,0.2746783753091332,0.0,0.0,0.0,0.0,0.0,0.0,shipping,1
2026-07-23 01:47:37,0.2746783753091332,0.0,0.0,0.0,0.0,0.0,0.0,shipping,1
2026-07-23 01:52:37,0.2746783753091332,0.0,0.0,0.0,0.0,0.0,0.0,shipping,1
2026-07-23 01:57:37,0.2746783753091332,0.0,0.0,0.0,0.0,0.0,0.0,shipping,1
2026-07-23 02:02:37,0.2746783753091332,0.0,0.0,0.0,0.0,0.0,0.0,shipping,1
2026-07-23 02:07:37,0.2746783753091332,0.0,0.0,0.0,0.0,0.0,0.0,shipping,1
2026-07-23 02:12:37,0.2746783753091332,0.0,0.0,0.0,0.0,0.0,0.0,shipping,1
2026-07-23 02:17:37,0.2746783753091332,0.0,0.0,0.0,0.0,0.0,0.0,shipping,1
2026-07-23 02:22:37,0.2746783753091332,0.0,0.0,0.0,0.0,0.0,0.0,shipping,1
2026-07-23 02:27:37,0.2746783753091332,0.0,0.0,0.0,0.0,0.0,0.0,shipping,1
2026-07-23 02:32:37,0.2746783753091332,0.0,0.0,0.0,0.0,0.0,0.0,shipping,1
2026-07-23 02:37:37,0.2746783753091332,0.0,0.0,0.0,0.0,0.0,0.0,shipping,1
2026-07-23 02:42:37,0.2746783753091332,0.0,0.0,0.0,0.0,0.0,0.0,shipping,1
2026-07-23 02:47:37,0.2746783753091332,0.0,0.0,0.0,0.0,0.0,0.0,shipping,1
2026-07-23 02:52:37,0.2746783753091332,0.0,0.0,0.0,0.0,0.0,0.0,shipping,1
2026-07-23 02:57:37,0.2746783753091332,0.0,0.0,0.0,0.0,0.0,0.0,shipping,1
2026-07-23 03:02:37,0.2746783753091332,0.0,0.0,0.0,0.0,0.0,0.0,shipping,1
2026-07-23 03:07:37,0.2746783753091332,0.0,0.0,0.0,0.0,0.0,0.0,shipping,1
2026-07-23 03:12:37,0.2746783753091332,0.0,0.0,0.0,0.0,0.0,0.0,shipping,1
2026-07-23 03:17:37,0.2746783753091332,0.0,0.0,0.0,0.0,0.0,0.0,shipping,1
2026-07-23 03:22:37,0.2746783753091332,0.0,0.0,0.0,0.0,0.0,0.0,shipping,1
2026-07-23 03:27:37,0.2746783753091332,0.0,0.0,0.0,0.0,0.0,0.0,shipping,1
2026-07-23 03:32:37,0.2746783753091332,0.0,0.0,0.0,0.0,0.0,0.0,shipping,1
2026-07-23 03:37:37,0.2746783753091332,0.0,0.0,0.0,0.0,0.0,0.0,shipping,1
2026-07-23 03:42:37,0.2746783753091332,0.0,0.0,0.0,0.0,0.0,0.0,shipping,1
2026-07-23 03:47:37,0.2746783753091332,0.0,0.0,0.0,0.0,0.0,0.0,shipping,1
2026-07-23 03:52:37,0.2746783753091332,0.0,0.0,0.0,0.0,0.0,0.0,shipping,1
2026-07-23 03:57:37,0.2746783753091332,0.0,0.0,0.0,0.0,0.0,0.0,shipping,1
2026-07-23 04:02:37,0.2746783753091332,0.0,0.0,0.0,0.0,0.0,0.0,shipping,1
2026-07-23 04:07:37,0.2746783753091332,0.0,0.0,0.0,0.0,0.0,0.0,shipping,1
2026-07-23 04:12:37,0.2746783753091332,0.0,0.0,0.0,0.0,0.0,0.0,shipping,1
2026-07-23 04:17:37,0.2746783753091332,0.0,0.0,0.0,0.0,0.0,0.0,shipping,1
2026-07-23 04:22:37,0.2746783753091332,0.0,0.0,0.0,0.0,0.0,0.0,shipping,1
2026-07-23 04:27:37,0.2746783753091332,0.0,0.0,0.0,0.0,0.0,0.0,shipping,1
2026-07-23 04:32:37,0.2746783753091332,0.0,0.0,0.0,0.0,0.0,0.0,shipping,1
2026-07-23 04:37:37,0.2746783753091332,0.0,0.0,0.0,0.0,0.0,0.0,shipping,1
2026-07-23 04:42:37,0.2746783753091332,0.0,0.0,0.0,0.0,0.0,0.0,shipping,1
2026-07-23 04:47:37,0.2746783753091332,0.0,0.0,0.0,0.0,0.0,0.0,shipping,1
2026-07-23 04:52:37,0.2746783753091332,0.0,0.0,0.0,0.0,0.0,0.0,shipping,1
2026-07-23 04:57:37,0.2746783753091332,0.0,0.0,0.0,0.0,0.0,0.0,shipping,1
2026-07-23 05:02:37,0.2746783753091332,0.0,0.0,0.0,0.0,0.0,0.0,shipping,1
2026-07-23 05:07:37,0.2746783753091332,0.0,0.0,0.0,0.0,0.0,0.0,shipping,1
2026-07-23 05:12:37,0.2746783753091332,0.0,0.0,0.0,0.0,0.0,0.0,shipping,1
2026-07-23 05:17:37,0.2746783753091332,0.0,0.0,0.0,0.0,0.0,0.0,shipping,1
2026-07-23 05:22:37,0.2746783753091332,0.0,0.0,0.0,0.0,0.0,0.0,shipping,1
2026-07-23 05:27:37,0.2746783753091332,0.0,0.0,0.0,0.0,0.0,0.0,shipping,1
2026-07-23 05:32:37,0.2746783753091332,0.0,0.0,0.0,0.0,0.0,0.0,shipping,1
2026-07-23 05:37:37,0.2746783753091332,0.0,0.0,0.0,0.0,0.0,0.0,shipping,1
2026-07-23 05:42:37,0.2746783753091332,0.0,0.0,0.0,0.0,0.0,0.0,shipping,1
2026-07-23 05:47:37,0.2746783753091332,0.0,0.0,0.0,0.0,0.0,0.0,shipping,1
2026-07-23 05:52:37,0.2746783753091332,0.0,0.0,0.0,0.0,0.0,0.0,shipping,1
2026-07-23 05:57:37,0.2746783753091332,0.0,0.0,0.0,0.0,0.0,0.0,shipping,1
2026-07-23 06:02:37,0.2746783753091332,0.0,0.0,0.0,0.0,0.0,0.0,shipping,1
2026-07-23 06:07:37,0.2746783753091332,0.0,0.0,0.0,0.0,0.0,0.0,shipping,1
2026-07-23 06:12:37,0.2746783753091332,0.0,0.0,0.0,0.0,0.0,0.0,shipping,1
2026-07-23 06:17:37,0.2746783753091332,0.0,0.0,0.0,0.0,0.0,0.0,shipping,1
2026-07-23 06:22:37,0.2746783753091332,0.0,0.0,0.0,0.0,0.0,0.0,shipping,1
2026-07-23 06:27:37,0.2746783753091332,0.0,0.0,0.0,0.0,0.0,0.0,shipping,1
2026-07-23 06:32:37,0.2746783753091332,0.0,0.0,0.0,0.0,0.0,0.0,shipping,1
2026-07-23 06:37:37,0.2746783753091332,0.0,0.0,0.0,0.0,0.0,0.0,shipping,1
2026-07-23 06:42:37,0.2746783753091332,0.0,0.0,0.0,0.0,0.0,0.0,shipping,1
2026-07-23 06:47:37,0.2746783753091332,0.0,0.0,0.0,0.0,0.0,0.0,shipping,1
2026-07-23 06:52:37,0.2746783753091332,0.0,0.0,0.0,0.0,0.0,0.0,shipping,1
2026-07-23 06:57:37,0.2746783753091332,0.0,0.0,0.0,0.0,0.0,0.0,shipping,1
2026-07-23 07:02:37,0.2746783753091332,0.0,0.0,0.0,0.0,0.0,0.0,shipping,1
2026-07-23 07:07:37,0.2746783753091332,0.0,0.0,0.0,0.0,0.0,0.0,shipping,1
2026-07-23 07:12:37,0.2746783753091332,0.0,0.0,0.0,0.0,0.0,0.0,shipping,1
2026-07-23 07:17:37,0.2746783753091332,0.0,0.0,0.0,0.0,0.0,0.0,shipping,1
2026-07-23 07:22:37,0.2746783753091332,0.0,0.0,0.0,0.0,0.0,0.0,shipping,1
2026-07-23 07:27:37,0.2746783753091332,0.0,0.0,0.0,0.0,0.0,0.0,shipping,1
2026-07-23 07:32:37,0.2746783753091332,0.0,0.0,0.0,0.0,0.0,0.0,shipping,1
2026-07-23 07:37:37,0.2746783753091332,0.0,0.0,0.0,0.0,0.0,0.0,shipping,1
2026-07-23 07:42:37,0.2746783753091332,0.0,0.0,0.0,0.0,0.0,0.0,shipping,1
2026-07-23 07:47:37,0.2746783753091332,0.0,0.0,0.0,0.0,0.0,0.0,shipping,1
2026-07-23 07:52:37,0.2746783753091332,0.0,0.0,0.0,0.0,0.0,0.0,shipping,1
2026-07-23 07:57:37,0.2746783753091332,0.0,0.0,0.0,0.0,0.0,0.0,shipping,1
2026-07-23 08:02:37,0.2746783753091332,0.0,0.0,0.0,0.0,0.0,0.0,shipping,1
2026-07-23 08:07:37,0.2746783753091332,0.0,0.0,0.0,0.0,0.0,0.0,shipping,1
2026-07-23 08:12:37,0.2746783753091332,0.0,0.0,0.0,0.0,0.0,0.0,shipping,1
2026-07-23 08:17:37,0.2746783753091332,0.0,0.0,0.0,0.0,0.0,0.0,shipping,1
2026-07-23 08:22:37,0.2746783753091332,0.0,0.0,0.0,0.0,0.0,0.0,shipping,1
2026-07-23 08:27:37,0.2746783753091332,0.0,0.0,0.0,0.0,0.0,0.0,shipping,1
2026-07-23 08:32:37,0.2746783753091332,0.0,0.0,0.0,0.0,0.0,0.0,shipping,1
2026-07-23 08:37:37,0.2746783753091332,0.0,0.0,0.0,0.0,0.0,0.0,shipping,1
2026-07-23 08:42:37,0.2746783753091332,0.0,0.0,0.0,0.0,0.0,0.0,shipping,1
2026-07-23 08:47:37,0.2746783753091332,0.0,0.0,0.0,0.0,0.0,0.0,shipping,1
2026-07-23 08:52:37,0.2746783753091332,0.0,0.0,0.0,0.0,0.0,0.0,shipping,1
2026-07-23 08:57:37,0.2746783753091332,0.0,0.0,0.0,0.0,0.0,0.0,shipping,1
2026-07-23 09:02:37,0.2746783753091332,0.0,0.0,0.0,0.0,0.0,0.0,shipping,1
2026-07-23 09:07:37,0.2746783753091332,0.0,0.0,0.0,0.0,0.0,0.0,shipping,1
2026-07-23 09:12:37,0.2746783753091332,0.0,0.0,0.0,0.0,0.0,0.0,shipping,1
2026-07-23 09:17:37,0.2746783753091332,0.0,0.0,0.0,0.0,0.0,0.0,shipping,1
2026-07-23 09:22:37,0.2746783753091332,0.0,0.0,0.0,0.0,0.0,0.0,shipping,1
2026-07-23 09:27:37,0.2746783753091332,0.0,0.0,0.0,0.0,0.0,0.0,shipping,1
2026-07-23 09:32:37,0.2746783753091332,0.0,0.0,0.0,0.0,0.0,0.0,shipping,1
2026-07-23 09:37:37,0.2746783753091332,0.0,0.0,0.0,0.0,0.0,0.0,shipping,1
2026-07-23 09:42:37,0.2746783753091332,0.0,0.0,0.0,0.0,0.0,0.0,shipping,1
2026-07-23 09:47:37,0.2746783753091332,0.0,0.0,0.0,0.0,0.0,0.0,shipping,1
2026-07-23 09:52:37,0.2746783753091332,0.0,0.0,0.0,0.0,0.0,0.0,shipping,1
2026-07-23 09:57:37,0.2746783753091332,0.0,0.0,0.0,0.0,0.0,0.0,shipping,1
2026-07-23 10:02:37,0.2746783753091332,0.0,0.0,0.0,0.0,0.0,0.0,shipping,1
2026-07-23 10:07:37,0.2746783753091332,0.0,0.0,0.0,0.0,0.0,0.0,shipping,1
2026-07-23 10:12:37,0.2746783753091332,0.0,0.0,0.0,0.0,0.0,0.0,shipping,1
2026-07-23 10:17:37,0.2746783753091332,0.0,0.0,0.0,0.0,0.0,0.0,shipping,1
2026-07-23 10:22:37,0.2746783753091332,0.0,0.0,0.0,0.0,0.0,0.0,shipping,1
2026-07-23 10:27:37,0.2746783753091332,0.0,0.0,0.0,0.0,0.0,0.0,shipping,1
2026-07-23 10:32:37,0.2746783753091332,0.0,0.0,0.0,0.0,0.0,0.0,shipping,1
2026-07-23 10:37:37,0.2746783753091332,0.0,0.0,0.0,0.0,0.0,0.0,shipping,1
2026-07-23 10:42:37,0.2746783753091332,0.0,0.0,0.0,0.0,0.0,0.0,shipping,1
2026-07-23 10:47:37,0.2746783753091332,0.0,0.0,0.0,0.0,0.0,0.0,shipping,1
2026-07-23 10:52:37,0.2746783753091332,0.0,0.0,0.0,0.0,0.0,0.0,shipping,1
2026-07-23 10:57:37,0.2746783753091332,0.0,0.0,0.0,0.0,0.0,0.0,shipping,1
2026-07-23 11:02:37,0.2746783753091332,0.0,0.0,0.0,0.0,0.0,0.0,shipping,1
2026-07-23 11:07:37,0.2746783753091332,0.0,0.0,0.0,0.0,0.0,0.0,shipping,1
2026-07-23 11:12:37,0.2746783753091332,0.0,0.0,0.0,0.0,0.0,0.0,shipping,1
2026-07-23 11:17:37,0.2746783753091332,0.0,0.0,0.0,0.0,0.0,0.0,shipping,1
2026-07-23 11:22:37,0.2746783753091332,0.0,0.0,0.0,0.0,0.0,0.0,shipping,1
2026-07-23 11:27:37,0.2746783753091332,0.0,0.0,0.0,0.0,0.0,0.0,shipping,1
2026-07-23 11:32:37,0.2746783753091332,0.0,0.0,0.0,0.0,0.0,0.0,shipping,1
2026-07-23 11:37:37,0.2746783753091332,0.0,0.0,0.0,0.0,0.0,0.0,shipping,1
2026-07-23 11:42:37,0.2746783753091332,0.0,0.0,0.0,0.0,0.0,0.0,shipping,1
2026-07-23 11:47:37,0.2746783753091332,0.0,0.0,0.0,0.0,0.0,0.0,shipping,1
2026-07-23 11:52:37,0.2746783753091332,0.0,0.0,0.0,0.0,0.0,0.0,shipping,1
2026-07-23 11:57:37,0.2746783753091332,0.0,0.0,0.0,0.0,0.0,0.0,shipping,1
2026-07-23 12:02:37,0.2746783753091332,0.0,0.0,0.0,0.0,0.0,0.0,shipping,1
2026-07-23 12:07:37,0.2746783753091332,0.0,0.0,0.0,0.0,0.0,0.0,shipping,1
2026-07-23 12:12:37,0.2746783753091332,0.0,0.0,0.0,0.0,0.0,0.0,shipping,1
2026-07-23 12:17:37,0.2746783753091332,0.0,0.0,0.0,0.0,0.0,0.0,shipping,1
2026-07-23 12:22:37,0.2746783753091332,0.0,0.0,0.0,0.0,0.0,0.0,shipping,1
2026-07-23 12:27:37,0.2746783753091332,0.0,0.0,0.0,0.0,0.0,0.0,shipping,1
2026-07-23 12:32:37,0.2746783753091332,0.0,0.0,0.0,0.0,0.0,0.0,shipping,1
2026-07-23 12:37:37,0.2746783753091332,0.0,0.0,0.0,0.0,0.0,0.0,shipping,1
2026-07-23 12:42:37,0.2746783753091332,0.0,0.0,0.0,0.0,0.0,0.0,shipping,1
2026-07-23 12:47:37,0.2746783753091332,0.0,0.0,0.0,0.0,0.0,0.0,shipping,1
2026-07-23 12:52:37,0.2746783753091332,0.0,0.0,0.0,0.0,0.0,0.0,shipping,1
2026-07-23 12:57:37,0.2746783753091332,0.0,0.0,0.0,0.0,0.0,0.0,shipping,1
2026-07-23 13:02:37,0.2746783753091332,0.0,0.0,0.0,0.0,0.0,0.0,shipping,1
2026-07-23 13:07:37,0.2746783753091332,0.0,0.0,0.0,0.0,0.0,0.0,shipping,1
2026-07-23 13:12:37,0.2746783753091332,0.0,0.0,0.0,0.0,0.0,0.0,shipping,1
2026-07-23 13:17:37,0.2746783753091332,0.0,0.0,0.0,0.0,0.0,0.0,shipping,1
2026-07-23 13:22:37,0.2746783753091332,0.0,0.0,0.0,0.0,0.0,0.0,shipping,1
2026-07-23 13:27:37,0.2746783753091332,0.0,0.0,0.0,0.0,0.0,0.0,shipping,1
2026-07-23 13:32:37,0.2746783753091332,0.0,0.0,0.0,0.0,0.0,0.0,shipping,1
2026-07-23 13:37:37,0.2746783753091332,0.0,0.0,0.0,0.0,0.0,0.0,shipping,1
2026-07-23 13:42:37,0.2746783753091332,0.0,0.0,0.0,0.0,0.0,0.0,shipping,1
2026-07-23 13:47:37,0.2746783753091332,0.0,0.0,0.0,0.0,0.0,0.0,shipping,1
2026-07-23 13:52:37,0.2746783753091332,0.0,0.0,0.0,0.0,0.0,0.0,shipping,1
2026-07-23 13:57:37,0.2746783753091332,0.0,0.0,0.0,0.0,0.0,0.0,shipping,1
2026-07-23 14:02:37,0.2746783753091332,0.0,0.0,0.0,0.0,0.0,0.0,shipping,1
2026-07-23 14:07:37,0.2746783753091332,0.0,0.0,0.0,0.0,0.0,0.0,shipping,1
2026-07-23 14:12:37,0.2746783753091332,0.0,0.0,0.0,0.0,0.0,0.0,shipping,1
2026-07-23 14:17:37,0.2746783753091332,0.0,0.0,0.0,0.0,0.0,0.0,shipping,1
2026-07-23 14:22:37,0.2746783753091332,0.0,0.0,0.0,0.0,0.0,0.0,shipping,1
2026-07-23 14:27:37,0.2746783753091332,0.0,0.0,0.0,0.0,0.0,0.0,shipping,1
2026-07-23 14:32:37,0.2746783753091332,0.0,0.0,0.0,0.0,0.0,0.0,shipping,1
2026-07-23 14:37:37,0.2746783753091332,0.0,0.0,0.0,0.0,0.0,0.0,shipping,1
2026-07-23 14:42:37,0.2746783753091332,0.0,0.0,0.0,0.0,0.0,0.0,shipping,1
2026-07-23 14:47:37,0.2746783753091332,0.0,0.0,0.0,0.0,0.0,0.0,shipping,1
2026-07-23 14:52:37,0.2746783753091332,0.0,0.0,0.0,0.0,0.0,0.0,shipping,1
2026-07-23 14:57:37,0.2746783753091332,0.0,0.0,0.0,0.0,0.0,0.0,shipping,1
2026-07-23 15:02:37,0.2746783753091332,0.0,0.0,0.0,0.0,0.0,0.0,shipping,1
2026-07-23 15:07:37,0.2746783753091332,0.0,0.0,0.0,0.0,0.0,0.0,shipping,1
2026-07-23 15:12:37,0.2746783753091332,0.0,0.0,0.0,0.0,0.0,0.0,shipping,1
2026-07-23 15:17:37,0.2746783753091332,0.0,0.0,0.0,0.0,0.0,0.0,shipping,1
2026-07-23 15:22:37,0.2746783753091332,0.0,0.0,0.0,0.0,0.0,0.0,shipping,1
2026-07-23 15:27:37,0.2746783753091332,0.0,0.0,0.0,0.0,0.0,0.0,shipping,1
2026-07-23 15:32:37,0.2746783753091332,0.0,0.0,0.0,0.0,0.0,0.0,shipping,1
2026-07-23 15:37:37,0.2746783753091332,0.0,0.0,0.0,0.0,0.0,0.0,shipping,1
2026-07-23 15:42:37,0.2746783753091332,0.0,0.0,0.0,0.0,0.0,0.0,shipping,1
2026-07-23 15:47:37,0.2746783753091332,0.0,0.0,0.0,0.0,0.0,0.0,shipping,1
2026-07-23 15:52:37,0.2746783753091332,0.0,0.0,0.0,0.0,0.0,0.0,shipping,1
2026-07-23 15:57:37,0.2746783753091332,0.0,0.0,0.0,0.0,0.0,0.0,shipping,1
2026-07-23 16:02:37,0.2746783753091332,0.0,0.0,0.0,0.0,0.0,0.0,shipping,1
2026-07-23 16:07:37,0.2746783753091332,0.0,0.0,0.0,0.0,0.0,0.0,shipping,1
2026-07-23 16:12:37,0.2746783753091332,0.0,0.0,0.0,0.0,0.0,0.0,shipping,1
2026-07-23 16:17:37,0.2746783753091332,0.0,0.0,0.0,0.0,0.0,0.0,shipping,1
2026-07-23 16:22:37,0.2746783753091332,0.0,0.0,0.0,0.0,0.0,0.0,shipping,1
2026-07-23 16:27:37,0.2746783753091332,0.0,0.0,0.0,0.0,0.0,0.0,shipping,1
2026-07-23 16:32:37,0.2746783753091332,0.0,0.0,0.0,0.0,0.0,0.0,shipping,1
2026-07-23 16:37:37,0.2746783753091332,0.0,0.0,0.0,0.0,0.0,0.0,shipping,1
2026-07-23 16:42:37,0.2746783753091332,0.0,0.0,0.0,0.0,0.0,0.0,shipping,1
2026-07-23 16:47:37,0.2746783753091332,0.0,0.0,0.0,0.0,0.0,0.0,shipping,1
2026-07-23 16:52:37,0.2746783753091332,0.0,0.0,0.0,0.0,0.0,0.0,shipping,1
2026-07-23 16:57:37,0.2746783753091332,0.0,0.0,0.0,0.0,0.0,0.0,shipping,1
2026-07-23 17:02:37,0.2746783753091332,0.0,0.0,0.0,0.0,0.0,0.0,shipping,1
2026-07-23 17:07:37,0.2746783753091332,0.0,0.0,0.0,0.0,0.0,0.0,shipping,1
2026-07-23 17:12:37,0.2746783753091332,0.0,0.0,0.0,0.0,0.0,0.0,shipping,1
2026-07-23 17:17:37,0.2746783753091332,0.0,0.0,0.0,0.0,0.0,0.0,shipping,1
2026-07-23 17:22:37,0.2746783753091332,0.0,0.0,0.0,0.0,0.0,0.0,shipping,1
2026-07-23 17:27:37,0.2746783753091332,0.0,0.0,0.0,0.0,0.0,0.0,shipping,1
2026-07-23 17:32:37,0.2746783753091332,0.0,0.0,0.0,0.0,0.0,0.0,shipping,1
2026-07-23 17:37:37,0.2746783753091332,0.0,0.0,0.0,0.0,0.0,0.0,shipping,1
2026-07-23 17:42:37,0.2746783753091332,0.0,0.0,0.0,0.0,0.0,0.0,shipping,1
2026-07-23 17:47:37,0.2746783753091332,0.0,0.0,0.0,0.0,0.0,0.0,shipping,1
2026-07-23 17:52:37,0.2746783753091332,0.0,0.0,0.0,0.0,0.0,0.0,shipping,1
2026-07-23 17:57:37,0.2746783753091332,0.0,0.0,0.0,0.0,0.0,0.0,shipping,1
2026-07-23 18:02:37,0.2746783753091332,0.0,0.0,0.0,0.0,0.0,0.0,shipping,1
2026-07-23 18:07:37,0.2746783753091332,0.0,0.0,0.0,0.0,0.0,0.0,shipping,1
2026-07-23 18:12:37,0.2746783753091332,0.0,0.0,0.0,0.0,0.0,0.0,shipping,1
2026-07-23 18:17:37,0.2746783753091332,0.0,0.0,0.0,0.0,0.0,0.0,shipping,1
2026-07-23 18:22:37,0.2746783753091332,0.0,0.0,0.0,0.0,0.0,0.0,shipping,1
2026-07-23 18:27:37,0.2746783753091332,0.0,0.0,0.0,0.0,0.0,0.0,shipping,1
2026-07-23 18:32:37,0.2746783753091332,0.0,0.0,0.0,0.0,0.0,0.0,shipping,1
2026-07-23 18:37:37,0.2746783753091332,0.0,0.0,0.0,0.0,0.0,0.0,shipping,1
2026-07-23 18:42:37,0.2746783753091332,0.0,0.0,0.0,0.0,0.0,0.0,shipping,1
2026-07-23 18:47:37,0.2746783753091332,0.0,0.0,0.0,0.0,0.0,0.0,shipping,1
2026-07-23 18:52:37,0.2746783753091332,0.0,0.0,0.0,0.0,0.0,0.0,shipping,1
2026-07-23 18:57:37,0.2746783753091332,0.0,0.0,0.0,0.0,0.0,0.0,shipping,1
2026-07-23 19:02:37,0.2746783753091332,0.0,0.0,0.0,0.0,0.0,0.0,shipping,1
2026-07-23 19:07:37,0.2746783753091332,0.0,0.0,0.0,0.0,0.0,0.0,shipping,1
2026-07-23 19:12:37,0.2746783753091332,0.0,0.0,0.0,0.0,0.0,0.0,shipping,1
2026-07-23 19:17:37,0.2746783753091332,0.0,0.0,0.0,0.0,0.0,0.0,shipping,1
2026-07-23 19:22:37,0.2746783753091332,0.0,0.0,0.0,0.0,0.0,0.0,shipping,1
2026-07-23 19:27:37,0.2746783753091332,0.0,0.0,0.0,0.0,0.0,0.0,shipping,1
2026-07-23 19:32:37,0.2746783753091332,0.0,0.0,0.0,0.0,0.0,0.0,shipping,1
2026-07-23 19:37:37,0.2746783753091332,0.0,0.0,0.0,0.0,0.0,0.0,shipping,1
2026-07-23 19:42:37,0.2746783753091332,0.0,0.0,0.0,0.0,0.0,0.0,shipping,1
2026-07-23 19:47:37,0.2746783753091332,0.0,0.0,0.0,0.0,0.0,0.0,shipping,1
2026-07-23 19:52:37,0.2746783753091332,0.0,0.0,0.0,0.0,0.0,0.0,shipping,1
2026-07-23 19:57:37,0.2746783753091332,0.0,0.0,0.0,0.0,0.0,0.0,shipping,1
2026-07-23 20:02:37,0.2746783753091332,0.0,0.0,0.0,0.0,0.0,0.0,shipping,1
2026-07-23 20:07:37,0.2746783753091332,0.0,0.0,0.0,0.0,0.0,0.0,shipping,1
2026-07-23 20:12:37,0.2746783753091332,0.0,0.0,0.0,0.0,0.0,0.0,shipping,1
2026-07-23 20:17:37,0.2746783753091332,0.0,0.0,0.0,0.0,0.0,0.0,shipping,1
2026-07-23 20:22:37,0.2746783753091332,0.0,0.0,0.0,0.0,0.0,0.0,shipping,1
2026-07-23 20:27:37,0.2746783753091332,0.0,0.0,0.0,0.0,0.0,0.0,shipping,1
2026-07-23 20:32:37,0.2746783753091332,0.0,0.0,0.0,0.0,0.0,0.0,shipping,1
2026-07-23 20:37:37,0.2746783753091332,0.0,0.0,0.0,0.0,0.0,0.0,shipping,1
2026-07-23 20:42:37,0.2746783753091332,0.0,0.0,0.0,0.0,0.0,0.0,shipping,1
2026-07-23 20:47:37,0.2746783753091332,0.0,0.0,0.0,0.0,0.0,0.0,shipping,1
2026-07-23 20:52:37,0.2746783753091332,0.0,0.0,0.0,0.0,0.0,0.0,shipping,1
2026-07-23 20:57:37,0.2746783753091332,0.0,0.0,0.0,0.0,0.0,0.0,shipping,1
2026-07-23 21:02:37,0.2746783753091332,0.0,0.0,0.0,0.0,0.0,0.0,shipping,1
2026-07-23 21:07:37,0.2746783753091332,0.0,0.0,0.0,0.0,0.0,0.0,shipping,1
2026-07-23 21:12:37,0.2746783753091332,0.0,0.0,0.0,0.0,0.0,0.0,shipping,1
2026-07-23 21:17:37,0.2746783753091332,0.0,0.0,0.0,0.0,0.0,0.0,shipping,1
2026-07-23 21:22:37,0.2746783753091332,0.0,0.0,0.0,0.0,0.0,0.0,shipping,1
2026-07-23 21:27:37,0.2746783753091332,0.0,0.0,0.0,0.0,0.0,0.0,shipping,1
2026-07-23 21:32:37,0.2746783753091332,0.0,0.0,0.0,0.0,0.0,0.0,shipping,1
2026-07-23 21:37:37,0.2746783753091332,0.0,0.0,0.0,0.0,0.0,0.0,shipping,1
2026-07-23 21:42:37,0.2746783753091332,0.0,0.0,0.0,0.0,0.0,0.0,shipping,1
2026-07-23 21:47:37,0.2746783753091332,0.0,0.0,0.0,0.0,0.0,0.0,shipping,1
2026-07-23 21:52:37,0.2746783753091332,0.0,0.0,0.0,0.0,0.0,0.0,shipping,1
2026-07-23 21:57:37,0.2746783753091332,0.0,0.0,0.0,0.0,0.0,0.0,shipping,1
2026-07-23 22:02:37,0.2746783753091332,0.0,0.0,0.0,0.0,0.0,0.0,shipping,1
2026-07-23 22:07:37,0.2746783753091332,0.0,0.0,0.0,0.0,0.0,0.0,shipping,1
2026-07-23 22:12:37,0.2746783753091332,0.0,0.0,0.0,0.0,0.0,0.0,shipping,1
2026-07-23 22:17:37,0.2746783753091332,0.0,0.0,0.0,0.0,0.0,0.0,shipping,1
2026-07-23 22:22:37,0.2746783753091332,0.0,0.0,0.0,0.0,0.0,0.0,shipping,1
2026-07-23 22:27:37,0.2746783753091332,0.0,0.0,0.0,0.0,0.0,0.0,shipping,1
2026-07-23 22:32:37,0.2746783753091332,0.0,0.0,0.0,0.0,0.0,0.0,shipping,1
2026-07-23 22:37:37,0.2746783753091332,0.0,0.0,0.0,0.0,0.0,0.0,shipping,1
2026-07-23 22:42:37,0.2746783753091332,0.0,0.0,0.0,0.0,0.0,0.0,shipping,1
2026-07-23 22:47:37,0.2746783753091332,0.0,0.0,0.0,0.0,0.0,0.0,shipping,1
2026-07-23 22:52:37,0.2746783753091332,0.0,0.0,0.0,0.0,0.0,0.0,shipping,1
2026-07-23 22:57:37,0.2746783753091332,0.0,0.0,0.0,0.0,0.0,0.0,shipping,1
2026-07-23 23:02:37,0.2746783753091332,0.0,0.0,0.0,0.0,0.0,0.0,shipping,1
2026-07-23 23:07:37,0.2746783753091332,0.0,0.0,0.0,0.0,0.0,0.0,shipping,1
2026-07-23 23:12:37,0.2746783753091332,0.0,0.0,0.0,0.0,0.0,0.0,shipping,1
2026-07-23 23:17:37,0.2746783753091332,0.0,0.0,0.0,0.0,0.0,0.0,shipping,1
2026-07-23 23:22:37,0.2746783753091332,0.0,0.0,0.0,0.0,0.0,0.0,shipping,1
2026-07-23 23:27:37,0.2746783753091332,0.0,0.0,0.0,0.0,0.0,0.0,shipping,1
2026-07-23 23:32:37,0.2746783753091332,0.0,0.0,0.0,0.0,0.0,0.0,shipping,1
2026-07-23 23:37:37,0.2746783753091332,0.0,0.0,0.0,0.0,0.0,0.0,shipping,1
2026-07-23 23:42:37,0.2746783753091332,0.0,0.0,0.0,0.0,0.0,0.0,shipping,1
2026-07-23 23:47:37,0.2746783753091332,0.0,0.0,0.0,0.0,0.0,0.0,shipping,1
2026-07-23 23:52:37,0.2746783753091332,0.0,0.0,0.0,0.0,0.0,0.0,shipping,1
2026-07-23 23:57:37,0.2746783753091332,0.0,0.0,0.0,0.0,0.0,0.0,shipping,1
2026-07-24 00:02:37,0.2746783753091332,0.0,0.0,0.0,0.0,0.0,0.0,shipping,1
2026-07-24 00:07:37,0.2746783753091332,0.0,0.0,0.0,0.0,0.0,0.0,shipping,1
2026-07-24 00:12:37,0.2746783753091332,0.0,0.0,0.0,0.0,0.0,0.0,shipping,1
2026-07-24 00:17:37,0.2746783753091332,0.0,0.0,0.0,0.0,0.0,0.0,shipping,1
2026-07-24 00:22:37,0.2746783753091332,0.0,0.0,0.0,0.0,0.0,0.0,shipping,1
2026-07-24 00:27:37,0.2746783753091332,0.0,0.0,0.0,0.0,0.0,0.0,shipping,1
2026-07-24 00:32:37,0.2746783753091332,0.0,0.0,0.0,0.0,0.0,0.0,shipping,1
2026-07-24 00:37:37,0.2746783753091332,0.0,0.0,0.0,0.0,0.0,0.0,shipping,1
2026-07-24 00:42:37,0.2746783753091332,0.0,0.0,0.0,0.0,0.0,0.0,shipping,1
2026-07-24 00:47:37,0.2746783753091332,0.0,0.0,0.0,0.0,0.0,0.0,shipping,1
2026-07-24 00:52:37,0.2746783753091332,0.0,0.0,0.0,0.0,0.0,0.0,shipping,1
2026-07-24 00:57:37,0.2746783753091332,0.0,0.0,0.0,0.0,0.0,0.0,shipping,1
2026-07-24 01:02:37,0.2746783753091332,0.0,0.0,0.0,0.0,0.0,0.0,shipping,1
2026-07-24 01:07:37,0.2746783753091332,0.0,0.0,0.0,0.0,0.0,0.0,shipping,1
2026-07-24 01:12:37,0.2746783753091332,0.0,0.0,0.0,0.0,0.0,0.0,shipping,1
2026-07-24 01:17:37,0.2746783753091332,0.0,0.0,0.0,0.0,0.0,0.0,shipping,1
2026-07-24 01:22:37,0.2746783753091332,0.0,0.0,0.0,0.0,0.0,0.0,shipping,1
2026-07-24 01:27:37,0.2746783753091332,0.0,0.0,0.0,0.0,0.0,0.0,shipping,1
2026-07-24 01:32:37,0.2746783753091332,0.0,0.0,0.0,0.0,0.0,0.0,shipping,1
2026-07-24 01:37:37,0.2746783753091332,0.0,0.0,0.0,0.0,0.0,0.0,shipping,1
2026-07-24 01:42:37,0.2746783753091332,0.0,0.0,0.0,0.0,0.0,0.0,shipping,1
2026-07-24 01:47:37,0.2746783753091332,0.0,0.0,0.0,0.0,0.0,0.0,shipping,1
2026-07-24 01:52:37,0.2746783753091332,0.0,0.0,0.0,0.0,0.0,0.0,shipping,1
2026-07-24 01:57:37,0.2746783753091332,0.0,0.0,0.0,0.0,0.0,0.0,shipping,1
2026-07-24 02:02:37,0.2746783753091332,0.0,0.0,0.0,0.0,0.0,0.0,shipping,1
2026-07-24 02:07:37,0.2746783753091332,0.0,0.0,0.0,0.0,0.0,0.0,shipping,1
2026-07-24 02:12:37,0.2746783753091332,0.0,0.0,0.0,0.0,0.0,0.0,shipping,1
2026-07-24 02:17:37,0.2746783753091332,0.0,0.0,0.0,0.0,0.0,0.0,shipping,1
2026-07-24 02:22:37,0.2746783753091332,0.0,0.0,0.0,0.0,0.0,0.0,shipping,1
2026-07-24 02:27:37,0.2746783753091332,0.0,0.0,0.0,0.0,0.0,0.0,shipping,1
2026-07-24 02:32:37,0.2746783753091332,0.0,0.0,0.0,0.0,0.0,0.0,shipping,1
2026-07-24 02:37:37,0.2746783753091332,0.0,0.0,0.0,0.0,0.0,0.0,shipping,1
2026-07-24 02:42:37,0.2746783753091332,0.0,0.0,0.0,0.0,0.0,0.0,shipping,1
2026-07-24 02:47:37,0.2746783753091332,0.0,0.0,0.0,0.0,0.0,0.0,shipping,1
2026-07-24 02:52:37,0.2746783753091332,0.0,0.0,0.0,0.0,0.0,0.0,shipping,1
2026-07-24 02:57:37,0.2746783753091332,0.0,0.0,0.0,0.0,0.0,0.0,shipping,1
2026-07-24 03:02:37,0.2746783753091332,0.0,0.0,0.0,0.0,0.0,0.0,shipping,1
2026-07-24 03:07:37,0.2746783753091332,0.0,0.0,0.0,0.0,0.0,0.0,shipping,1
2026-07-24 03:12:37,0.2746783753091332,0.0,0.0,0.0,0.0,0.0,0.0,shipping,1
2026-07-24 03:17:37,0.2746783753091332,0.0,0.0,0.0,0.0,0.0,0.0,shipping,1
2026-07-24 03:22:37,0.2746783753091332,0.0,0.0,0.0,0.0,0.0,0.0,shipping,1
2026-07-24 03:27:37,0.2746783753091332,0.0,0.0,0.0,0.0,0.0,0.0,shipping,1
2026-07-24 03:32:37,0.2746783753091332,0.0,0.0,0.0,0.0,0.0,0.0,shipping,1
2026-07-24 03:37:37,0.2746783753091332,0.0,0.0,0.0,0.0,0.0,0.0,shipping,1
2026-07-24 03:42:37,0.2746783753091332,0.0,0.0,0.0,0.0,0.0,0.0,shipping,1
2026-07-24 03:47:37,0.2746783753091332,0.0,0.0,0.0,0.0,0.0,0.0,shipping,1
2026-07-24 03:52:37,0.2746783753091332,0.0,0.0,0.0,0.0,0.0,0.0,shipping,1
2026-07-24 03:57:37,0.2746783753091332,0.0,0.0,0.0,0.0,0.0,0.0,shipping,1
2026-07-24 04:02:37,0.2746783753091332,0.0,0.0,0.0,0.0,0.0,0.0,shipping,1
2026-07-24 04:07:37,0.2746783753091332,0.0,0.0,0.0,0.0,0.0,0.0,shipping,1
2026-07-24 04:12:37,0.2746783753091332,0.0,0.0,0.0,0.0,0.0,0.0,shipping,1
2026-07-24 04:17:37,0.2746783753091332,0.0,0.0,0.0,0.0,0.0,0.0,shipping,1
2026-07-24 04:22:37,0.2746783753091332,0.0,0.0,0.0,0.0,0.0,0.0,shipping,1
2026-07-24 04:27:37,0.2746783753091332,0.0,0.0,0.0,0.0,0.0,0.0,shipping,1
2026-07-24 04:32:37,0.2746783753091332,0.0,0.0,0.0,0.0,0.0,0.0,shipping,1
2026-07-24 04:37:37,0.2746783753091332,0.0,0.0,0.0,0.0,0.0,0.0,shipping,1
2026-07-24 04:42:37,0.2746783753091332,0.0,0.0,0.0,0.0,0.0,0.0,shipping,1
2026-07-24 04:47:37,0.2746783753091332,0.0,0.0,0.0,0.0,0.0,0.0,shipping,1
2026-07-24 04:52:37,0.2746783753091332,0.0,0.0,0.0,0.0,0.0,0.0,shipping,1
2026-07-24 04:57:37,0.2746783753091332,0.0,0.0,0.0,0.0,0.0,0.0,shipping,1
2026-07-24 05:02:37,0.2746783753091332,0.0,0.0,0.0,0.0,0.0,0.0,shipping,1
2026-07-24 05:07:37,0.2746783753091332,0.0,0.0,0.0,0.0,0.0,0.0,shipping,1
2026-07-24 05:12:37,0.2746783753091332,0.0,0.0,0.0,0.0,0.0,0.0,shipping,1
2026-07-24 05:17:37,0.2746783753091332,0.0,0.0,0.0,0.0,0.0,0.0,shipping,1
2026-07-24 05:22:37,0.2746783753091332,0.0,0.0,0.0,0.0,0.0,0.0,shipping,1
2026-07-24 05:27:37,0.2746783753091332,0.0,0.0,0.0,0.0,0.0,0.0,shipping,1
2026-07-24 05:32:37,0.2746783753091332,0.0,0.0,0.0,0.0,0.0,0.0,shipping,1
2026-07-24 05:37:37,0.2746783753091332,0.0,0.0,0.0,0.0,0.0,0.0,shipping,1
2026-07-24 05:42:37,0.2746783753091332,0.0,0.0,0.0,0.0,0.0,0.0,shipping,1
2026-07-24 05:47:37,0.2746783753091332,0.0,0.0,0.0,0.0,0.0,0.0,shipping,1
2026-07-24 05:52:37,0.2746783753091332,0.0,0.0,0.0,0.0,0.0,0.0,shipping,1
2026-07-24 05:57:37,0.2746783753091332,0.0,0.0,0.0,0.0,0.0,0.0,shipping,1
2026-07-24 06:02:37,0.2746783753091332,0.0,0.0,0.0,0.0,0.0,0.0,shipping,1
2026-07-24 06:07:37,0.2746783753091332,0.0,0.0,0.0,0.0,0.0,0.0,shipping,1
2026-07-24 06:12:37,0.2746783753091332,0.0,0.0,0.0,0.0,0.0,0.0,shipping,1
2026-07-24 06:17:37,0.2746783753091332,0.0,0.0,0.0,0.0,0.0,0.0,shipping,1
2026-07-24 06:22:37,0.2746783753091332,0.0,0.0,0.0,0.0,0.0,0.0,shipping,1
2026-07-24 06:27:37,0.2746783753091332,0.0,0.0,0.0,0.0,0.0,0.0,shipping,1
2026-07-24 06:32:37,0.2746783753091332,0.0,0.0,0.0,0.0,0.0,0.0,shipping,1
2026-07-24 06:37:37,0.2746783753091332,0.0,0.0,0.0,0.0,0.0,0.0,shipping,1
2026-07-24 06:42:37,0.2746783753091332,0.0,0.0,0.0,0.0,0.0,0.0,shipping,1
2026-07-24 06:47:37,0.2746783753091332,0.0,0.0,0.0,0.0,0.0,0.0,shipping,1
2026-07-24 06:52:37,0.2746783753091332,0.0,0.0,0.0,0.0,0.0,0.0,shipping,1
2026-07-24 06:57:37,0.2746783753091332,0.0,0.0,0.0,0.0,0.0,0.0,shipping,1
2026-07-24 07:02:37,0.2746783753091332,0.0,0.0,0.0,0.0,0.0,0.0,shipping,1
2026-07-24 07:07:37,0.2746783753091332,0.0,0.0,0.0,0.0,0.0,0.0,shipping,1
2026-07-24 07:12:37,0.2746783753091332,0.0,0.0,0.0,0.0,0.0,0.0,shipping,1
2026-07-24 07:17:37,0.2746783753091332,0.0,0.0,0.0,0.0,0.0,0.0,shipping,1
2026-07-24 07:22:37,0.2746783753091332,0.0,0.0,0.0,0.0,0.0,0.0,shipping,1
2026-07-24 07:27:37,0.2746783753091332,0.0,0.0,0.0,0.0,0.0,0.0,shipping,1
2026-07-24 07:32:37,0.2746783753091332,0.0,0.0,0.0,0.0,0.0,0.0,shipping,1
2026-07-24 07:37:37,0.2746783753091332,0.0,0.0,0.0,0.0,0.0,0.0,shipping,1
2026-07-24 07:42:37,0.2746783753091332,0.0,0.0,0.0,0.0,0.0,0.0,shipping,1
2026-07-24 07:47:37,0.2746783753091332,0.0,0.0,0.0,0.0,0.0,0.0,shipping,1
2026-07-24 07:52:37,0.2746783753091332,0.0,0.0,0.0,0.0,0.0,0.0,shipping,1
2026-07-24 07:57:37,0.2746783753091332,0.0,0.0,0.0,0.0,0.0,0.0,shipping,1
2026-07-24 08:02:37,0.2746783753091332,0.0,0.0,0.0,0.0,0.0,0.0,shipping,1
2026-07-24 08:07:37,0.2746783753091332,0.0,0.0,0.0,0.0,0.0,0.0,shipping,1
2026-07-24 08:12:37,0.2746783753091332,0.0,0.0,0.0,0.0,0.0,0.0,shipping,1
2026-07-24 08:17:37,0.2746783753091332,0.0,0.0,0.0,0.0,0.0,0.0,shipping,1
2026-07-24 08:22:37,0.2746783753091332,0.0,0.0,0.0,0.0,0.0,0.0,shipping,1
2026-07-24 08:27:37,0.2746783753091332,0.0,0.0,0.0,0.0,0.0,0.0,shipping,1
2026-07-24 08:32:37,0.2746783753091332,0.0,0.0,0.0,0.0,0.0,0.0,shipping,1
2026-07-24 08:37:37,0.2746783753091332,0.0,0.0,0.0,0.0,0.0,0.0,shipping,1
2026-07-24 08:42:37,0.2746783753091332,0.0,0.0,0.0,0.0,0.0,0.0,shipping,1
2026-07-24 08:47:37,0.2746783753091332,0.0,0.0,0.0,0.0,0.0,0.0,shipping,1
2026-07-24 08:52:37,0.2746783753091332,0.0,0.0,0.0,0.0,0.0,0.0,shipping,1
2026-07-24 08:57:37,0.2746783753091332,0.0,0.0,0.0,0.0,0.0,0.0,shipping,1
2026-07-24 09:02:37,0.2746783753091332,0.0,0.0,0.0,0.0,0.0,0.0,shipping,1
2026-07-24 09:07:37,0.2746783753091332,0.0,0.0,0.0,0.0,0.0,0.0,shipping,1
2026-07-24 09:12:37,0.2746783753091332,0.0,0.0,0.0,0.0,0.0,0.0,shipping,1
2026-07-24 09:17:37,0.2746783753091332,0.0,0.0,0.0,0.0,0.0,0.0,shipping,1
2026-07-24 09:22:37,0.2746783753091332,0.0,0.0,0.0,0.0,0.0,0.0,shipping,1
2026-07-24 09:27:37,0.2746783753091332,0.0,0.0,0.0,0.0,0.0,0.0,shipping,1
2026-07-24 09:32:37,0.2746783753091332,0.0,0.0,0.0,0.0,0.0,0.0,shipping,1
2026-07-24 09:37:37,0.2746783753091332,0.0,0.0,0.0,0.0,0.0,0.0,shipping,1
2026-07-24 09:42:37,0.2746783753091332,0.0,0.0,0.0,0.0,0.0,0.0,shipping,1
2026-07-24 09:47:37,0.2746783753091332,0.0,0.0,0.0,0.0,0.0,0.0,shipping,1
2026-07-24 09:52:37,0.2746783753091332,0.0,0.0,0.0,0.0,0.0,0.0,shipping,1
2026-07-24 09:57:37,0.2746783753091332,0.0,0.0,0.0,0.0,0.0,0.0,shipping,1
2026-07-24 10:02:37,0.2746783753091332,0.0,0.0,0.0,0.0,0.0,0.0,shipping,1
2026-07-24 10:07:37,0.2746783753091332,0.0,0.0,0.0,0.0,0.0,0.0,shipping,1
2026-07-24 10:12:37,0.2746783753091332,0.0,0.0,0.0,0.0,0.0,0.0,shipping,1
2026-07-24 10:17:37,0.2746783753091332,0.0,0.0,0.0,0.0,0.0,0.0,shipping,1
2026-07-24 10:22:37,0.2746783753091332,0.0,0.0,0.0,0.0,0.0,0.0,shipping,1
2026-07-24 10:27:37,0.2746783753091332,0.0,0.0,0.0,0.0,0.0,0.0,shipping,1
2026-07-24 10:32:37,0.2746783753091332,0.0,0.0,0.0,0.0,0.0,0.0,shipping,1
2026-07-24 10:37:37,0.2746783753091332,0.0,0.0,0.0,0.0,0.0,0.0,shipping,1
2026-07-24 10:42:37,0.2746783753091332,0.0,0.0,0.0,0.0,0.0,0.0,shipping,1
2026-07-24 10:47:37,0.2746783753091332,0.0,0.0,0.0,0.0,0.0,0.0,shipping,1
2026-07-24 10:52:37,0.2746783753091332,0.0,0.0,0.0,0.0,0.0,0.0,shipping,1
2026-07-24 10:57:37,0.2746783753091332,0.0,0.0,0.0,0.0,0.0,0.0,shipping,1
2026-07-24 11:02:37,0.2746783753091332,0.0,0.0,0.0,0.0,0.0,0.0,shipping,1
2026-07-24 11:07:37,0.2746783753091332,0.0,0.0,0.0,0.0,0.0,0.0,shipping,1
2026-07-24 11:12:37,0.2746783753091332,0.0,0.0,0.0,0.0,0.0,0.0,shipping,1
2026-07-24 11:17:37,0.2746783753091332,0.0,0.0,0.0,0.0,0.0,0.0,shipping,1
2026-07-24 11:22:37,0.2746783753091332,0.0,0.0,0.0,0.0,0.0,0.0,shipping,1
2026-07-24 11:27:37,0.2746783753091332,0.0,0.0,0.0,0.0,0.0,0.0,shipping,1
2026-07-24 11:32:37,0.2746783753091332,0.0,0.0,0.0,0.0,0.0,0.0,shipping,1
2026-07-24 11:37:37,0.2746783753091332,0.0,0.0,0.0,0.0,0.0,0.0,shipping,1
2026-07-24 11:42:37,0.2746783753091332,0.0,0.0,0.0,0.0,0.0,0.0,shipping,1
2026-07-24 11:47:37,0.2746783753091332,0.0,0.0,0.0,0.0,0.0,0.0,shipping,1
2026-07-24 11:52:37,0.2746783753091332,0.0,0.0,0.0,0.0,0.0,0.0,shipping,1
2026-07-24 11:57:37,0.2746783753091332,0.0,0.0,0.0,0.0,0.0,0.0,shipping,1
2026-07-24 12:02:37,0.2746783753091332,0.0,0.0,0.0,0.0,0.0,0.0,shipping,1
2026-07-24 12:07:37,0.2746783753091332,0.0,0.0,0.0,0.0,0.0,0.0,shipping,1
2026-07-24 12:12:37,0.2746783753091332,0.0,0.0,0.0,0.0,0.0,0.0,shipping,1
2026-07-24 12:17:37,0.2746783753091332,0.0,0.0,0.0,0.0,0.0,0.0,shipping,1
2026-07-24 12:22:37,0.2746783753091332,0.0,0.0,0.0,0.0,0.0,0.0,shipping,1
2026-07-24 12:27:37,0.2746783753091332,0.0,0.0,0.0,0.0,0.0,0.0,shipping,1
2026-07-24 12:32:37,0.2746783753091332,0.0,0.0,0.0,0.0,0.0,0.0,shipping,1
2026-07-24 12:37:37,0.2746783753091332,0.0,0.0,0.0,0.0,0.0,0.0,shipping,1
2026-07-24 12:42:37,0.2746783753091332,0.0,0.0,0.0,0.0,0.0,0.0,shipping,1
2026-07-24 12:47:37,0.2746783753091332,0.0,0.0,0.0,0.0,0.0,0.0,shipping,1
2026-07-24 12:52:37,0.2746783753091332,0.0,0.0,0.0,0.0,0.0,0.0,shipping,1
2026-07-24 12:57:37,0.2746783753091332,0.0,0.0,0.0,0.0,0.0,0.0,shipping,1
2026-07-24 13:02:37,0.2746783753091332,0.0,0.0,0.0,0.0,0.0,0.0,shipping,1
2026-07-24 13:07:37,0.2746783753091332,0.0,0.0,0.0,0.0,0.0,0.0,shipping,1
2026-07-24 13:12:37,0.2746783753091332,0.0,0.0,0.0,0.0,0.0,0.0,shipping,1
2026-07-24 13:17:37,0.2746783753091332,0.0,0.0,0.0,0.0,0.0,0.0,shipping,1
2026-07-24 13:22:37,0.2746783753091332,0.0,0.0,0.0,0.0,0.0,0.0,shipping,1
2026-07-24 13:27:37,0.2746783753091332,0.0,0.0,0.0,0.0,0.0,0.0,shipping,1
2026-07-24 13:32:37,0.2746783753091332,0.0,0.0,0.0,0.0,0.0,0.0,shipping,1
2026-07-24 13:37:37,0.2746783753091332,0.0,0.0,0.0,0.0,0.0,0.0,shipping,1
2026-07-24 13:42:37,0.2746783753091332,0.0,0.0,0.0,0.0,0.0,0.0,shipping,1
2026-07-24 13:47:37,0.2746783753091332,0.0,0.0,0.0,0.0,0.0,0.0,shipping,1
2026-07-24 13:52:37,0.2746783753091332,0.0,0.0,0.0,0.0,0.0,0.0,shipping,1
2026-07-24 13:57:37,0.2746783753091332,0.0,0.0,0.0,0.0,0.0,0.0,shipping,1
2026-07-24 14:02:37,0.2746783753091332,0.0,0.0,0.0,0.0,0.0,0.0,shipping,1
2026-07-24 14:07:37,0.2746783753091332,0.0,0.0,0.0,0.0,0.0,0.0,shipping,1
2026-07-24 14:12:37,0.2746783753091332,0.0,0.0,0.0,0.0,0.0,0.0,shipping,1
2026-07-24 14:17:37,0.2746783753091332,0.0,0.0,0.0,0.0,0.0,0.0,shipping,1
2026-07-24 14:22:37,0.2746783753091332,0.0,0.0,0.0,0.0,0.0,0.0,shipping,1
2026-07-24 14:27:37,0.2746783753091332,0.0,0.0,0.0,0.0,0.0,0.0,shipping,1
2026-07-24 14:32:37,0.2746783753091332,0.0,0.0,0.0,0.0,0.0,0.0,shipping,1
2026-07-24 14:37:37,0.2746783753091332,0.0,0.0,0.0,0.0,0.0,0.0,shipping,1
2026-07-24 14:42:37,0.2746783753091332,0.0,0.0,0.0,0.0,0.0,0.0,shipping,1
2026-07-24 14:47:37,0.2746783753091332,0.0,0.0,0.0,0.0,0.0,0.0,shipping,1
2026-07-24 14:52:37,0.2746783753091332,0.0,0.0,0.0,0.0,0.0,0.0,shipping,1
2026-07-24 14:57:37,0.2746783753091332,0.0,0.0,0.0,0.0,0.0,0.0,shipping,1
2026-07-24 15:02:37,0.2746783753091332,0.0,0.0,0.0,0.0,0.0,0.0,shipping,1
2026-07-24 15:07:37,0.2746783753091332,0.0,0.0,0.0,0.0,0.0,0.0,shipping,1
2026-07-24 15:12:37,0.2746783753091332,0.0,0.0,0.0,0.0,0.0,0.0,shipping,1
2026-07-24 15:17:37,0.2746783753091332,0.0,0.0,0.0,0.0,0.0,0.0,shipping,1
2026-07-24 15:22:37,0.2746783753091332,0.0,0.0,0.0,0.0,0.0,0.0,shipping,1
2026-07-24 15:27:37,0.2746783753091332,0.0,0.0,0.0,0.0,0.0,0.0,shipping,1
2026-07-24 15:32:37,0.2746783753091332,0.0,0.0,0.0,0.0,0.0,0.0,shipping,1
2026-07-24 15:37:37,0.2746783753091332,0.0,0.0,0.0,0.0,0.0,0.0,shipping,1
2026-07-24 15:42:37,0.2746783753091332,0.0,0.0,0.0,0.0,0.0,0.0,shipping,1
2026-07-24 15:47:37,0.2746783753091332,0.0,0.0,0.0,0.0,0.0,0.0,shipping,1
2026-07-24 15:52:37,0.2746783753091332,0.0,0.0,0.0,0.0,0.0,0.0,shipping,1
2026-07-24 15:57:37,0.2746783753091332,0.0,0.0,0.0,0.0,0.0,0.0,shipping,1
2026-07-24 16:02:37,0.2746783753091332,0.0,0.0,0.0,0.0,0.0,0.0,shipping,1
2026-07-24 16:07:37,0.2746783753091332,0.0,0.0,0.0,0.0,0.0,0.0,shipping,1
2026-07-24 16:12:37,0.2746783753091332,0.0,0.0,0.0,0.0,0.0,0.0,shipping,1
2026-07-24 16:17:37,0.2746783753091332,0.0,0.0,0.0,0.0,0.0,0.0,shipping,1
2026-07-24 16:22:37,0.2746783753091332,0.0,0.0,0.0,0.0,0.0,0.0,shipping,1
2026-07-24 16:27:37,0.2746783753091332,0.0,0.0,0.0,0.0,0.0,0.0,shipping,1
2026-07-24 16:32:37,0.2746783753091332,0.0,0.0,0.0,0.0,0.0,0.0,shipping,1
2026-07-24 16:37:37,0.2746783753091332,0.0,0.0,0.0,0.0,0.0,0.0,shipping,1
2026-07-24 16:42:37,0.2746783753091332,0.0,0.0,0.0,0.0,0.0,0.0,shipping,1
2026-07-24 16:47:37,0.2746783753091332,0.0,0.0,0.0,0.0,0.0,0.0,shipping,1
2026-07-24 16:52:37,0.2746783753091332,0.0,0.0,0.0,0.0,0.0,0.0,shipping,1
2026-07-24 16:57:37,0.2746783753091332,0.0,0.0,0.0,0.0,0.0,0.0,shipping,1
2026-07-24 17:02:37,0.2746783753091332,0.0,0.0,0.0,0.0,0.0,0.0,shipping,1
2026-07-24 17:07:37,0.2746783753091332,0.0,0.0,0.0,0.0,0.0,0.0,shipping,1
2026-07-24 17:12:37,0.2746783753091332,0.0,0.0,0.0,0.0,0.0,0.0,shipping,1
2026-07-24 17:17:37,0.2746783753091332,0.0,0.0,0.0,0.0,0.0,0.0,shipping,1
2026-07-24 17:22:37,0.2746783753091332,0.0,0.0,0.0,0.0,0.0,0.0,shipping,1
2026-07-24 17:27:37,0.2746783753091332,0.0,0.0,0.0,0.0,0.0,0.0,shipping,1
2026-07-24 17:32:37,0.2746783753091332,0.0,0.0,0.0,0.0,0.0,0.0,shipping,1
2026-07-24 17:37:37,0.2746783753091332,0.0,0.0,0.0,0.0,0.0,0.0,shipping,1
2026-07-24 17:42:37,0.2746783753091332,0.0,0.0,0.0,0.0,0.0,0.0,shipping,1
2026-07-24 17:47:37,0.2746783753091332,0.0,0.0,0.0,0.0,0.0,0.0,shipping,1
2026-07-24 17:52:37,0.2746783753091332,0.0,0.0,0.0,0.0,0.0,0.0,shipping,1
2026-07-24 17:57:37,0.2746783753091332,0.0,0.0,0.0,0.0,0.0,0.0,shipping,1
2026-07-24 18:02:37,0.2746783753091332,0.0,0.0,0.0,0.0,0.0,0.0,shipping,1
2026-07-24 18:07:37,0.2746783753091332,0.0,0.0,0.0,0.0,0.0,0.0,shipping,1
2026-07-24 18:12:37,0.2746783753091332,0.0,0.0,0.0,0.0,0.0,0.0,shipping,1
2026-07-24 18:17:37,0.2746783753091332,0.0,0.0,0.0,0.0,0.0,0.0,shipping,1
2026-07-24 18:22:37,0.2746783753091332,0.0,0.0,0.0,0.0,0.0,0.0,shipping,1
2026-07-24 18:27:37,0.2746783753091332,0.0,0.0,0.0,0.0,0.0,0.0,shipping,1
2026-07-24 18:32:37,0.2746783753091332,0.0,0.0,0.0,0.0,0.0,0.0,shipping,1
2026-07-24 18:37:37,0.2746783753091332,0.0,0.0,0.0,0.0,0.0,0.0,shipping,1
2026-07-24 18:42:37,0.2746783753091332,0.0,0.0,0.0,0.0,0.0,0.0,shipping,1
2026-07-24 18:47:37,0.2746783753091332,0.0,0.0,0.0,0.0,0.0,0.0,shipping,1
2026-07-24 18:52:37,0.2746783753091332,0.0,0.0,0.0,0.0,0.0,0.0,shipping,1
2026-07-24 18:57:37,0.2746783753091332,0.0,0.0,0.0,0.0,0.0,0.0,shipping,1
2026-07-24 19:02:37,0.2746783753091332,0.0,0.0,0.0,0.0,0.0,0.0,shipping,1
2026-07-24 19:07:37,0.2746783753091332,0.0,0.0,0.0,0.0,0.0,0.0,shipping,1
2026-07-24 19:12:37,0.2746783753091332,0.0,0.0,0.0,0.0,0.0,0.0,shipping,1
2026-07-24 19:17:37,0.2746783753091332,0.0,0.0,0.0,0.0,0.0,0.0,shipping,1
2026-07-24 19:22:37,0.2746783753091332,0.0,0.0,0.0,0.0,0.0,0.0,shipping,1
2026-07-24 19:27:37,0.2746783753091332,0.0,0.0,0.0,0.0,0.0,0.0,shipping,1
2026-07-24 19:32:37,0.2746783753091332,0.0,0.0,0.0,0.0,0.0,0.0,shipping,1
2026-07-24 19:37:37,0.2746783753091332,0.0,0.0,0.0,0.0,0.0,0.0,shipping,1
2026-07-24 19:42:37,0.2746783753091332,0.0,0.0,0.0,0.0,0.0,0.0,shipping,1
2026-07-24 19:47:37,0.2746783753091332,0.0,0.0,0.0,0.0,0.0,0.0,shipping,1
2026-07-24 19:52:37,0.2746783753091332,0.0,0.0,0.0,0.0,0.0,0.0,shipping,1
2026-07-24 19:57:37,0.2746783753091332,0.0,0.0,0.0,0.0,0.0,0.0,shipping,1
2026-07-24 20:02:37,0.2746783753091332,0.0,0.0,0.0,0.0,0.0,0.0,shipping,1
2026-07-24 20:07:37,0.2746783753091332,0.0,0.0,0.0,0.0,0.0,0.0,shipping,1
2026-07-24 20:12:37,0.2746783753091332,0.0,0.0,0.0,0.0,0.0,0.0,shipping,1
2026-07-24 20:17:37,0.2746783753091332,0.0,0.0,0.0,0.0,0.0,0.0,shipping,1
2026-07-24 20:22:37,0.2746783753091332,0.0,0.0,0.0,0.0,0.0,0.0,shipping,1
2026-07-24 20:27:37,0.2746783753091332,0.0,0.0,0.0,0.0,0.0,0.0,shipping,1
2026-07-24 20:32:37,0.2746783753091332,0.0,0.0,0.0,0.0,0.0,0.0,shipping,1
2026-07-24 20:37:37,0.2746783753091332,0.0,0.0,0.0,0.0,0.0,0.0,shipping,1
2026-07-24 20:42:37,0.2746783753091332,0.0,0.0,0.0,0.0,0.0,0.0,shipping,1
2026-07-24 20:47:37,0.2746783753091332,0.0,0.0,0.0,0.0,0.0,0.0,shipping,1
2026-07-24 20:52:37,0.2746783753091332,0.0,0.0,0.0,0.0,0.0,0.0,shipping,1
2026-07-24 20:57:37,0.2746783753091332,0.0,0.0,0.0,0.0,0.0,0.0,shipping,1
2026-07-24 21:02:37,0.2746783753091332,0.0,0.0,0.0,0.0,0.0,0.0,shipping,1
2026-07-24 21:07:37,0.2746783753091332,0.0,0.0,0.0,0.0,0.0,0.0,shipping,1
2026-07-24 21:12:37,0.2746783753091332,0.0,0.0,0.0,0.0,0.0,0.0,shipping,1
2026-07-24 21:17:37,0.2746783753091332,0.0,0.0,0.0,0.0,0.0,0.0,shipping,1
2026-07-24 21:22:37,0.2746783753091332,0.0,0.0,0.0,0.0,0.0,0.0,shipping,1
2026-07-24 21:27:37,0.2746783753091332,0.0,0.0,0.0,0.0,0.0,0.0,shipping,1
2026-07-24 21:32:37,0.2746783753091332,0.0,0.0,0.0,0.0,0.0,0.0,shipping,1
2026-07-24 21:37:37,0.2746783753091332,0.0,0.0,0.0,0.0,0.0,0.0,shipping,1
2026-07-24 21:42:37,0.2746783753091332,0.0,0.0,0.0,0.0,0.0,0.0,shipping,1
2026-07-24 21:47:37,0.2746783753091332,0.0,0.0,0.0,0.0,0.0,0.0,shipping,1
2026-07-24 21:52:37,0.2746783753091332,0.0,0.0,0.0,0.0,0.0,0.0,shipping,1
2026-07-24 21:57:37,0.2746783753091332,0.0,0.0,0.0,0.0,0.0,0.0,shipping,1
2026-07-24 22:02:37,0.2746783753091332,0.0,0.0,0.0,0.0,0.0,0.0,shipping,1
2026-07-24 22:07:37,0.2746783753091332,0.0,0.0,0.0,0.0,0.0,0.0,shipping,1
2026-07-24 22:12:37,0.2746783753091332,0.0,0.0,0.0,0.0,0.0,0.0,shipping,1
2026-07-24 22:17:37,0.2746783753091332,0.0,0.0,0.0,0.0,0.0,0.0,shipping,1
2026-07-24 22:22:37,0.2746783753091332,0.0,0.0,0.0,0.0,0.0,0.0,shipping,1
2026-07-24 22:27:37,0.2746783753091332,0.0,0.0,0.0,0.0,0.0,0.0,shipping,1
2026-07-24 22:32:37,0.2746783753091332,0.0,0.0,0.0,0.0,0.0,0.0,shipping,1
2026-07-24 22:37:37,0.2746783753091332,0.0,0.0,0.0,0.0,0.0,0.0,shipping,1
2026-07-24 22:42:37,0.2746783753091332,0.0,0.0,0.0,0.0,0.0,0.0,shipping,1
2026-07-24 22:47:37,0.2746783753091332,0.0,0.0,0.0,0.0,0.0,0.0,shipping,1
2026-07-24 22:52:37,0.2746783753091332,0.0,0.0,0.0,0.0,0.0,0.0,shipping,1
2026-07-24 22:57:37,0.2746783753091332,0.0,0.0,0.0,0.0,0.0,0.0,shipping,1
2026-07-24 23:02:37,0.2746783753091332,0.0,0.0,0.0,0.0,0.0,0.0,shipping,1
2026-07-24 23:07:37,0.2746783753091332,0.0,0.0,0.0,0.0,0.0,0.0,shipping,1
2026-07-24 23:12:37,0.2746783753091332,0.0,0.0,0.0,0.0,0.0,0.0,shipping,1
2026-07-24 23:17:37,0.2746783753091332,0.0,0.0,0.0,0.0,0.0,0.0,shipping,1
2026-07-24 23:22:37,0.2746783753091332,0.0,0.0,0.0,0.0,0.0,0.0,shipping,1
2026-07-24 23:27:37,0.2746783753091332,0.0,0.0,0.0,0.0,0.0,0.0,shipping,1
2026-07-24 23:32:37,0.2746783753091332,0.0,0.0,0.0,0.0,0.0,0.0,shipping,1
2026-07-24 23:37:37,0.2746783753091332,0.0,0.0,0.0,0.0,0.0,0.0,shipping,1
2026-07-24 23:42:37,0.2746783753091332,0.0,0.0,0.0,0.0,0.0,0.0,shipping,1
2026-07-24 23:47:37,0.2746783753091332,0.0,0.0,0.0,0.0,0.0,0.0,shipping,1
2026-07-24 23:52:37,0.2746783753091332,0.0,0.0,0.0,0.0,0.0,0.0,shipping,1
2026-07-24 23:57:37,0.2746783753091332,0.0,0.0,0.0,0.0,0.0,0.0,shipping,1
2026-07-25 00:02:37,0.2746783753091332,0.0,0.0,0.0,0.0,0.0,0.0,shipping,1
2026-07-25 00:07:37,0.2746783753091332,0.0,0.0,0.0,0.0,0.0,0.0,shipping,1
2026-07-25 00:12:37,0.2746783753091332,0.0,0.0,0.0,0.0,0.0,0.0,shipping,1
2026-07-25 00:17:37,0.2746783753091332,0.0,0.0,0.0,0.0,0.0,0.0,shipping,1
2026-07-25 00:22:37,0.2746783753091332,0.0,0.0,0.0,0.0,0.0,0.0,shipping,1
2026-07-25 00:27:37,0.2746783753091332,0.0,0.0,0.0,0.0,0.0,0.0,shipping,1
2026-07-25 00:32:37,0.2746783753091332,0.0,0.0,0.0,0.0,0.0,0.0,shipping,1
2026-07-25 00:37:37,0.2746783753091332,0.0,0.0,0.0,0.0,0.0,0.0,shipping,1
2026-07-25 00:42:37,0.2746783753091332,0.0,0.0,0.0,0.0,0.0,0.0,shipping,1
2026-07-25 00:47:37,0.2746783753091332,0.0,0.0,0.0,0.0,0.0,0.0,shipping,1
2026-07-25 00:52:37,0.2746783753091332,0.0,0.0,0.0,0.0,0.0,0.0,shipping,1
2026-07-25 00:57:37,0.2746783753091332,0.0,0.0,0.0,0.0,0.0,0.0,shipping,1
2026-07-25 01:02:37,0.2746783753091332,0.0,0.0,0.0,0.0,0.0,0.0,shipping,1
2026-07-25 01:07:37,0.2746783753091332,0.0,0.0,0.0,0.0,0.0,0.0,shipping,1
2026-07-25 01:12:37,0.2746783753091332,0.0,0.0,0.0,0.0,0.0,0.0,shipping,1
2026-07-25 01:17:37,0.2746783753091332,0.0,0.0,0.0,0.0,0.0,0.0,shipping,1
2026-07-25 01:22:37,0.2746783753091332,0.0,0.0,0.0,0.0,0.0,0.0,shipping,1
2026-07-25 01:27:37,0.2746783753091332,0.0,0.0,0.0,0.0,0.0,0.0,shipping,1
2026-07-25 01:32:37,0.2746783753091332,0.0,0.0,0.0,0.0,0.0,0.0,shipping,1
2026-07-25 01:37:37,0.2746783753091332,0.0,0.0,0.0,0.0,0.0,0.0,shipping,1
2026-07-25 01:42:37,0.2746783753091332,0.0,0.0,0.0,0.0,0.0,0.0,shipping,1
2026-07-25 01:47:37,0.2746783753091332,0.0,0.0,0.0,0.0,0.0,0.0,shipping,1
2026-07-25 01:52:37,0.2746783753091332,0.0,0.0,0.0,0.0,0.0,0.0,shipping,1
2026-07-25 01:57:37,0.2746783753091332,0.0,0.0,0.0,0.0,0.0,0.0,shipping,1
2026-07-25 02:02:37,0.2746783753091332,0.0,0.0,0.0,0.0,0.0,0.0,shipping,1
2026-07-25 02:07:37,0.2746783753091332,0.0,0.0,0.0,0.0,0.0,0.0,shipping,1
2026-07-25 02:12:37,0.2746783753091332,0.0,0.0,0.0,0.0,0.0,0.0,shipping,1
2026-07-25 02:17:37,0.2746783753091332,0.0,0.0,0.0,0.0,0.0,0.0,shipping,1
2026-07-25 02:22:37,0.2746783753091332,0.0,0.0,0.0,0.0,0.0,0.0,shipping,1
2026-07-25 02:27:37,0.2746783753091332,0.0,0.0,0.0,0.0,0.0,0.0,shipping,1
2026-07-25 02:32:37,0.2746783753091332,0.0,0.0,0.0,0.0,0.0,0.0,shipping,1
2026-07-25 02:37:37,0.2746783753091332,0.0,0.0,0.0,0.0,0.0,0.0,shipping,1
2026-07-25 02:42:37,0.2746783753091332,0.0,0.0,0.0,0.0,0.0,0.0,shipping,1
2026-07-25 02:47:37,0.2746783753091332,0.0,0.0,0.0,0.0,0.0,0.0,shipping,1
2026-07-25 02:52:37,0.2746783753091332,0.0,0.0,0.0,0.0,0.0,0.0,shipping,1
2026-07-25 02:57:37,0.2746783753091332,0.0,0.0,0.0,0.0,0.0,0.0,shipping,1
2026-07-25 03:02:37,0.2746783753091332,0.0,0.0,0.0,0.0,0.0,0.0,shipping,1
2026-07-25 03:07:37,0.2746783753091332,0.0,0.0,0.0,0.0,0.0,0.0,shipping,1
2026-07-25 03:12:37,0.2746783753091332,0.0,0.0,0.0,0.0,0.0,0.0,shipping,1
2026-07-25 03:17:37,0.2746783753091332,0.0,0.0,0.0,0.0,0.0,0.0,shipping,1
2026-07-25 03:22:37,0.2746783753091332,0.0,0.0,0.0,0.0,0.0,0.0,shipping,1
2026-07-25 03:27:37,0.2746783753091332,0.0,0.0,0.0,0.0,0.0,0.0,shipping,1
2026-07-25 03:32:37,0.2746783753091332,0.0,0.0,0.0,0.0,0.0,0.0,shipping,1
2026-07-25 03:37:37,0.2746783753091332,0.0,0.0,0.0,0.0,0.0,0.0,shipping,1
2026-07-25 03:42:37,0.2746783753091332,0.0,0.0,0.0,0.0,0.0,0.0,shipping,1
2026-07-25 03:47:37,0.2746783753091332,0.0,0.0,0.0,0.0,0.0,0.0,shipping,1
2026-07-25 03:52:37,0.2746783753091332,0.0,0.0,0.0,0.0,0.0,0.0,shipping,1
2026-07-25 03:57:37,0.2746783753091332,0.0,0.0,0.0,0.0,0.0,0.0,shipping,1
2026-07-25 04:02:37,0.2746783753091332,0.0,0.0,0.0,0.0,0.0,0.0,shipping,1
2026-07-25 04:07:37,0.2746783753091332,0.0,0.0,0.0,0.0,0.0,0.0,shipping,1
2026-07-25 04:12:37,0.2746783753091332,0.0,0.0,0.0,0.0,0.0,0.0,shipping,1
2026-07-25 04:17:37,0.2746783753091332,0.0,0.0,0.0,0.0,0.0,0.0,shipping,1
2026-07-25 04:22:37,0.2746783753091332,0.0,0.0,0.0,0.0,0.0,0.0,shipping,1
2026-07-25 04:27:37,0.2746783753091332,0.0,0.0,0.0,0.0,0.0,0.0,shipping,1
2026-07-25 04:32:37,0.2746783753091332,0.0,0.0,0.0,0.0,0.0,0.0,shipping,1
2026-07-25 04:37:37,0.2746783753091332,0.0,0.0,0.0,0.0,0.0,0.0,shipping,1
2026-07-25 04:42:37,0.2746783753091332,0.0,0.0,0.0,0.0,0.0,0.0,shipping,1
2026-07-25 04:47:37,0.2746783753091332,0.0,0.0,0.0,0.0,0.0,0.0,shipping,1
2026-07-25 04:52:37,0.2746783753091332,0.0,0.0,0.0,0.0,0.0,0.0,shipping,1
2026-07-25 04:57:37,0.2746783753091332,0.0,0.0,0.0,0.0,0.0,0.0,shipping,1
2026-07-25 05:02:37,0.2746783753091332,0.0,0.0,0.0,0.0,0.0,0.0,shipping,1
2026-07-25 05:07:37,0.2746783753091332,0.0,0.0,0.0,0.0,0.0,0.0,shipping,1
2026-07-25 05:12:37,0.2746783753091332,0.0,0.0,0.0,0.0,0.0,0.0,shipping,1
2026-07-25 05:17:37,0.2746783753091332,0.0,0.0,0.0,0.0,0.0,0.0,shipping,1
2026-07-25 05:22:37,0.2746783753091332,0.0,0.0,0.0,0.0,0.0,0.0,shipping,1
2026-07-25 05:27:37,0.2746783753091332,0.0,0.0,0.0,0.0,0.0,0.0,shipping,1
2026-07-25 05:32:37,0.2746783753091332,0.0,0.0,0.0,0.0,0.0,0.0,shipping,1
2026-07-25 05:37:37,0.2746783753091332,0.0,0.0,0.0,0.0,0.0,0.0,shipping,1
2026-07-25 05:42:37,0.2746783753091332,0.0,0.0,0.0,0.0,0.0,0.0,shipping,1
2026-07-25 05:47:37,0.2746783753091332,0.0,0.0,0.0,0.0,0.0,0.0,shipping,1
2026-07-25 05:52:37,0.2746783753091332,0.0,0.0,0.0,0.0,0.0,0.0,shipping,1
2026-07-25 05:57:37,0.2746783753091332,0.0,0.0,0.0,0.0,0.0,0.0,shipping,1
2026-07-25 06:02:37,0.2746783753091332,0.0,0.0,0.0,0.0,0.0,0.0,shipping,1
2026-07-25 06:07:37,0.2746783753091332,0.0,0.0,0.0,0.0,0.0,0.0,shipping,1
2026-07-25 06:12:37,0.2746783753091332,0.0,0.0,0.0,0.0,0.0,0.0,shipping,1
2026-07-25 06:17:37,0.2746783753091332,0.0,0.0,0.0,0.0,0.0,0.0,shipping,1
2026-07-25 06:22:37,0.2746783753091332,0.0,0.0,0.0,0.0,0.0,0.0,shipping,1
2026-07-25 06:27:37,0.2746783753091332,0.0,0.0,0.0,0.0,0.0,0.0,shipping,1
2026-07-25 06:32:37,0.2746783753091332,0.0,0.0,0.0,0.0,0.0,0.0,shipping,1
2026-07-25 06:37:37,0.2746783753091332,0.0,0.0,0.0,0.0,0.0,0.0,shipping,1
2026-07-25 06:42:37,0.2746783753091332,0.0,0.0,0.0,0.0,0.0,0.0,shipping,1
2026-07-25 06:47:37,0.2746783753091332,0.0,0.0,0.0,0.0,0.0,0.0,shipping,1
2026-07-25 06:52:37,0.2746783753091332,0.0,0.0,0.0,0.0,0.0,0.0,shipping,1
2026-07-25 06:57:37,0.2746783753091332,0.0,0.0,0.0,0.0,0.0,0.0,shipping,1
2026-07-25 07:02:37,0.2746783753091332,0.0,0.0,0.0,0.0,0.0,0.0,shipping,1
2026-07-25 07:07:37,0.2746783753091332,0.0,0.0,0.0,0.0,0.0,0.0,shipping,1
2026-07-25 07:12:37,0.2746783753091332,0.0,0.0,0.0,0.0,0.0,0.0,shipping,1
2026-07-25 07:17:37,0.2746783753091332,0.0,0.0,0.0,0.0,0.0,0.0,shipping,1
2026-07-25 07:22:37,0.2746783753091332,0.0,0.0,0.0,0.0,0.0,0.0,shipping,1
2026-07-25 07:27:37,0.2746783753091332,0.0,0.0,0.0,0.0,0.0,0.0,shipping,1
2026-07-25 07:32:37,0.2746783753091332,0.0,0.0,0.0,0.0,0.0,0.0,shipping,1
2026-07-25 07:37:37,0.2746783753091332,0.0,0.0,0.0,0.0,0.0,0.0,shipping,1
2026-07-25 07:42:37,0.2746783753091332,0.0,0.0,0.0,0.0,0.0,0.0,shipping,1
2026-07-25 07:47:37,0.2746783753091332,0.0,0.0,0.0,0.0,0.0,0.0,shipping,1
2026-07-25 07:52:37,0.2746783753091332,0.0,0.0,0.0,0.0,0.0,0.0,shipping,1
2026-07-25 07:57:37,0.2746783753091332,0.0,0.0,0.0,0.0,0.0,0.0,shipping,1
2026-07-25 08:02:37,0.2746783753091332,0.0,0.0,0.0,0.0,0.0,0.0,shipping,1
2026-07-25 08:07:37,0.2746783753091332,0.0,0.0,0.0,0.0,0.0,0.0,shipping,1
2026-07-25 08:12:37,0.2746783753091332,0.0,0.0,0.0,0.0,0.0,0.0,shipping,1
2026-07-25 08:17:37,0.2746783753091332,0.0,0.0,0.0,0.0,0.0,0.0,shipping,1
2026-07-25 08:22:37,0.2746783753091332,0.0,0.0,0.0,0.0,0.0,0.0,shipping,1
2026-07-25 08:27:37,0.2746783753091332,0.0,0.0,0.0,0.0,0.0,0.0,shipping,1
2026-07-25 08:32:37,0.2746783753091332,0.0,0.0,0.0,0.0,0.0,0.0,shipping,1
2026-07-25 08:37:37,0.2746783753091332,0.0,0.0,0.0,0.0,0.0,0.0,shipping,1
2026-07-25 08:42:37,0.2746783753091332,0.0,0.0,0.0,0.0,0.0,0.0,shipping,1
2026-07-25 08:47:37,0.2746783753091332,0.0,0.0,0.0,0.0,0.0,0.0,shipping,1
2026-07-25 08:52:37,0.2746783753091332,0.0,0.0,0.0,0.0,0.0,0.0,shipping,1
2026-07-25 08:57:37,0.2746783753091332,0.0,0.0,0.0,0.0,0.0,0.0,shipping,1
2026-07-25 09:02:37,0.2746783753091332,0.0,0.0,0.0,0.0,0.0,0.0,shipping,1
2026-07-25 09:07:37,0.2746783753091332,0.0,0.0,0.0,0.0,0.0,0.0,shipping,1
2026-07-25 09:12:37,0.2746783753091332,0.0,0.0,0.0,0.0,0.0,0.0,shipping,1
2026-07-25 09:17:37,0.2746783753091332,0.0,0.0,0.0,0.0,0.0,0.0,shipping,1
2026-07-25 09:22:37,0.2746783753091332,0.0,0.0,0.0,0.0,0.0,0.0,shipping,1
2026-07-25 09:27:37,0.2746783753091332,0.0,0.0,0.0,0.0,0.0,0.0,shipping,1
2026-07-25 09:32:37,0.2746783753091332,0.0,0.0,0.0,0.0,0.0,0.0,shipping,1
2026-07-25 09:37:37,0.2746783753091332,0.0,0.0,0.0,0.0,0.0,0.0,shipping,1
2026-07-25 09:42:37,0.2746783753091332,0.0,0.0,0.0,0.0,0.0,0.0,shipping,1
2026-07-25 09:47:37,0.2746783753091332,0.0,0.0,0.0,0.0,0.0,0.0,shipping,1
2026-07-25 09:52:37,0.2746783753091332,0.0,0.0,0.0,0.0,0.0,0.0,shipping,1
2026-07-25 09:57:37,0.2746783753091332,0.0,0.0,0.0,0.0,0.0,0.0,shipping,1
2026-07-25 10:02:37,0.2746783753091332,0.0,0.0,0.0,0.0,0.0,0.0,shipping,1
2026-07-25 10:07:37,0.2746783753091332,0.0,0.0,0.0,0.0,0.0,0.0,shipping,1
2026-07-25 10:12:37,0.2746783753091332,0.0,0.0,0.0,0.0,0.0,0.0,shipping,1
2026-07-25 10:17:37,0.2746783753091332,0.0,0.0,0.0,0.0,0.0,0.0,shipping,1
2026-07-25 10:22:37,0.2746783753091332,0.0,0.0,0.0,0.0,0.0,0.0,shipping,1
2026-07-25 10:27:37,0.2746783753091332,0.0,0.0,0.0,0.0,0.0,0.0,shipping,1
2026-07-25 10:32:37,0.2746783753091332,0.0,0.0,0.0,0.0,0.0,0.0,shipping,1
2026-07-25 10:37:37,0.2746783753091332,0.0,0.0,0.0,0.0,0.0,0.0,shipping,1
2026-07-25 10:42:37,0.2746783753091332,0.0,0.0,0.0,0.0,0.0,0.0,shipping,1
2026-07-25 10:47:37,0.2746783753091332,0.0,0.0,0.0,0.0,0.0,0.0,shipping,1
2026-07-25 10:52:37,0.2746783753091332,0.0,0.0,0.0,0.0,0.0,0.0,shipping,1
2026-07-25 10:57:37,0.2746783753091332,0.0,0.0,0.0,0.0,0.0,0.0,shipping,1
2026-07-25 11:02:37,0.2746783753091332,0.0,0.0,0.0,0.0,0.0,0.0,shipping,1
2026-07-25 11:07:37,0.2746783753091332,0.0,0.0,0.0,0.0,0.0,0.0,shipping,1
2026-07-25 11:12:37,0.2746783753091332,0.0,0.0,0.0,0.0,0.0,0.0,shipping,1
2026-07-25 11:17:37,0.2746783753091332,0.0,0.0,0.0,0.0,0.0,0.0,shipping,1
2026-07-25 11:22:37,0.2746783753091332,0.0,0.0,0.0,0.0,0.0,0.0,shipping,1
2026-07-25 11:27:37,0.2746783753091332,0.0,0.0,0.0,0.0,0.0,0.0,shipping,1
2026-07-25 11:32:37,0.2746783753091332,0.0,0.0,0.0,0.0,0.0,0.0,shipping,1
2026-07-25 11:37:37,0.2746783753091332,0.0,0.0,0.0,0.0,0.0,0.0,shipping,1
2026-07-25 11:42:37,0.2746783753091332,0.0,0.0,0.0,0.0,0.0,0.0,shipping,1
2026-07-25 11:47:37,0.2746783753091332,0.0,0.0,0.0,0.0,0.0,0.0,shipping,1
2026-07-25 11:52:37,0.2746783753091332,0.0,0.0,0.0,0.0,0.0,0.0,shipping,1
2026-07-25 11:57:37,0.2746783753091332,0.0,0.0,0.0,0.0,0.0,0.0,shipping,1
2026-07-25 12:02:37,0.2746783753091332,0.0,0.0,0.0,0.0,0.0,0.0,shipping,1
2026-07-25 12:07:37,0.2746783753091332,0.0,0.0,0.0,0.0,0.0,0.0,shipping,1
2026-07-25 12:12:37,0.2746783753091332,0.0,0.0,0.0,0.0,0.0,0.0,shipping,1
2026-07-25 12:17:37,0.2746783753091332,0.0,0.0,0.0,0.0,0.0,0.0,shipping,1
2026-07-25 12:22:37,0.2746783753091332,0.0,0.0,0.0,0.0,0.0,0.0,shipping,1
2026-07-25 12:27:37,0.2746783753091332,0.0,0.0,0.0,0.0,0.0,0.0,shipping,1
2026-07-25 12:32:37,0.2746783753091332,0.0,0.0,0.0,0.0,0.0,0.0,shipping,1
2026-07-25 12:37:37,0.2746783753091332,0.0,0.0,0.0,0.0,0.0,0.0,shipping,1
2026-07-25 12:42:37,0.2746783753091332,0.0,0.0,0.0,0.0,0.0,0.0,shipping,1
2026-07-25 12:47:37,0.2746783753091332,0.0,0.0,0.0,0.0,0.0,0.0,shipping,1
2026-07-25 12:52:37,0.2746783753091332,0.0,0.0,0.0,0.0,0.0,0.0,shipping,1
2026-07-25 12:57:37,0.2746783753091332,0.0,0.0,0.0,0.0,0.0,0.0,shipping,1
2026-07-25 13:02:37,0.2746783753091332,0.0,0.0,0.0,0.0,0.0,0.0,shipping,1
2026-07-25 13:07:37,0.2746783753091332,0.0,0.0,0.0,0.0,0.0,0.0,shipping,1
2026-07-25 13:12:37,0.2746783753091332,0.0,0.0,0.0,0.0,0.0,0.0,shipping,1
2026-07-25 13:17:37,0.2746783753091332,0.0,0.0,0.0,0.0,0.0,0.0,shipping,1
2026-07-25 13:22:37,0.2746783753091332,0.0,0.0,0.0,0.0,0.0,0.0,shipping,1
2026-07-25 13:27:37,0.2746783753091332,0.0,0.0,0.0,0.0,0.0,0.0,shipping,1
2026-07-25 13:32:37,0.2746783753091332,0.0,0.0,0.0,0.0,0.0,0.0,shipping,1
2026-07-25 13:37:37,0.2746783753091332,0.0,0.0,0.0,0.0,0.0,0.0,shipping,1
2026-07-25 13:42:37,0.2746783753091332,0.0,0.0,0.0,0.0,0.0,0.0,shipping,1
2026-07-25 13:47:37,0.2746783753091332,0.0,0.0,0.0,0.0,0.0,0.0,shipping,1
2026-07-25 13:52:37,0.2746783753091332,0.0,0.0,0.0,0.0,0.0,0.0,shipping,1
2026-07-25 13:57:37,0.2746783753091332,0.0,0.0,0.0,0.0,0.0,0.0,shipping,1
2026-07-25 14:02:37,0.2746783753091332,0.0,0.0,0.0,0.0,0.0,0.0,shipping,1
2026-07-25 14:07:37,0.2746783753091332,0.0,0.0,0.0,0.0,0.0,0.0,shipping,1
2026-07-25 14:12:37,0.2746783753091332,0.0,0.0,0.0,0.0,0.0,0.0,shipping,1
2026-07-25 14:17:37,0.2746783753091332,0.0,0.0,0.0,0.0,0.0,0.0,shipping,1
2026-07-25 14:22:37,0.2746783753091332,0.0,0.0,0.0,0.0,0.0,0.0,shipping,1
2026-07-25 14:27:37,0.2746783753091332,0.0,0.0,0.0,0.0,0.0,0.0,shipping,1
2026-07-25 14:32:37,0.2746783753091332,0.0,0.0,0.0,0.0,0.0,0.0,shipping,1
2026-07-25 14:37:37,0.2746783753091332,0.0,0.0,0.0,0.0,0.0,0.0,shipping,1
2026-07-25 14:42:37,0.2746783753091332,0.0,0.0,0.0,0.0,0.0,0.0,shipping,1
2026-07-25 14:47:37,0.2746783753091332,0.0,0.0,0.0,0.0,0.0,0.0,shipping,1
2026-07-25 14:52:37,0.2746783753091332,0.0,0.0,0.0,0.0,0.0,0.0,shipping,1
2026-07-25 14:57:37,0.2746783753091332,0.0,0.0,0.0,0.0,0.0,0.0,shipping,1
2026-07-25 15:02:37,0.2746783753091332,0.0,0.0,0.0,0.0,0.0,0.0,shipping,1
2026-07-25 15:07:37,0.2746783753091332,0.0,0.0,0.0,0.0,0.0,0.0,shipping,1
2026-07-25 15:12:37,0.2746783753091332,0.0,0.0,0.0,0.0,0.0,0.0,shipping,1
2026-07-25 15:17:37,0.2746783753091332,0.0,0.0,0.0,0.0,0.0,0.0,shipping,1
2026-07-25 15:22:37,0.2746783753091332,0.0,0.0,0.0,0.0,0.0,0.0,shipping,1
2026-07-25 15:27:37,0.2746783753091332,0.0,0.0,0.0,0.0,0.0,0.0,shipping,1
2026-07-25 15:32:37,0.2746783753091332,0.0,0.0,0.0,0.0,0.0,0.0,shipping,1
2026-07-25 15:37:37,0.2746783753091332,0.0,0.0,0.0,0.0,0.0,0.0,shipping,1
2026-07-25 15:42:37,0.2746783753091332,0.0,0.0,0.0,0.0,0.0,0.0,shipping,1
2026-07-25 15:47:37,0.2746783753091332,0.0,0.0,0.0,0.0,0.0,0.0,shipping,1
2026-07-25 15:52:37,0.2746783753091332,0.0,0.0,0.0,0.0,0.0,0.0,shipping,1
2026-07-25 15:57:37,0.2746783753091332,0.0,0.0,0.0,0.0,0.0,0.0,shipping,1
2026-07-25 16:02:37,0.2746783753091332,0.0,0.0,0.0,0.0,0.0,0.0,shipping,1
2026-07-25 16:07:37,0.2746783753091332,0.0,0.0,0.0,0.0,0.0,0.0,shipping,1
2026-07-25 16:12:37,0.2746783753091332,0.0,0.0,0.0,0.0,0.0,0.0,shipping,1
2026-07-25 16:17:37,0.2746783753091332,0.0,0.0,0.0,0.0,0.0,0.0,shipping,1
2026-07-25 16:22:37,0.2746783753091332,0.0,0.0,0.0,0.0,0.0,0.0,shipping,1
2026-07-25 16:27:37,0.2746783753091332,0.0,0.0,0.0,0.0,0.0,0.0,shipping,1
2026-07-25 16:32:37,0.2746783753091332,0.0,0.0,0.0,0.0,0.0,0.0,shipping,1
2026-07-25 16:37:37,0.2746783753091332,0.0,0.0,0.0,0.0,0.0,0.0,shipping,1
2026-07-25 16:42:37,0.2746783753091332,0.0,0.0,0.0,0.0,0.0,0.0,shipping,1
2026-07-25 16:47:37,0.2746783753091332,0.0,0.0,0.0,0.0,0.0,0.0,shipping,1
2026-07-25 16:52:37,0.2746783753091332,0.0,0.0,0.0,0.0,0.0,0.0,shipping,1
2026-07-25 16:57:37,0.2746783753091332,0.0,0.0,0.0,0.0,0.0,0.0,shipping,1
2026-07-25 17:02:37,0.2746783753091332,0.0,0.0,0.0,0.0,0.0,0.0,shipping,1
2026-07-25 17:07:37,0.2746783753091332,0.0,0.0,0.0,0.0,0.0,0.0,shipping,1
2026-07-25 17:12:37,0.2746783753091332,0.0,0.0,0.0,0.0,0.0,0.0,shipping,1
2026-07-25 17:17:37,0.2746783753091332,0.0,0.0,0.0,0.0,0.0,0.0,shipping,1
2026-07-25 17:22:37,0.2746783753091332,0.0,0.0,0.0,0.0,0.0,0.0,shipping,1
2026-07-25 17:27:37,0.2746783753091332,0.0,0.0,0.0,0.0,0.0,0.0,shipping,1
2026-07-25 17:32:37,0.2746783753091332,0.0,0.0,0.0,0.0,0.0,0.0,shipping,1
2026-07-25 17:37:37,0.2746783753091332,0.0,0.0,0.0,0.0,0.0,0.0,shipping,1
2026-07-25 17:42:37,0.2746783753091332,0.0,0.0,0.0,0.0,0.0,0.0,shipping,1
2026-07-25 17:47:37,0.2746783753091332,0.0,0.0,0.0,0.0,0.0,0.0,shipping,1
2026-07-25 17:52:37,0.2746783753091332,0.0,0.0,0.0,0.0,0.0,0.0,shipping,1
2026-07-25 17:57:37,0.2746783753091332,0.0,0.0,0.0,0.0,0.0,0.0,shipping,1
2026-07-25 18:02:37,0.2746783753091332,0.0,0.0,0.0,0.0,0.0,0.0,shipping,1
2026-07-25 18:07:37,0.2746783753091332,0.0,0.0,0.0,0.0,0.0,0.0,shipping,1
2026-07-25 18:12:37,0.2746783753091332,0.0,0.0,0.0,0.0,0.0,0.0,shipping,1
2026-07-25 18:17:37,0.2746783753091332,0.0,0.0,0.0,0.0,0.0,0.0,shipping,1
2026-07-25 18:22:37,0.2746783753091332,0.0,0.0,0.0,0.0,0.0,0.0,shipping,1
2026-07-25 18:27:37,0.2746783753091332,0.0,0.0,0.0,0.0,0.0,0.0,shipping,1
2026-07-25 18:32:37,0.2746783753091332,0.0,0.0,0.0,0.0,0.0,0.0,shipping,1
2026-07-25 18:37:37,0.2746783753091332,0.0,0.0,0.0,0.0,0.0,0.0,shipping,1
2026-07-25 18:42:37,0.2746783753091332,0.0,0.0,0.0,0.0,0.0,0.0,shipping,1
2026-07-25 18:47:37,0.2746783753091332,0.0,0.0,0.0,0.0,0.0,0.0,shipping,1
2026-07-25 18:52:37,0.2746783753091332,0.0,0.0,0.0,0.0,0.0,0.0,shipping,1
2026-07-25 18:57:37,0.2746783753091332,0.0,0.0,0.0,0.0,0.0,0.0,shipping,1
2026-07-25 19:02:37,0.2746783753091332,0.0,0.0,0.0,0.0,0.0,0.0,shipping,1
2026-07-25 19:07:37,0.2746783753091332,0.0,0.0,0.0,0.0,0.0,0.0,shipping,1
2026-07-25 19:12:37,0.2746783753091332,0.0,0.0,0.0,0.0,0.0,0.0,shipping,1
2026-07-25 19:17:37,0.2746783753091332,0.0,0.0,0.0,0.0,0.0,0.0,shipping,1
2026-07-25 19:22:37,0.2746783753091332,0.0,0.0,0.0,0.0,0.0,0.0,shipping,1
2026-07-25 19:27:37,0.2746783753091332,0.0,0.0,0.0,0.0,0.0,0.0,shipping,1
2026-07-25 19:32:37,0.2746783753091332,0.0,0.0,0.0,0.0,0.0,0.0,shipping,1
2026-07-25 19:37:37,0.2746783753091332,0.0,0.0,0.0,0.0,0.0,0.0,shipping,1
2026-07-25 19:42:37,0.2746783753091332,0.0,0.0,0.0,0.0,0.0,0.0,shipping,1
2026-07-25 19:47:37,0.2746783753091332,0.0,0.0,0.0,0.0,0.0,0.0,shipping,1
2026-07-25 19:52:37,0.2746783753091332,0.0,0.0,0.0,0.0,0.0,0.0,shipping,1
2026-07-25 19:57:37,0.2746783753091332,0.0,0.0,0.0,0.0,0.0,0.0,shipping,1
2026-07-25 20:02:37,0.2746783753091332,0.0,0.0,0.0,0.0,0.0,0.0,shipping,1
2026-07-25 20:07:37,0.2746783753091332,0.0,0.0,0.0,0.0,0.0,0.0,shipping,1
2026-07-25 20:12:37,0.2746783753091332,0.0,0.0,0.0,0.0,0.0,0.0,shipping,1
2026-07-25 20:17:37,0.2746783753091332,0.0,0.0,0.0,0.0,0.0,0.0,shipping,1
2026-07-25 20:22:37,0.2746783753091332,0.0,0.0,0.0,0.0,0.0,0.0,shipping,1
2026-07-25 20:27:37,0.2746783753091332,0.0,0.0,0.0,0.0,0.0,0.0,shipping,1
2026-07-25 20:32:37,0.2746783753091332,0.0,0.0,0.0,0.0,0.0,0.0,shipping,1
2026-07-25 20:37:37,0.2746783753091332,0.0,0.0,0.0,0.0,0.0,0.0,shipping,1
2026-07-25 20:42:37,0.2746783753091332,0.0,0.0,0.0,0.0,0.0,0.0,shipping,1
2026-07-25 20:47:37,0.2746783753091332,0.0,0.0,0.0,0.0,0.0,0.0,shipping,1
2026-07-25 20:52:37,0.2746783753091332,0.0,0.0,0.0,0.0,0.0,0.0,shipping,1
2026-07-25 20:57:37,0.2746783753091332,0.0,0.0,0.0,0.0,0.0,0.0,shipping,1
2026-07-25 21:02:37,0.2746783753091332,0.0,0.0,0.0,0.0,0.0,0.0,shipping,1
2026-07-25 21:07:37,0.2746783753091332,0.0,0.0,0.0,0.0,0.0,0.0,shipping,1
2026-07-25 21:12:37,0.2746783753091332,0.0,0.0,0.0,0.0,0.0,0.0,shipping,1
2026-07-25 21:17:37,0.2746783753091332,0.0,0.0,0.0,0.0,0.0,0.0,shipping,1
2026-07-25 21:22:37,0.2746783753091332,0.0,0.0,0.0,0.0,0.0,0.0,shipping,1
2026-07-25 21:27:37,0.2746783753091332,0.0,0.0,0.0,0.0,0.0,0.0,shipping,1
2026-07-25 21:32:37,0.2746783753091332,0.0,0.0,0.0,0.0,0.0,0.0,shipping,1
2026-07-25 21:37:37,0.2746783753091332,0.0,0.0,0.0,0.0,0.0,0.0,shipping,1
2026-07-25 21:42:37,0.2746783753091332,0.0,0.0,0.0,0.0,0.0,0.0,shipping,1
2026-07-25 21:47:37,0.2746783753091332,0.0,0.0,0.0,0.0,0.0,0.0,shipping,1
2026-07-25 21:52:37,0.2746783753091332,0.0,0.0,0.0,0.0,0.0,0.0,shipping,1
2026-07-25 21:57:37,0.2746783753091332,0.0,0.0,0.0,0.0,0.0,0.0,shipping,1
2026-07-25 22:02:37,0.2746783753091332,0.0,0.0,0.0,0.0,0.0,0.0,shipping,1
2026-07-25 22:07:37,0.2746783753091332,0.0,0.0,0.0,0.0,0.0,0.0,shipping,1
2026-07-25 22:12:37,0.2746783753091332,0.0,0.0,0.0,0.0,0.0,0.0,shipping,1
2026-07-25 22:17:37,0.2746783753091332,0.0,0.0,0.0,0.0,0.0,0.0,shipping,1
2026-07-25 22:22:37,0.2746783753091332,0.0,0.0,0.0,0.0,0.0,0.0,shipping,1
2026-07-25 22:27:37,0.2746783753091332,0.0,0.0,0.0,0.0,0.0,0.0,shipping,1
2026-07-25 22:32:37,0.2746783753091332,0.0,0.0,0.0,0.0,0.0,0.0,shipping,1
2026-07-25 22:37:37,0.2746783753091332,0.0,0.0,0.0,0.0,0.0,0.0,shipping,1
2026-07-25 22:42:37,0.2746783753091332,0.0,0.0,0.0,0.0,0.0,0.0,shipping,1
2026-07-25 22:47:37,0.2746783753091332,0.0,0.0,0.0,0.0,0.0,0.0,shipping,1
2026-07-25 22:52:37,0.2746783753091332,0.0,0.0,0.0,0.0,0.0,0.0,shipping,1
2026-07-25 22:57:37,0.2746783753091332,0.0,0.0,0.0,0.0,0.0,0.0,shipping,1
2026-07-25 23:02:37,0.2746783753091332,0.0,0.0,0.0,0.0,0.0,0.0,shipping,1
2026-07-25 23:07:37,0.2746783753091332,0.0,0.0,0.0,0.0,0.0,0.0,shipping,1
2026-07-25 23:12:37,0.2746783753091332,0.0,0.0,0.0,0.0,0.0,0.0,shipping,1
2026-07-25 23:17:37,0.2746783753091332,0.0,0.0,0.0,0.0,0.0,0.0,shipping,1
2026-07-25 23:22:37,0.2746783753091332,0.0,0.0,0.0,0.0,0.0,0.0,shipping,1
2026-07-25 23:27:37,0.2746783753091332,0.0,0.0,0.0,0.0,0.0,0.0,shipping,1
2026-07-25 23:32:37,0.2746783753091332,0.0,0.0,0.0,0.0,0.0,0.0,shipping,1
2026-07-25 23:37:37,0.2746783753091332,0.0,0.0,0.0,0.0,0.0,0.0,shipping,1
2026-07-25 23:42:37,0.2746783753091332,0.0,0.0,0.0,0.0,0.0,0.0,shipping,1
2026-07-25 23:47:37,0.2746783753091332,0.0,0.0,0.0,0.0,0.0,0.0,shipping,1
2026-07-25 23:52:37,0.2746783753091332,0.0,0.0,0.0,0.0,0.0,0.0,shipping,1
2026-07-25 23:57:37,0.2746783753091332,0.0,0.0,0.0,0.0,0.0,0.0,shipping,1
2026-07-26 00:02:37,0.2746783753091332,0.0,0.0,0.0,0.0,0.0,0.0,shipping,1
2026-07-26 00:07:37,0.2746783753091332,0.0,0.0,0.0,0.0,0.0,0.0,shipping,1
2026-07-26 00:12:37,0.2746783753091332,0.0,0.0,0.0,0.0,0.0,0.0,shipping,1
2026-07-26 00:17:37,0.2746783753091332,0.0,0.0,0.0,0.0,0.0,0.0,shipping,1
2026-07-26 00:22:37,0.2746783753091332,0.0,0.0,0.0,0.0,0.0,0.0,shipping,1
2026-07-26 00:27:37,0.2746783753091332,0.0,0.0,0.0,0.0,0.0,0.0,shipping,1
2026-07-26 00:32:37,0.2746783753091332,0.0,0.0,0.0,0.0,0.0,0.0,shipping,1
2026-07-26 00:37:37,0.2746783753091332,0.0,0.0,0.0,0.0,0.0,0.0,shipping,1
2026-07-26 00:42:37,0.2746783753091332,0.0,0.0,0.0,0.0,0.0,0.0,shipping,1
2026-07-26 00:47:37,0.2746783753091332,0.0,0.0,0.0,0.0,0.0,0.0,shipping,1
2026-07-26 00:52:37,0.2746783753091332,0.0,0.0,0.0,0.0,0.0,0.0,shipping,1
2026-07-26 00:57:37,0.2746783753091332,0.0,0.0,0.0,0.0,0.0,0.0,shipping,1
2026-07-26 01:02:37,0.2746783753091332,0.0,0.0,0.0,0.0,0.0,0.0,shipping,1
2026-07-26 01:07:37,0.2746783753091332,0.0,0.0,0.0,0.0,0.0,0.0,shipping,1
2026-07-26 01:12:37,0.2746783753091332,0.0,0.0,0.0,0.0,0.0,0.0,shipping,1
2026-07-26 01:17:37,0.2746783753091332,0.0,0.0,0.0,0.0,0.0,0.0,shipping,1
2026-07-26 01:22:37,0.2746783753091332,0.0,0.0,0.0,0.0,0.0,0.0,shipping,1
2026-07-26 01:27:37,0.2746783753091332,0.0,0.0,0.0,0.0,0.0,0.0,shipping,1
2026-07-26 01:32:37,0.2746783753091332,0.0,0.0,0.0,0.0,0.0,0.0,shipping,1
2026-07-26 01:37:37,0.2746783753091332,0.0,0.0,0.0,0.0,0.0,0.0,shipping,1
2026-07-26 01:42:37,0.2746783753091332,0.0,0.0,0.0,0.0,0.0,0.0,shipping,1
2026-07-26 01:47:37,0.2746783753091332,0.0,0.0,0.0,0.0,0.0,0.0,shipping,1
2026-07-26 01:52:37,0.2746783753091332,0.0,0.0,0.0,0.0,0.0,0.0,shipping,1
2026-07-26 01:57:37,0.2746783753091332,0.0,0.0,0.0,0.0,0.0,0.0,shipping,1
2026-07-26 02:02:37,0.2746783753091332,0.0,0.0,0.0,0.0,0.0,0.0,shipping,1
2026-07-26 02:07:37,0.2746783753091332,0.0,0.0,0.0,0.0,0.0,0.0,shipping,1
2026-07-26 02:12:37,0.2746783753091332,0.0,0.0,0.0,0.0,0.0,0.0,shipping,1
2026-07-26 02:17:37,0.2746783753091332,0.0,0.0,0.0,0.0,0.0,0.0,shipping,1
2026-07-26 02:22:37,0.2746783753091332,0.0,0.0,0.0,0.0,0.0,0.0,shipping,1
2026-07-26 02:27:37,0.2746783753091332,0.0,0.0,0.0,0.0,0.0,0.0,shipping,1
2026-07-26 02:32:37,0.2746783753091332,0.0,0.0,0.0,0.0,0.0,0.0,shipping,1
2026-07-26 02:37:37,0.2746783753091332,0.0,0.0,0.0,0.0,0.0,0.0,shipping,1
2026-07-26 02:42:37,0.2746783753091332,0.0,0.0,0.0,0.0,0.0,0.0,shipping,1
2026-07-26 02:47:37,0.2746783753091332,0.0,0.0,0.0,0.0,0.0,0.0,shipping,1
2026-07-26 02:52:37,0.2746783753091332,0.0,0.0,0.0,0.0,0.0,0.0,shipping,1
2026-07-26 02:57:37,0.2746783753091332,0.0,0.0,0.0,0.0,0.0,0.0,shipping,1
2026-07-26 03:02:37,0.2746783753091332,0.0,0.0,0.0,0.0,0.0,0.0,shipping,1
2026-07-26 03:07:37,0.2746783753091332,0.0,0.0,0.0,0.0,0.0,0.0,shipping,1
2026-07-26 03:12:37,0.2746783753091332,0.0,0.0,0.0,0.0,0.0,0.0,shipping,1
2026-07-26 03:17:37,0.2746783753091332,0.0,0.0,0.0,0.0,0.0,0.0,shipping,1
2026-07-26 03:22:37,0.2746783753091332,0.0,0.0,0.0,0.0,0.0,0.0,shipping,1
2026-07-26 03:27:37,0.2746783753091332,0.0,0.0,0.0,0.0,0.0,0.0,shipping,1
2026-07-26 03:32:37,0.2746783753091332,0.0,0.0,0.0,0.0,0.0,0.0,shipping,1
2026-07-26 03:37:37,0.2746783753091332,0.0,0.0,0.0,0.0,0.0,0.0,shipping,1
2026-07-26 03:42:37,0.2746783753091332,0.0,0.0,0.0,0.0,0.0,0.0,shipping,1
2026-07-26 03:47:37,0.2746783753091332,0.0,0.0,0.0,0.0,0.0,0.0,shipping,1
2026-07-26 03:52:37,0.2746783753091332,0.0,0.0,0.0,0.0,0.0,0.0,shipping,1
2026-07-26 03:57:37,0.2746783753091332,0.0,0.0,0.0,0.0,0.0,0.0,shipping,1
2026-07-26 04:02:37,0.2746783753091332,0.0,0.0,0.0,0.0,0.0,0.0,shipping,1
2026-07-26 04:07:37,0.2746783753091332,0.0,0.0,0.0,0.0,0.0,0.0,shipping,1
2026-07-26 04:12:37,0.2746783753091332,0.0,0.0,0.0,0.0,0.0,0.0,shipping,1
2026-07-26 04:17:37,0.2746783753091332,0.0,0.0,0.0,0.0,0.0,0.0,shipping,1
2026-07-26 04:22:37,0.2746783753091332,0.0,0.0,0.0,0.0,0.0,0.0,shipping,1
2026-07-26 04:27:37,0.2746783753091332,0.0,0.0,0.0,0.0,0.0,0.0,shipping,1
2026-07-26 04:32:37,0.2746783753091332,0.0,0.0,0.0,0.0,0.0,0.0,shipping,1
2026-07-26 04:37:37,0.2746783753091332,0.0,0.0,0.0,0.0,0.0,0.0,shipping,1
2026-07-26 04:42:37,0.2746783753091332,0.0,0.0,0.0,0.0,0.0,0.0,shipping,1
2026-07-26 04:47:37,0.2746783753091332,0.0,0.0,0.0,0.0,0.0,0.0,shipping,1
2026-07-26 04:52:37,0.2746783753091332,0.0,0.0,0.0,0.0,0.0,0.0,shipping,1
2026-07-26 04:57:37,0.2746783753091332,0.0,0.0,0.0,0.0,0.0,0.0,shipping,1
2026-07-26 05:02:37,0.2746783753091332,0.0,0.0,0.0,0.0,0.0,0.0,shipping,1
2026-07-26 05:07:37,0.2746783753091332,0.0,0.0,0.0,0.0,0.0,0.0,shipping,1
2026-07-26 05:12:37,0.2746783753091332,0.0,0.0,0.0,0.0,0.0,0.0,shipping,1
2026-07-26 05:17:37,0.2746783753091332,0.0,0.0,0.0,0.0,0.0,0.0,shipping,1
2026-07-26 05:22:37,0.2746783753091332,0.0,0.0,0.0,0.0,0.0,0.0,shipping,1
2026-07-26 05:27:37,0.2746783753091332,0.0,0.0,0.0,0.0,0.0,0.0,shipping,1
2026-07-26 05:32:37,0.2746783753091332,0.0,0.0,0.0,0.0,0.0,0.0,shipping,1
2026-07-26 05:37:37,0.2746783753091332,0.0,0.0,0.0,0.0,0.0,0.0,shipping,1
2026-07-26 05:42:37,0.2746783753091332,0.0,0.0,0.0,0.0,0.0,0.0,shipping,1
2026-07-26 05:47:37,0.2746783753091332,0.0,0.0,0.0,0.0,0.0,0.0,shipping,1
2026-07-26 05:52:37,0.2746783753091332,0.0,0.0,0.0,0.0,0.0,0.0,shipping,1
2026-07-26 05:57:37,0.2746783753091332,0.0,0.0,0.0,0.0,0.0,0.0,shipping,1
2026-07-26 06:02:37,0.2746783753091332,0.0,0.0,0.0,0.0,0.0,0.0,shipping,1
2026-07-26 06:07:37,0.2746783753091332,0.0,0.0,0.0,0.0,0.0,0.0,shipping,1
2026-07-26 06:12:37,0.2746783753091332,0.0,0.0,0.0,0.0,0.0,0.0,shipping,1
2026-07-26 06:17:37,0.2746783753091332,0.0,0.0,0.0,0.0,0.0,0.0,shipping,1
2026-07-26 06:22:37,0.2746783753091332,0.0,0.0,0.0,0.0,0.0,0.0,shipping,1
2026-07-26 06:27:37,0.2746783753091332,0.0,0.0,0.0,0.0,0.0,0.0,shipping,1
2026-07-26 06:32:37,0.2746783753091332,0.0,0.0,0.0,0.0,0.0,0.0,shipping,1
2026-07-26 06:37:37,0.2746783753091332,0.0,0.0,0.0,0.0,0.0,0.0,shipping,1
2026-07-26 06:42:37,0.2746783753091332,0.0,0.0,0.0,0.0,0.0,0.0,shipping,1
2026-07-26 06:47:37,0.2746783753091332,0.0,0.0,0.0,0.0,0.0,0.0,shipping,1
2026-07-26 06:52:37,0.2746783753091332,0.0,0.0,0.0,0.0,0.0,0.0,shipping,1
2026-07-26 06:57:37,0.2746783753091332,0.0,0.0,0.0,0.0,0.0,0.0,shipping,1
2026-07-26 07:02:37,0.2746783753091332,0.0,0.0,0.0,0.0,0.0,0.0,shipping,1
2026-07-26 07:07:37,0.2746783753091332,0.0,0.0,0.0,0.0,0.0,0.0,shipping,1
2026-07-26 07:12:37,0.2746783753091332,0.0,0.0,0.0,0.0,0.0,0.0,shipping,1
2026-07-26 07:17:37,0.2746783753091332,0.0,0.0,0.0,0.0,0.0,0.0,shipping,1
2026-07-26 07:22:37,0.2746783753091332,0.0,0.0,0.0,0.0,0.0,0.0,shipping,1
2026-07-26 07:27:37,0.2746783753091332,0.0,0.0,0.0,0.0,0.0,0.0,shipping,1
2026-07-26 07:32:37,0.2746783753091332,0.0,0.0,0.0,0.0,0.0,0.0,shipping,1
2026-07-26 07:37:37,0.2746783753091332,0.0,0.0,0.0,0.0,0.0,0.0,shipping,1
2026-07-26 07:42:37,0.2746783753091332,0.0,0.0,0.0,0.0,0.0,0.0,shipping,1
2026-07-26 07:47:37,0.2746783753091332,0.0,0.0,0.0,0.0,0.0,0.0,shipping,1
2026-07-26 07:52:37,0.2746783753091332,0.0,0.0,0.0,0.0,0.0,0.0,shipping,1
2026-07-26 07:57:37,0.2746783753091332,0.0,0.0,0.0,0.0,0.0,0.0,shipping,1
2026-07-26 08:02:37,0.2746783753091332,0.0,0.0,0.0,0.0,0.0,0.0,shipping,1
2026-07-26 08:07:37,0.2746783753091332,0.0,0.0,0.0,0.0,0.0,0.0,shipping,1
2026-07-26 08:12:37,0.2746783753091332,0.0,0.0,0.0,0.0,0.0,0.0,shipping,1
2026-07-26 08:17:37,0.2746783753091332,0.0,0.0,0.0,0.0,0.0,0.0,shipping,1
2026-07-26 08:22:37,0.2746783753091332,0.0,0.0,0.0,0.0,0.0,0.0,shipping,1
2026-07-26 08:27:37,0.2746783753091332,0.0,0.0,0.0,0.0,0.0,0.0,shipping,1
2026-07-26 08:32:37,0.2746783753091332,0.0,0.0,0.0,0.0,0.0,0.0,shipping,1
2026-07-26 08:37:37,0.2746783753091332,0.0,0.0,0.0,0.0,0.0,0.0,shipping,1
2026-07-26 08:42:37,0.2746783753091332,0.0,0.0,0.0,0.0,0.0,0.0,shipping,1
2026-07-26 08:47:37,0.2746783753091332,0.0,0.0,0.0,0.0,0.0,0.0,shipping,1
2026-07-26 08:52:37,0.2746783753091332,0.0,0.0,0.0,0.0,0.0,0.0,shipping,1
2026-07-26 08:57:37,0.2746783753091332,0.0,0.0,0.0,0.0,0.0,0.0,shipping,1
2026-07-26 09:02:37,0.2746783753091332,0.0,0.0,0.0,0.0,0.0,0.0,shipping,1
2026-07-26 09:07:37,0.2746783753091332,0.0,0.0,0.0,0.0,0.0,0.0,shipping,1
2026-07-26 09:12:37,0.2746783753091332,0.0,0.0,0.0,0.0,0.0,0.0,shipping,1
2026-07-26 09:17:37,0.2746783753091332,0.0,0.0,0.0,0.0,0.0,0.0,shipping,1
2026-07-26 09:22:37,0.2746783753091332,0.0,0.0,0.0,0.0,0.0,0.0,shipping,1
2026-07-26 09:27:37,0.2746783753091332,0.0,0.0,0.0,0.0,0.0,0.0,shipping,1
2026-07-26 09:32:37,0.2746783753091332,0.0,0.0,0.0,0.0,0.0,0.0,shipping,1
2026-07-26 09:37:37,0.2746783753091332,0.0,0.0,0.0,0.0,0.0,0.0,shipping,1
2026-07-26 09:42:37,0.2746783753091332,0.0,0.0,0.0,0.0,0.0,0.0,shipping,1
2026-07-26 09:47:37,0.2746783753091332,0.0,0.0,0.0,0.0,0.0,0.0,shipping,1
2026-07-26 09:52:37,0.2746783753091332,0.0,0.0,0.0,0.0,0.0,0.0,shipping,1
2026-07-26 09:57:37,0.2746783753091332,0.0,0.0,0.0,0.0,0.0,0.0,shipping,1
2026-07-26 10:02:37,0.2746783753091332,0.0,0.0,0.0,0.0,0.0,0.0,shipping,1
2026-07-26 10:07:37,0.2746783753091332,0.0,0.0,0.0,0.0,0.0,0.0,shipping,1
2026-07-26 10:12:37,0.2746783753091332,0.0,0.0,0.0,0.0,0.0,0.0,shipping,1
2026-07-26 10:17:37,0.2746783753091332,0.0,0.0,0.0,0.0,0.0,0.0,shipping,1
2026-07-26 10:22:37,0.2746783753091332,0.0,0.0,0.0,0.0,0.0,0.0,shipping,1
2026-07-26 10:27:37,0.2746783753091332,0.0,0.0,0.0,0.0,0.0,0.0,shipping,1
2026-07-26 10:32:37,0.2746783753091332,0.0,0.0,0.0,0.0,0.0,0.0,shipping,1
2026-07-26 10:37:37,0.2746783753091332,0.0,0.0,0.0,0.0,0.0,0.0,shipping,1
2026-07-26 10:42:37,0.2746783753091332,0.0,0.0,0.0,0.0,0.0,0.0,shipping,1
2026-07-26 10:47:37,0.2746783753091332,0.0,0.0,0.0,0.0,0.0,0.0,shipping,1
2026-07-26 10:52:37,0.2746783753091332,0.0,0.0,0.0,0.0,0.0,0.0,shipping,1
2026-07-26 10:57:37,0.2746783753091332,0.0,0.0,0.0,0.0,0.0,0.0,shipping,1
2026-07-26 11:02:37,0.2746783753091332,0.0,0.0,0.0,0.0,0.0,0.0,shipping,1
2026-07-26 11:07:37,0.2746783753091332,0.0,0.0,0.0,0.0,0.0,0.0,shipping,1
2026-07-26 11:12:37,0.2746783753091332,0.0,0.0,0.0,0.0,0.0,0.0,shipping,1
2026-07-26 11:17:37,0.2746783753091332,0.0,0.0,0.0,0.0,0.0,0.0,shipping,1
2026-07-26 11:22:37,0.2746783753091332,0.0,0.0,0.0,0.0,0.0,0.0,shipping,1
2026-07-26 11:27:37,0.2746783753091332,0.0,0.0,0.0,0.0,0.0,0.0,shipping,1
2026-07-26 11:32:37,0.2746783753091332,0.0,0.0,0.0,0.0,0.0,0.0,shipping,1
2026-07-26 11:37:37,0.2746783753091332,0.0,0.0,0.0,0.0,0.0,0.0,shipping,1
2026-07-26 11:42:37,0.2746783753091332,0.0,0.0,0.0,0.0,0.0,0.0,shipping,1
2026-07-26 11:47:37,0.2746783753091332,0.0,0.0,0.0,0.0,0.0,0.0,shipping,1
2026-07-26 11:52:37,0.2746783753091332,0.0,0.0,0.0,0.0,0.0,0.0,shipping,1
2026-07-26 11:57:37,0.2746783753091332,0.0,0.0,0.0,0.0,0.0,0.0,shipping,1
2026-07-26 12:02:37,0.2746783753091332,0.0,0.0,0.0,0.0,0.0,0.0,shipping,1
2026-07-26 12:07:37,0.2746783753091332,0.0,0.0,0.0,0.0,0.0,0.0,shipping,1
2026-07-26 12:12:37,0.2746783753091332,0.0,0.0,0.0,0.0,0.0,0.0,shipping,1
2026-07-26 12:17:37,0.2746783753091332,0.0,0.0,0.0,0.0,0.0,0.0,shipping,1
2026-07-26 12:22:37,0.2746783753091332,0.0,0.0,0.0,0.0,0.0,0.0,shipping,1
2026-07-26 12:27:37,0.2746783753091332,0.0,0.0,0.0,0.0,0.0,0.0,shipping,1
2026-07-26 12:32:37,0.2746783753091332,0.0,0.0,0.0,0.0,0.0,0.0,shipping,1
2026-07-26 12:37:37,0.2746783753091332,0.0,0.0,0.0,0.0,0.0,0.0,shipping,1
2026-07-26 12:42:37,0.2746783753091332,0.0,0.0,0.0,0.0,0.0,0.0,shipping,1
2026-07-26 12:47:37,0.2746783753091332,0.0,0.0,0.0,0.0,0.0,0.0,shipping,1
2026-07-26 12:52:37,0.2746783753091332,0.0,0.0,0.0,0.0,0.0,0.0,shipping,1
2026-07-26 12:57:37,0.2746783753091332,0.0,0.0,0.0,0.0,0.0,0.0,shipping,1
2026-07-26 13:02:37,0.2746783753091332,0.0,0.0,0.0,0.0,0.0,0.0,shipping,1
2026-07-26 13:07:37,0.2746783753091332,0.0,0.0,0.0,0.0,0.0,0.0,shipping,1
2026-07-26 13:12:37,0.2746783753091332,0.0,0.0,0.0,0.0,0.0,0.0,shipping,1
2026-07-26 13:17:37,0.2746783753091332,0.0,0.0,0.0,0.0,0.0,0.0,shipping,1
2026-07-26 13:22:37,0.2746783753091332,0.0,0.0,0.0,0.0,0.0,0.0,shipping,1
2026-07-26 13:27:37,0.2746783753091332,0.0,0.0,0.0,0.0,0.0,0.0,shipping,1
2026-07-26 13:32:37,0.2746783753091332,0.0,0.0,0.0,0.0,0.0,0.0,shipping,1
2026-07-26 13:37:37,0.2746783753091332,0.0,0.0,0.0,0.0,0.0,0.0,shipping,1
2026-07-26 13:42:37,0.2746783753091332,0.0,0.0,0.0,0.0,0.0,0.0,shipping,1
2026-07-26 13:47:37,0.2746783753091332,0.0,0.0,0.0,0.0,0.0,0.0,shipping,1
2026-07-26 13:52:37,0.2746783753091332,0.0,0.0,0.0,0.0,0.0,0.0,shipping,1
2026-07-26 13:57:37,0.2746783753091332,0.0,0.0,0.0,0.0,0.0,0.0,shipping,1
2026-07-26 14:02:37,0.2746783753091332,0.0,0.0,0.0,0.0,0.0,0.0,shipping,1
2026-07-26 14:07:37,0.2746783753091332,0.0,0.0,0.0,0.0,0.0,0.0,shipping,1
2026-07-26 14:12:37,0.2746783753091332,0.0,0.0,0.0,0.0,0.0,0.0,shipping,1
2026-07-26 14:17:37,0.2746783753091332,0.0,0.0,0.0,0.0,0.0,0.0,shipping,1
2026-07-26 14:22:37,0.2746783753091332,0.0,0.0,0.0,0.0,0.0,0.0,shipping,1
2026-07-26 14:27:37,0.2746783753091332,0.0,0.0,0.0,0.0,0.0,0.0,shipping,1
2026-07-26 14:32:37,0.2746783753091332,0.0,0.0,0.0,0.0,0.0,0.0,shipping,1
2026-07-26 14:37:37,0.2746783753091332,0.0,0.0,0.0,0.0,0.0,0.0,shipping,1
2026-07-26 14:42:37,0.2746783753091332,0.0,0.0,0.0,0.0,0.0,0.0,shipping,1
2026-07-26 14:47:37,0.2746783753091332,0.0,0.0,0.0,0.0,0.0,0.0,shipping,1
2026-07-26 14:52:37,0.2746783753091332,0.0,0.0,0.0,0.0,0.0,0.0,shipping,1
2026-07-26 14:57:37,0.2746783753091332,0.0,0.0,0.0,0.0,0.0,0.0,shipping,1
2026-07-26 15:02:37,0.2746783753091332,0.0,0.0,0.0,0.0,0.0,0.0,shipping,1
2026-07-26 15:07:37,0.2746783753091332,0.0,0.0,0.0,0.0,0.0,0.0,shipping,1
2026-07-26 15:12:37,0.2746783753091332,0.0,0.0,0.0,0.0,0.0,0.0,shipping,1
2026-07-26 15:17:37,0.2746783753091332,0.0,0.0,0.0,0.0,0.0,0.0,shipping,1
2026-07-26 15:22:37,0.2746783753091332,0.0,0.0,0.0,0.0,0.0,0.0,shipping,1
2026-07-26 15:27:37,0.2746783753091332,0.0,0.0,0.0,0.0,0.0,0.0,shipping,1
2026-07-26 15:32:37,0.2746783753091332,0.0,0.0,0.0,0.0,0.0,0.0,shipping,1
2026-07-26 15:37:37,0.2746783753091332,0.0,0.0,0.0,0.0,0.0,0.0,shipping,1
2026-07-26 15:42:37,0.2746783753091332,0.0,0.0,0.0,0.0,0.0,0.0,shipping,1
2026-07-26 15:47:37,0.2746783753091332,0.0,0.0,0.0,0.0,0.0,0.0,shipping,1
2026-07-26 15:52:37,0.2746783753091332,0.0,0.0,0.0,0.0,0.0,0.0,shipping,1
2026-07-26 15:57:37,0.2746783753091332,0.0,0.0,0.0,0.0,0.0,0.0,shipping,1
2026-07-26 16:02:37,0.2746783753091332,0.0,0.0,0.0,0.0,0.0,0.0,shipping,1
2026-07-26 16:07:37,0.2746783753091332,0.0,0.0,0.0,0.0,0.0,0.0,shipping,1
2026-07-26 16:12:37,0.2746783753091332,0.0,0.0,0.0,0.0,0.0,0.0,shipping,1
2026-07-26 16:17:37,0.2746783753091332,0.0,0.0,0.0,0.0,0.0,0.0,shipping,1
2026-07-26 16:22:37,0.2746783753091332,0.0,0.0,0.0,0.0,0.0,0.0,shipping,1
2026-07-26 16:27:37,0.2746783753091332,0.0,0.0,0.0,0.0,0.0,0.0,shipping,1
2026-07-26 16:32:37,0.2746783753091332,0.0,0.0,0.0,0.0,0.0,0.0,shipping,1
2026-07-26 16:37:37,0.2746783753091332,0.0,0.0,0.0,0.0,0.0,0.0,shipping,1
2026-07-26 16:42:37,0.2746783753091332,0.0,0.0,0.0,0.0,0.0,0.0,shipping,1
2026-07-26 16:47:37,0.2746783753091332,0.0,0.0,0.0,0.0,0.0,0.0,shipping,1
2026-07-26 16:52:37,0.2746783753091332,0.0,0.0,0.0,0.0,0.0,0.0,shipping,1
2026-07-26 16:57:37,0.2746783753091332,0.0,0.0,0.0,0.0,0.0,0.0,shipping,1
2026-07-26 17:02:37,0.2746783753091332,0.0,0.0,0.0,0.0,0.0,0.0,shipping,1
2026-07-26 17:07:37,0.2746783753091332,0.0,0.0,0.0,0.0,0.0,0.0,shipping,1
2026-07-26 17:12:37,0.2746783753091332,0.0,0.0,0.0,0.0,0.0,0.0,shipping,1
2026-07-26 17:17:37,0.2746783753091332,0.0,0.0,0.0,0.0,0.0,0.0,shipping,1
2026-07-26 17:22:37,0.2746783753091332,0.0,0.0,0.0,0.0,0.0,0.0,shipping,1
2026-07-26 17:27:37,0.2746783753091332,0.0,0.0,0.0,0.0,0.0,0.0,shipping,1
2026-07-26 17:32:37,0.2746783753091332,0.0,0.0,0.0,0.0,0.0,0.0,shipping,1
2026-07-26 17:37:37,0.2746783753091332,0.0,0.0,0.0,0.0,0.0,0.0,shipping,1
2026-07-26 17:42:37,0.2746783753091332,0.0,0.0,0.0,0.0,0.0,0.0,shipping,1
2026-07-26 17:47:37,0.2746783753091332,0.0,0.0,0.0,0.0,0.0,0.0,shipping,1
2026-07-26 17:52:37,0.2746783753091332,0.0,0.0,0.0,0.0,0.0,0.0,shipping,1
2026-07-26 17:57:37,0.2746783753091332,0.0,0.0,0.0,0.0,0.0,0.0,shipping,1
2026-07-26 18:02:37,0.2746783753091332,0.0,0.0,0.0,0.0,0.0,0.0,shipping,1
2026-07-26 18:07:37,0.2746783753091332,0.0,0.0,0.0,0.0,0.0,0.0,shipping,1
2026-07-26 18:12:37,0.2746783753091332,0.0,0.0,0.0,0.0,0.0,0.0,shipping,1
2026-07-26 18:17:37,0.2746783753091332,0.0,0.0,0.0,0.0,0.0,0.0,shipping,1
2026-07-26 18:22:37,0.2746783753091332,0.0,0.0,0.0,0.0,0.0,0.0,shipping,1
2026-07-26 18:27:37,0.2746783753091332,0.0,0.0,0.0,0.0,0.0,0.0,shipping,1
2026-07-26 18:32:37,0.2746783753091332,0.0,0.0,0.0,0.0,0.0,0.0,shipping,1
2026-07-26 18:37:37,0.2746783753091332,0.0,0.0,0.0,0.0,0.0,0.0,shipping,1
2026-07-26 18:42:37,0.2746783753091332,0.0,0.0,0.0,0.0,0.0,0.0,shipping,1
2026-07-26 18:47:37,0.2746783753091332,0.0,0.0,0.0,0.0,0.0,0.0,shipping,1
2026-07-26 18:52:37,0.2746783753091332,0.0,0.0,0.0,0.0,0.0,0.0,shipping,1
2026-07-26 18:57:37,0.2746783753091332,0.0,0.0,0.0,0.0,0.0,0.0,shipping,1
2026-07-26 19:02:37,0.2746783753091332,0.0,0.0,0.0,0.0,0.0,0.0,shipping,1
2026-07-26 19:07:37,0.2746783753091332,0.0,0.0,0.0,0.0,0.0,0.0,shipping,1
2026-07-26 19:12:37,0.2746783753091332,0.0,0.0,0.0,0.0,0.0,0.0,shipping,1
2026-07-26 19:17:37,0.2746783753091332,0.0,0.0,0.0,0.0,0.0,0.0,shipping,1
2026-07-26 19:22:37,0.2746783753091332,0.0,0.0,0.0,0.0,0.0,0.0,shipping,1
2026-07-26 19:27:37,0.2746783753091332,0.0,0.0,0.0,0.0,0.0,0.0,shipping,1
2026-07-26 19:32:37,0.2746783753091332,0.0,0.0,0.0,0.0,0.0,0.0,shipping,1
2026-07-26 19:37:37,0.2746783753091332,0.0,0.0,0.0,0.0,0.0,0.0,shipping,1
2026-07-26 19:42:37,0.2746783753091332,0.0,0.0,0.0,0.0,0.0,0.0,shipping,1
2026-07-26 19:47:37,0.2746783753091332,0.0,0.0,0.0,0.0,0.0,0.0,shipping,1
2026-07-26 19:52:37,0.2746783753091332,0.0,0.0,0.0,0.0,0.0,0.0,shipping,1
2026-07-26 19:57:37,0.2746783753091332,0.0,0.0,0.0,0.0,0.0,0.0,shipping,1
2026-07-26 20:02:37,0.2746783753091332,0.0,0.0,0.0,0.0,0.0,0.0,shipping,1
2026-07-26 20:07:37,0.2746783753091332,0.0,0.0,0.0,0.0,0.0,0.0,shipping,1
2026-07-26 20:12:37,0.2746783753091332,0.0,0.0,0.0,0.0,0.0,0.0,shipping,1
2026-07-26 20:17:37,0.2746783753091332,0.0,0.0,0.0,0.0,0.0,0.0,shipping,1
2026-07-26 20:22:37,0.2746783753091332,0.0,0.0,0.0,0.0,0.0,0.0,shipping,1
2026-07-26 20:27:37,0.2746783753091332,0.0,0.0,0.0,0.0,0.0,0.0,shipping,1
2026-07-26 20:32:37,0.2746783753091332,0.0,0.0,0.0,0.0,0.0,0.0,shipping,1
2026-07-26 20:37:37,0.2746783753091332,0.0,0.0,0.0,0.0,0.0,0.0,shipping,1
2026-07-26 20:42:37,0.2746783753091332,0.0,0.0,0.0,0.0,0.0,0.0,shipping,1
2026-07-26 20:47:37,0.2746783753091332,0.0,0.0,0.0,0.0,0.0,0.0,shipping,1
2026-07-26 20:52:37,0.2746783753091332,0.0,0.0,0.0,0.0,0.0,0.0,shipping,1
2026-07-26 20:57:37,0.2746783753091332,0.0,0.0,0.0,0.0,0.0,0.0,shipping,1
2026-07-26 21:02:37,0.2746783753091332,0.0,0.0,0.0,0.0,0.0,0.0,shipping,1
2026-07-26 21:07:37,0.2746783753091332,0.0,0.0,0.0,0.0,0.0,0.0,shipping,1
2026-07-26 21:12:37,0.2746783753091332,0.0,0.0,0.0,0.0,0.0,0.0,shipping,1
2026-07-26 21:17:37,0.2746783753091332,0.0,0.0,0.0,0.0,0.0,0.0,shipping,1
2026-07-26 21:22:37,0.2746783753091332,0.0,0.0,0.0,0.0,0.0,0.0,shipping,1
2026-07-26 21:27:37,0.2746783753091332,0.0,0.0,0.0,0.0,0.0,0.0,shipping,1
2026-07-26 21:32:37,0.2746783753091332,0.0,0.0,0.0,0.0,0.0,0.0,shipping,1
2026-07-26 21:37:37,0.2746783753091332,0.0,0.0,0.0,0.0,0.0,0.0,shipping,1
2026-07-26 21:42:37,0.2746783753091332,0.0,0.0,0.0,0.0,0.0,0.0,shipping,1
2026-07-26 21:47:37,0.2746783753091332,0.0,0.0,0.0,0.0,0.0,0.0,shipping,1
2026-07-26 21:52:37,0.2746783753091332,0.0,0.0,0.0,0.0,0.0,0.0,shipping,1
2026-07-26 21:57:37,0.2746783753091332,0.0,0.0,0.0,0.0,0.0,0.0,shipping,1
2026-07-26 22:02:37,0.2746783753091332,0.0,0.0,0.0,0.0,0.0,0.0,shipping,1
2026-07-26 22:07:37,0.2746783753091332,0.0,0.0,0.0,0.0,0.0,0.0,shipping,1
2026-07-26 22:12:37,0.2746783753091332,0.0,0.0,0.0,0.0,0.0,0.0,shipping,1
2026-07-26 22:17:37,0.2746783753091332,0.0,0.0,0.0,0.0,0.0,0.0,shipping,1
2026-07-26 22:22:37,0.2746783753091332,0.0,0.0,0.0,0.0,0.0,0.0,shipping,1
2026-07-26 22:27:37,0.2746783753091332,0.0,0.0,0.0,0.0,0.0,0.0,shipping,1
2026-07-26 22:32:37,0.2746783753091332,0.0,0.0,0.0,0.0,0.0,0.0,shipping,1
2026-07-26 22:37:37,0.2746783753091332,0.0,0.0,0.0,0.0,0.0,0.0,shipping,1
2026-07-26 22:42:37,0.2746783753091332,0.0,0.0,0.0,0.0,0.0,0.0,shipping,1
2026-07-26 22:47:37,0.2746783753091332,0.0,0.0,0.0,0.0,0.0,0.0,shipping,1
2026-07-26 22:52:37,0.2746783753091332,0.0,0.0,0.0,0.0,0.0,0.0,shipping,1
2026-07-26 22:57:37,0.2746783753091332,0.0,0.0,0.0,0.0,0.0,0.0,shipping,1
2026-07-26 23:02:37,0.2746783753091332,0.0,0.0,0.0,0.0,0.0,0.0,shipping,1
2026-07-26 23:07:37,0.2746783753091332,0.0,0.0,0.0,0.0,0.0,0.0,shipping,1
2026-07-26 23:12:37,0.2746783753091332,0.0,0.0,0.0,0.0,0.0,0.0,shipping,1
2026-07-26 23:17:37,0.2746783753091332,0.0,0.0,0.0,0.0,0.0,0.0,shipping,1
2026-07-26 23:22:37,0.2746783753091332,0.0,0.0,0.0,0.0,0.0,0.0,shipping,1
2026-07-26 23:27:37,0.2746783753091332,0.0,0.0,0.0,0.0,0.0,0.0,shipping,1
2026-07-26 23:32:37,0.2746783753091332,0.0,0.0,0.0,0.0,0.0,0.0,shipping,1
2026-07-26 23:37:37,0.2746783753091332,0.0,0.0,0.0,0.0,0.0,0.0,shipping,1
2026-07-26 23:42:37,0.2746783753091332,0.0,0.0,0.0,0.0,0.0,0.0,shipping,1
2026-07-26 23:47:37,0.2746783753091332,0.0,0.0,0.0,0.0,0.0,0.0,shipping,1
2026-07-26 23:52:37,0.2746783753091332,0.0,0.0,0.0,0.0,0.0,0.0,shipping,1
2026-07-26 23:57:37,0.2746783753091332,0.0,0.0,0.0,0.0,0.0,0.0,shipping,1
2026-07-27 00:02:37,0.2746783753091332,0.0,0.0,0.0,0.0,0.0,0.0,shipping,1
2026-07-27 00:07:37,0.2746783753091332,0.0,0.0,0.0,0.0,0.0,0.0,shipping,1
2026-07-27 00:12:37,0.2746783753091332,0.0,0.0,0.0,0.0,0.0,0.0,shipping,1
2026-07-27 00:17:37,0.2746783753091332,0.0,0.0,0.0,0.0,0.0,0.0,shipping,1
2026-07-27 00:22:37,0.2746783753091332,0.0,0.0,0.0,0.0,0.0,0.0,shipping,1
2026-07-27 00:27:37,0.2746783753091332,0.0,0.0,0.0,0.0,0.0,0.0,shipping,1
2026-07-27 00:32:37,0.2746783753091332,0.0,0.0,0.0,0.0,0.0,0.0,shipping,1
2026-07-27 00:37:37,0.2746783753091332,0.0,0.0,0.0,0.0,0.0,0.0,shipping,1
2026-07-27 00:42:37,0.2746783753091332,0.0,0.0,0.0,0.0,0.0,0.0,shipping,1
2026-07-27 00:47:37,0.2746783753091332,0.0,0.0,0.0,0.0,0.0,0.0,shipping,1
2026-07-27 00:52:37,0.2746783753091332,0.0,0.0,0.0,0.0,0.0,0.0,shipping,1
2026-07-27 00:57:37,0.2746783753091332,0.0,0.0,0.0,0.0,0.0,0.0,shipping,1
2026-07-27 01:02:37,0.2746783753091332,0.0,0.0,0.0,0.0,0.0,0.0,shipping,1
2026-07-27 01:07:37,0.2746783753091332,0.0,0.0,0.0,0.0,0.0,0.0,shipping,1
2026-07-27 01:12:37,0.2746783753091332,0.0,0.0,0.0,0.0,0.0,0.0,shipping,1
2026-07-27 01:17:37,0.2746783753091332,0.0,0.0,0.0,0.0,0.0,0.0,shipping,1
2026-07-27 01:22:37,0.2746783753091332,0.0,0.0,0.0,0.0,0.0,0.0,shipping,1
2026-07-27 01:27:37,0.2746783753091332,0.0,0.0,0.0,0.0,0.0,0.0,shipping,1
2026-07-27 01:32:37,0.2746783753091332,0.0,0.0,0.0,0.0,0.0,0.0,shipping,1
2026-07-27 01:37:37,0.2746783753091332,0.0,0.0,0.0,0.0,0.0,0.0,shipping,1
2026-07-27 01:42:37,0.2746783753091332,0.0,0.0,0.0,0.0,0.0,0.0,shipping,1
2026-07-27 01:47:37,0.2746783753091332,0.0,0.0,0.0,0.0,0.0,0.0,shipping,1
2026-07-27 01:52:37,0.2746783753091332,0.0,0.0,0.0,0.0,0.0,0.0,shipping,1
2026-07-27 01:57:37,0.2746783753091332,0.0,0.0,0.0,0.0,0.0,0.0,shipping,1
2026-07-27 02:02:37,0.2746783753091332,0.0,0.0,0.0,0.0,0.0,0.0,shipping,1
2026-07-27 02:07:37,0.2746783753091332,0.0,0.0,0.0,0.0,0.0,0.0,shipping,1
2026-07-27 02:12:37,0.2746783753091332,0.0,0.0,0.0,0.0,0.0,0.0,shipping,1
2026-07-27 02:17:37,0.2746783753091332,0.0,0.0,0.0,0.0,0.0,0.0,shipping,1
2026-07-27 02:22:37,0.2746783753091332,0.0,0.0,0.0,0.0,0.0,0.0,shipping,1
2026-07-27 02:27:37,0.2746783753091332,0.0,0.0,0.0,0.0,0.0,0.0,shipping,1
2026-07-27 02:32:37,0.2746783753091332,0.0,0.0,0.0,0.0,0.0,0.0,shipping,1
2026-07-27 02:37:37,0.2746783753091332,0.0,0.0,0.0,0.0,0.0,0.0,shipping,1
2026-07-27 02:42:37,0.2746783753091332,0.0,0.0,0.0,0.0,0.0,0.0,shipping,1
2026-07-27 02:47:37,0.2746783753091332,0.0,0.0,0.0,0.0,0.0,0.0,shipping,1
2026-07-27 02:52:37,0.2746783753091332,0.0,0.0,0.0,0.0,0.0,0.0,shipping,1
2026-07-27 02:57:37,0.2746783753091332,0.0,0.0,0.0,0.0,0.0,0.0,shipping,1
2026-07-27 03:02:37,0.2746783753091332,0.0,0.0,0.0,0.0,0.0,0.0,shipping,1
2026-07-27 03:07:37,0.2746783753091332,0.0,0.0,0.0,0.0,0.0,0.0,shipping,1
2026-07-27 03:12:37,0.2746783753091332,0.0,0.0,0.0,0.0,0.0,0.0,shipping,1
2026-07-27 03:17:37,0.2746783753091332,0.0,0.0,0.0,0.0,0.0,0.0,shipping,1
2026-07-27 03:22:37,0.2746783753091332,0.0,0.0,0.0,0.0,0.0,0.0,shipping,1
2026-07-27 03:27:37,0.2746783753091332,0.0,0.0,0.0,0.0,0.0,0.0,shipping,1
2026-07-27 03:32:37,0.2746783753091332,0.0,0.0,0.0,0.0,0.0,0.0,shipping,1
2026-07-27 03:37:37,0.2746783753091332,0.0,0.0,0.0,0.0,0.0,0.0,shipping,1
2026-07-27 03:42:37,0.2746783753091332,0.0,0.0,0.0,0.0,0.0,0.0,shipping,1
2026-07-27 03:47:37,0.2746783753091332,0.0,0.0,0.0,0.0,0.0,0.0,shipping,1
2026-07-27 03:52:37,0.2746783753091332,0.0,0.0,0.0,0.0,0.0,0.0,shipping,1
2026-07-27 03:57:37,0.2746783753091332,0.0,0.0,0.0,0.0,0.0,0.0,shipping,1
2026-07-27 04:02:37,0.2746783753091332,0.0,0.0,0.0,0.0,0.0,0.0,shipping,1
2026-07-27 04:07:37,0.2746783753091332,0.0,0.0,0.0,0.0,0.0,0.0,shipping,1
2026-07-27 04:12:37,0.2746783753091332,0.0,0.0,0.0,0.0,0.0,0.0,shipping,1
2026-07-27 04:17:37,0.2746783753091332,0.0,0.0,0.0,0.0,0.0,0.0,shipping,1
2026-07-27 04:22:37,0.2746783753091332,0.0,0.0,0.0,0.0,0.0,0.0,shipping,1
2026-07-27 04:27:37,0.2746783753091332,0.0,0.0,0.0,0.0,0.0,0.0,shipping,1
2026-07-27 04:32:37,0.2746783753091332,0.0,0.0,0.0,0.0,0.0,0.0,shipping,1
2026-07-27 04:37:37,0.2746783753091332,0.0,0.0,0.0,0.0,0.0,0.0,shipping,1
2026-07-27 04:42:37,0.2746783753091332,0.0,0.0,0.0,0.0,0.0,0.0,shipping,1
2026-07-27 04:47:37,0.2746783753091332,0.0,0.0,0.0,0.0,0.0,0.0,shipping,1
2026-07-27 04:52:37,0.2746783753091332,0.0,0.0,0.0,0.0,0.0,0.0,shipping,1
2026-07-27 04:57:37,0.2746783753091332,0.0,0.0,0.0,0.0,0.0,0.0,shipping,1
2026-07-27 05:02:37,0.2746783753091332,0.0,0.0,0.0,0.0,0.0,0.0,shipping,1
2026-07-27 05:07:37,0.2746783753091332,0.0,0.0,0.0,0.0,0.0,0.0,shipping,1
2026-07-27 05:12:37,0.2746783753091332,0.0,0.0,0.0,0.0,0.0,0.0,shipping,1
2026-07-27 05:17:37,0.2746783753091332,0.0,0.0,0.0,0.0,0.0,0.0,shipping,1
2026-07-27 05:22:37,0.2746783753091332,0.0,0.0,0.0,0.0,0.0,0.0,shipping,1
2026-07-27 05:27:37,0.2746783753091332,0.0,0.0,0.0,0.0,0.0,0.0,shipping,1
2026-07-27 05:32:37,0.2746783753091332,0.0,0.0,0.0,0.0,0.0,0.0,shipping,1
2026-07-27 05:37:37,0.2746783753091332,0.0,0.0,0.0,0.0,0.0,0.0,shipping,1
2026-07-27 05:42:37,0.2746783753091332,0.0,0.0,0.0,0.0,0.0,0.0,shipping,1
2026-07-27 05:47:37,0.2746783753091332,0.0,0.0,0.0,0.0,0.0,0.0,shipping,1
2026-07-27 05:52:37,0.2746783753091332,0.0,0.0,0.0,0.0,0.0,0.0,shipping,1
2026-07-27 05:57:37,0.2746783753091332,0.0,0.0,0.0,0.0,0.0,0.0,shipping,1
2026-07-27 06:02:37,0.2746783753091332,0.0,0.0,0.0,0.0,0.0,0.0,shipping,1
2026-07-27 06:07:37,0.2746783753091332,0.0,0.0,0.0,0.0,0.0,0.0,shipping,1
2026-07-27 06:12:37,0.2746783753091332,0.0,0.0,0.0,0.0,0.0,0.0,shipping,1
2026-07-27 06:17:37,0.2746783753091332,0.0,0.0,0.0,0.0,0.0,0.0,shipping,1
2026-07-27 06:22:37,0.2746783753091332,0.0,0.0,0.0,0.0,0.0,0.0,shipping,1
2026-07-27 06:27:37,0.2746783753091332,0.0,0.0,0.0,0.0,0.0,0.0,shipping,1
2026-07-27 06:32:37,0.2746783753091332,0.0,0.0,0.0,0.0,0.0,0.0,shipping,1
2026-07-27 06:37:37,0.2746783753091332,0.0,0.0,0.0,0.0,0.0,0.0,shipping,1
2026-07-27 06:42:37,0.2746783753091332,0.0,0.0,0.0,0.0,0.0,0.0,shipping,1
2026-07-27 06:47:37,0.2746783753091332,0.0,0.0,0.0,0.0,0.0,0.0,shipping,1
2026-07-27 06:52:37,0.2746783753091332,0.0,0.0,0.0,0.0,0.0,0.0,shipping,1
2026-07-27 06:57:37,0.2746783753091332,0.0,0.0,0.0,0.0,0.0,0.0,shipping,1
2026-07-27 07:02:37,0.2746783753091332,0.0,0.0,0.0,0.0,0.0,0.0,shipping,1
2026-07-27 07:07:37,0.2746783753091332,0.0,0.0,0.0,0.0,0.0,0.0,shipping,1
2026-07-27 07:12:37,0.2746783753091332,0.0,0.0,0.0,0.0,0.0,0.0,shipping,1
2026-07-27 07:17:37,0.2746783753091332,0.0,0.0,0.0,0.0,0.0,0.0,shipping,1
2026-07-27 07:22:37,0.2746783753091332,0.0,0.0,0.0,0.0,0.0,0.0,shipping,1
2026-07-27 07:27:37,0.2746783753091332,0.0,0.0,0.0,0.0,0.0,0.0,shipping,1
2026-07-27 07:32:37,0.2746783753091332,0.0,0.0,0.0,0.0,0.0,0.0,shipping,1
2026-07-27 07:37:37,0.2746783753091332,0.0,0.0,0.0,0.0,0.0,0.0,shipping,1
2026-07-27 07:42:37,0.2746783753091332,0.0,0.0,0.0,0.0,0.0,0.0,shipping,1
2026-07-27 07:47:37,0.2746783753091332,0.0,0.0,0.0,0.0,0.0,0.0,shipping,1
2026-07-27 07:52:37,0.2746783753091332,0.0,0.0,0.0,0.0,0.0,0.0,shipping,1
2026-07-27 07:57:37,0.2746783753091332,0.0,0.0,0.0,0.0,0.0,0.0,shipping,1
2026-07-27 08:02:37,0.2746783753091332,0.0,0.0,0.0,0.0,0.0,0.0,shipping,1
2026-07-27 08:07:37,0.2746783753091332,0.0,0.0,0.0,0.0,0.0,0.0,shipping,1
2026-07-27 08:12:37,0.2746783753091332,0.0,0.0,0.0,0.0,0.0,0.0,shipping,1
2026-07-27 08:17:37,0.2746783753091332,0.0,0.0,0.0,0.0,0.0,0.0,shipping,1
2026-07-27 08:22:37,0.2746783753091332,0.0,0.0,0.0,0.0,0.0,0.0,shipping,1
2026-07-27 08:27:37,0.2746783753091332,0.0,0.0,0.0,0.0,0.0,0.0,shipping,1
2026-07-27 08:32:37,0.2746783753091332,0.0,0.0,0.0,0.0,0.0,0.0,shipping,1
2026-07-27 08:37:37,0.2746783753091332,0.0,0.0,0.0,0.0,0.0,0.0,shipping,1
2026-07-27 08:42:37,0.2746783753091332,0.0,0.0,0.0,0.0,0.0,0.0,shipping,1
2026-07-27 08:47:37,0.2746783753091332,0.0,0.0,0.0,0.0,0.0,0.0,shipping,1
2026-07-27 08:52:37,0.2746783753091332,0.0,0.0,0.0,0.0,0.0,0.0,shipping,1
2026-07-27 08:57:37,0.2746783753091332,0.0,0.0,0.0,0.0,0.0,0.0,shipping,1
2026-07-27 09:02:37,0.2746783753091332,0.0,0.0,0.0,0.0,0.0,0.0,shipping,1
2026-07-27 09:07:37,0.2746783753091332,0.0,0.0,0.0,0.0,0.0,0.0,shipping,1
2026-07-27 09:12:37,0.2746783753091332,0.0,0.0,0.0,0.0,0.0,0.0,shipping,1
2026-07-27 09:17:37,0.2746783753091332,0.0,0.0,0.0,0.0,0.0,0.0,shipping,1
2026-07-27 09:22:37,0.2746783753091332,0.0,0.0,0.0,0.0,0.0,0.0,shipping,1
2026-07-27 09:27:37,0.2746783753091332,0.0,0.0,0.0,0.0,0.0,0.0,shipping,1
2026-07-27 09:32:37,0.2746783753091332,0.0,0.0,0.0,0.0,0.0,0.0,shipping,1
2026-07-27 09:37:37,0.2746783753091332,0.0,0.0,0.0,0.0,0.0,0.0,shipping,1
2026-07-27 09:42:37,0.2746783753091332,0.0,0.0,0.0,0.0,0.0,0.0,shipping,1
2026-07-27 09:47:37,0.2746783753091332,0.0,0.0,0.0,0.0,0.0,0.0,shipping,1
2026-07-27 09:52:37,0.2746783753091332,0.0,0.0,0.0,0.0,0.0,0.0,shipping,1
2026-07-27 09:57:37,0.2746783753091332,0.0,0.0,0.0,0.0,0.0,0.0,shipping,1
2026-07-27 10:02:37,0.2746783753091332,0.0,0.0,0.0,0.0,0.0,0.0,shipping,1
2026-07-27 10:07:37,0.2746783753091332,0.0,0.0,0.0,0.0,0.0,0.0,shipping,1
2026-07-27 10:12:37,0.2746783753091332,0.0,0.0,0.0,0.0,0.0,0.0,shipping,1
2026-07-27 10:17:37,0.2746783753091332,0.0,0.0,0.0,0.0,0.0,0.0,shipping,1
2026-07-27 10:22:37,0.2746783753091332,0.0,0.0,0.0,0.0,0.0,0.0,shipping,1
2026-07-27 10:27:37,0.2746783753091332,0.0,0.0,0.0,0.0,0.0,0.0,shipping,1
2026-07-27 10:32:37,0.2746783753091332,0.0,0.0,0.0,0.0,0.0,0.0,shipping,1
2026-07-27 10:37:37,0.2746783753091332,0.0,0.0,0.0,0.0,0.0,0.0,shipping,1
2026-07-27 10:42:37,0.2746783753091332,0.0,0.0,0.0,0.0,0.0,0.0,shipping,1
2026-07-27 10:47:37,0.2746783753091332,0.0,0.0,0.0,0.0,0.0,0.0,shipping,1
2026-07-27 10:52:37,0.2746783753091332,0.0,0.0,0.0,0.0,0.0,0.0,shipping,1
2026-07-27 10:57:37,0.2746783753091332,0.0,0.0,0.0,0.0,0.0,0.0,shipping,1
2026-07-27 11:02:37,0.2746783753091332,0.0,0.0,0.0,0.0,0.0,0.0,shipping,1
2026-07-27 11:07:37,0.2746783753091332,0.0,0.0,0.0,0.0,0.0,0.0,shipping,1
2026-07-27 11:12:37,0.2746783753091332,0.0,0.0,0.0,0.0,0.0,0.0,shipping,1
2026-07-27 11:17:37,0.2746783753091332,0.0,0.0,0.0,0.0,0.0,0.0,shipping,1
2026-07-27 11:22:37,0.2746783753091332,0.0,0.0,0.0,0.0,0.0,0.0,shipping,1
2026-07-27 11:27:37,0.2746783753091332,0.0,0.0,0.0,0.0,0.0,0.0,shipping,1
2026-07-27 11:32:37,0.2746783753091332,0.0,0.0,0.0,0.0,0.0,0.0,shipping,1
2026-07-27 11:37:37,0.2746783753091332,0.0,0.0,0.0,0.0,0.0,0.0,shipping,1
2026-07-27 11:42:37,0.2746783753091332,0.0,0.0,0.0,0.0,0.0,0.0,shipping,1
2026-07-27 11:47:37,0.2746783753091332,0.0,0.0,0.0,0.0,0.0,0.0,shipping,1
2026-07-27 11:52:37,0.2746783753091332,0.0,0.0,0.0,0.0,0.0,0.0,shipping,1
2026-07-27 11:57:37,0.2746783753091332,0.0,0.0,0.0,0.0,0.0,0.0,shipping,1
2026-07-27 12:02:37,0.2746783753091332,0.0,0.0,0.0,0.0,0.0,0.0,shipping,1
2026-07-27 12:07:37,0.2746783753091332,0.0,0.0,0.0,0.0,0.0,0.0,shipping,1
2026-07-27 12:12:37,0.2746783753091332,0.0,0.0,0.0,0.0,0.0,0.0,shipping,1
2026-07-27 12:17:37,0.2746783753091332,0.0,0.0,0.0,0.0,0.0,0.0,shipping,1
2026-07-27 12:22:37,0.2746783753091332,0.0,0.0,0.0,0.0,0.0,0.0,shipping,1
2026-07-27 12:27:37,0.2746783753091332,0.0,0.0,0.0,0.0,0.0,0.0,shipping,1
2026-07-27 12:32:37,0.2746783753091332,0.0,0.0,0.0,0.0,0.0,0.0,shipping,1
2026-07-27 12:37:37,0.2746783753091332,0.0,0.0,0.0,0.0,0.0,0.0,shipping,1
2026-07-27 12:42:37,0.2746783753091332,0.0,0.0,0.0,0.0,0.0,0.0,shipping,1
2026-07-27 12:47:37,0.2746783753091332,0.0,0.0,0.0,0.0,0.0,0.0,shipping,1
2026-07-27 12:52:37,0.2746783753091332,0.0,0.0,0.0,0.0,0.0,0.0,shipping,1
2026-07-27 12:57:37,0.2746783753091332,0.0,0.0,0.0,0.0,0.0,0.0,shipping,1
2026-07-27 13:02:37,0.2746783753091332,0.0,0.0,0.0,0.0,0.0,0.0,shipping,1
2026-07-27 13:07:37,0.2746783753091332,0.0,0.0,0.0,0.0,0.0,0.0,shipping,1
2026-07-27 13:12:37,0.2746783753091332,0.0,0.0,0.0,0.0,0.0,0.0,shipping,1
2026-07-27 13:17:37,0.2746783753091332,0.0,0.0,0.0,0.0,0.0,0.0,shipping,1
2026-07-27 13:22:37,0.2746783753091332,0.0,0.0,0.0,0.0,0.0,0.0,shipping,1
2026-07-27 13:27:37,0.2746783753091332,0.0,0.0,0.0,0.0,0.0,0.0,shipping,1
2026-07-27 13:32:37,0.2746783753091332,0.0,0.0,0.0,0.0,0.0,0.0,shipping,1
2026-07-27 13:37:37,0.2746783753091332,0.0,0.0,0.0,0.0,0.0,0.0,shipping,1
2026-07-27 13:42:37,0.2746783753091332,0.0,0.0,0.0,0.0,0.0,0.0,shipping,1
2026-07-27 13:47:37,0.2746783753091332,0.0,0.0,0.0,0.0,0.0,0.0,shipping,1
2026-07-27 13:52:37,0.2746783753091332,0.0,0.0,0.0,0.0,0.0,0.0,shipping,1
2026-07-27 13:57:37,0.2746783753091332,0.0,0.0,0.0,0.0,0.0,0.0,shipping,1
2026-07-27 14:02:37,0.2746783753091332,0.0,0.0,0.0,0.0,0.0,0.0,shipping,1
2026-07-27 14:07:37,0.2746783753091332,0.0,0.0,0.0,0.0,0.0,0.0,shipping,1
2026-07-27 14:12:37,0.2746783753091332,0.0,0.0,0.0,0.0,0.0,0.0,shipping,1
2026-07-27 14:17:37,0.2746783753091332,0.0,0.0,0.0,0.0,0.0,0.0,shipping,1
2026-07-27 14:22:37,0.2746783753091332,0.0,0.0,0.0,0.0,0.0,0.0,shipping,1
2026-07-27 14:27:37,0.2746783753091332,0.0,0.0,0.0,0.0,0.0,0.0,shipping,1
2026-07-27 14:32:37,0.2746783753091332,0.0,0.0,0.0,0.0,0.0,0.0,shipping,1
2026-07-27 14:37:37,0.2746783753091332,0.0,0.0,0.0,0.0,0.0,0.0,shipping,1
2026-07-27 14:42:37,0.2746783753091332,0.0,0.0,0.0,0.0,0.0,0.0,shipping,1
2026-07-27 14:47:37,0.2746783753091332,0.0,0.0,0.0,0.0,0.0,0.0,shipping,1
2026-07-27 14:52:37,0.2746783753091332,0.0,0.0,0.0,0.0,0.0,0.0,shipping,1
2026-07-27 14:57:37,0.2746783753091332,0.0,0.0,0.0,0.0,0.0,0.0,shipping,1
2026-07-27 15:02:37,0.2746783753091332,0.0,0.0,0.0,0.0,0.0,0.0,shipping,1
2026-07-27 15:07:37,0.2746783753091332,0.0,0.0,0.0,0.0,0.0,0.0,shipping,1
2026-07-27 15:12:37,0.2746783753091332,0.0,0.0,0.0,0.0,0.0,0.0,shipping,1
2026-07-27 15:17:37,0.2746783753091332,0.0,0.0,0.0,0.0,0.0,0.0,shipping,1
2026-07-27 15:22:37,0.2746783753091332,0.0,0.0,0.0,0.0,0.0,0.0,shipping,1
2026-07-27 15:27:37,0.2746783753091332,0.0,0.0,0.0,0.0,0.0,0.0,shipping,1
2026-07-27 15:32:37,0.2746783753091332,0.0,0.0,0.0,0.0,0.0,0.0,shipping,1
2026-07-27 15:37:37,0.2746783753091332,0.0,0.0,0.0,0.0,0.0,0.0,shipping,1
2026-07-27 15:42:37,0.2746783753091332,0.0,0.0,0.0,0.0,0.0,0.0,shipping,1
2026-07-27 15:47:37,0.2746783753091332,0.0,0.0,0.0,0.0,0.0,0.0,shipping,1
2026-07-27 15:52:37,0.2746783753091332,0.0,0.0,0.0,0.0,0.0,0.0,shipping,1
2026-07-27 15:57:37,0.2746783753091332,0.0,0.0,0.0,0.0,0.0,0.0,shipping,1
2026-07-27 16:02:37,0.2746783753091332,0.0,0.0,0.0,0.0,0.0,0.0,shipping,1
2026-07-27 16:07:37,0.2746783753091332,0.0,0.0,0.0,0.0,0.0,0.0,shipping,1
2026-07-27 16:12:37,0.2746783753091332,0.0,0.0,0.0,0.0,0.0,0.0,shipping,1
2026-07-27 16:17:37,0.2746783753091332,0.0,0.0,0.0,0.0,0.0,0.0,shipping,1
2026-07-27 16:22:37,0.2746783753091332,0.0,0.0,0.0,0.0,0.0,0.0,shipping,1
2026-07-27 16:27:37,0.2746783753091332,0.0,0.0,0.0,0.0,0.0,0.0,shipping,1
2026-07-27 16:32:37,0.2746783753091332,0.0,0.0,0.0,0.0,0.0,0.0,shipping,1
2026-07-27 16:37:37,0.2746783753091332,0.0,0.0,0.0,0.0,0.0,0.0,shipping,1
2026-07-27 16:42:37,0.2746783753091332,0.0,0.0,0.0,0.0,0.0,0.0,shipping,1
2026-07-27 16:47:37,0.2746783753091332,0.0,0.0,0.0,0.0,0.0,0.0,shipping,1
2026-07-27 16:52:37,0.2746783753091332,0.0,0.0,0.0,0.0,0.0,0.0,shipping,1
2026-07-27 16:57:37,0.2746783753091332,0.0,0.0,0.0,0.0,0.0,0.0,shipping,1
2026-07-27 17:02:37,0.2746783753091332,0.0,0.0,0.0,0.0,0.0,0.0,shipping,1
2026-07-27 17:07:37,0.2746783753091332,0.0,0.0,0.0,0.0,0.0,0.0,shipping,1
2026-07-27 17:12:37,0.2746783753091332,0.0,0.0,0.0,0.0,0.0,0.0,shipping,1
2026-07-27 17:17:37,0.2746783753091332,0.0,0.0,0.0,0.0,0.0,0.0,shipping,1
2026-07-27 17:22:37,0.2746783753091332,0.0,0.0,0.0,0.0,0.0,0.0,shipping,1
2026-07-27 17:27:37,0.2746783753091332,0.0,0.0,0.0,0.0,0.0,0.0,shipping,1
2026-07-27 17:32:37,0.2746783753091332,0.0,0.0,0.0,0.0,0.0,0.0,shipping,1
2026-07-27 17:37:37,0.2746783753091332,0.0,0.0,0.0,0.0,0.0,0.0,shipping,1
2026-07-27 17:42:37,0.2746783753091332,0.0,0.0,0.0,0.0,0.0,0.0,shipping,1
2026-07-27 17:47:37,0.2746783753091332,0.0,0.0,0.0,0.0,0.0,0.0,shipping,1
2026-07-27 17:52:37,0.2746783753091332,0.0,0.0,0.0,0.0,0.0,0.0,shipping,1
2026-07-27 17:57:37,0.2746783753091332,0.0,0.0,0.0,0.0,0.0,0.0,shipping,1
2026-07-27 18:02:37,0.2746783753091332,0.0,0.0,0.0,0.0,0.0,0.0,shipping,1
2026-07-27 18:07:37,0.2746783753091332,0.0,0.0,0.0,0.0,0.0,0.0,shipping,1
2026-07-27 18:12:37,0.2746783753091332,0.0,0.0,0.0,0.0,0.0,0.0,shipping,1
2026-07-27 18:17:37,0.2746783753091332,0.0,0.0,0.0,0.0,0.0,0.0,shipping,1
2026-07-27 18:22:37,0.2746783753091332,0.0,0.0,0.0,0.0,0.0,0.0,shipping,1
2026-07-27 18:27:37,0.2746783753091332,0.0,0.0,0.0,0.0,0.0,0.0,shipping,1
2026-07-27 18:32:37,0.2746783753091332,0.0,0.0,0.0,0.0,0.0,0.0,shipping,1
2026-07-27 18:37:37,0.2746783753091332,0.0,0.0,0.0,0.0,0.0,0.0,shipping,1
2026-07-27 18:42:37,0.2746783753091332,0.0,0.0,0.0,0.0,0.0,0.0,shipping,1
2026-07-27 18:47:37,0.2746783753091332,0.0,0.0,0.0,0.0,0.0,0.0,shipping,1
2026-07-27 18:52:37,0.2746783753091332,0.0,0.0,0.0,0.0,0.0,0.0,shipping,1
2026-07-27 18:57:37,0.2746783753091332,0.0,0.0,0.0,0.0,0.0,0.0,shipping,1
2026-07-27 19:02:37,0.2746783753091332,0.0,0.0,0.0,0.0,0.0,0.0,shipping,1
2026-07-27 19:07:37,0.2746783753091332,0.0,0.0,0.0,0.0,0.0,0.0,shipping,1
2026-07-27 19:12:37,0.2746783753091332,0.0,0.0,0.0,0.0,0.0,0.0,shipping,1
2026-07-27 19:17:37,0.2746783753091332,0.0,0.0,0.0,0.0,0.0,0.0,shipping,1
2026-07-27 19:22:37,0.2746783753091332,0.0,0.0,0.0,0.0,0.0,0.0,shipping,1
2026-07-27 19:27:37,0.2746783753091332,0.0,0.0,0.0,0.0,0.0,0.0,shipping,1
2026-07-27 19:32:37,0.2746783753091332,0.0,0.0,0.0,0.0,0.0,0.0,shipping,1
2026-07-27 19:37:37,0.2746783753091332,0.0,0.0,0.0,0.0,0.0,0.0,shipping,1
2026-07-27 19:42:37,0.2746783753091332,0.0,0.0,0.0,0.0,0.0,0.0,shipping,1
2026-07-27 19:47:37,0.2746783753091332,0.0,0.0,0.0,0.0,0.0,0.0,shipping,1
2026-07-27 19:52:37,0.2746783753091332,0.0,0.0,0.0,0.0,0.0,0.0,shipping,1
2026-07-27 19:57:37,0.2746783753091332,0.0,0.0,0.0,0.0,0.0,0.0,shipping,1
2026-07-27 20:02:37,0.2746783753091332,0.0,0.0,0.0,0.0,0.0,0.0,shipping,1
2026-07-27 20:07:37,0.2746783753091332,0.0,0.0,0.0,0.0,0.0,0.0,shipping,1
2026-07-27 20:12:37,0.2746783753091332,0.0,0.0,0.0,0.0,0.0,0.0,shipping,1
2026-07-27 20:17:37,0.2746783753091332,0.0,0.0,0.0,0.0,0.0,0.0,shipping,1
2026-07-27 20:22:37,0.2746783753091332,0.0,0.0,0.0,0.0,0.0,0.0,shipping,1
2026-07-27 20:27:37,0.2746783753091332,0.0,0.0,0.0,0.0,0.0,0.0,shipping,1
2026-07-27 20:32:37,0.2746783753091332,0.0,0.0,0.0,0.0,0.0,0.0,shipping,1
2026-07-27 20:37:37,0.2746783753091332,0.0,0.0,0.0,0.0,0.0,0.0,shipping,1
2026-07-27 20:42:37,0.2746783753091332,0.0,0.0,0.0,0.0,0.0,0.0,shipping,1
2026-07-27 20:47:37,0.2746783753091332,0.0,0.0,0.0,0.0,0.0,0.0,shipping,1
2026-07-27 20:52:37,0.2746783753091332,0.0,0.0,0.0,0.0,0.0,0.0,shipping,1
2026-07-27 20:57:37,0.2746783753091332,0.0,0.0,0.0,0.0,0.0,0.0,shipping,1
2026-07-27 21:02:37,0.2746783753091332,0.0,0.0,0.0,0.0,0.0,0.0,shipping,1
2026-07-27 21:07:37,0.2746783753091332,0.0,0.0,0.0,0.0,0.0,0.0,shipping,1
2026-07-27 21:12:37,0.2746783753091332,0.0,0.0,0.0,0.0,0.0,0.0,shipping,1
2026-07-27 21:17:37,0.2746783753091332,0.0,0.0,0.0,0.0,0.0,0.0,shipping,1
2026-07-27 21:22:37,0.2746783753091332,0.0,0.0,0.0,0.0,0.0,0.0,shipping,1
2026-07-27 21:27:37,0.2746783753091332,0.0,0.0,0.0,0.0,0.0,0.0,shipping,1
2026-07-27 21:32:37,0.2746783753091332,0.0,0.0,0.0,0.0,0.0,0.0,shipping,1
2026-07-27 21:37:37,0.2746783753091332,0.0,0.0,0.0,0.0,0.0,0.0,shipping,1
2026-07-27 21:42:37,0.2746783753091332,0.0,0.0,0.0,0.0,0.0,0.0,shipping,1
2026-07-27 21:47:37,0.2746783753091332,0.0,0.0,0.0,0.0,0.0,0.0,shipping,1
2026-07-27 21:52:37,0.2746783753091332,0.0,0.0,0.0,0.0,0.0,0.0,shipping,1
2026-07-27 21:57:37,0.2746783753091332,0.0,0.0,0.0,0.0,0.0,0.0,shipping,1
2026-07-27 22:02:37,0.2746783753091332,0.0,0.0,0.0,0.0,0.0,0.0,shipping,1
2026-07-27 22:07:37,0.2746783753091332,0.0,0.0,0.0,0.0,0.0,0.0,shipping,1
2026-07-27 22:12:37,0.2746783753091332,0.0,0.0,0.0,0.0,0.0,0.0,shipping,1
2026-07-27 22:17:37,0.2746783753091332,0.0,0.0,0.0,0.0,0.0,0.0,shipping,1
2026-07-27 22:22:37,0.2746783753091332,0.0,0.0,0.0,0.0,0.0,0.0,shipping,1
2026-07-27 22:27:37,0.2746783753091332,0.0,0.0,0.0,0.0,0.0,0.0,shipping,1
2026-07-27 22:32:37,0.2746783753091332,0.0,0.0,0.0,0.0,0.0,0.0,shipping,1
2026-07-27 22:37:37,0.2746783753091332,0.0,0.0,0.0,0.0,0.0,0.0,shipping,1
2026-07-27 22:42:37,0.2746783753091332,0.0,0.0,0.0,0.0,0.0,0.0,shipping,1
2026-07-27 22:47:37,0.2746783753091332,0.0,0.0,0.0,0.0,0.0,0.0,shipping,1
2026-07-27 22:52:37,0.2746783753091332,0.0,0.0,0.0,0.0,0.0,0.0,shipping,1
2026-07-27 22:57:37,0.2746783753091332,0.0,0.0,0.0,0.0,0.0,0.0,shipping,1
2026-07-27 23:02:37,0.2746783753091332,0.0,0.0,0.0,0.0,0.0,0.0,shipping,1
2026-07-27 23:07:37,0.2746783753091332,0.0,0.0,0.0,0.0,0.0,0.0,shipping,1
2026-07-27 23:12:37,0.2746783753091332,0.0,0.0,0.0,0.0,0.0,0.0,shipping,1
2026-07-27 23:17:37,0.2746783753091332,0.0,0.0,0.0,0.0,0.0,0.0,shipping,1
2026-07-27 23:22:37,0.2746783753091332,0.0,0.0,0.0,0.0,0.0,0.0,shipping,1
2026-07-27 23:27:37,0.2746783753091332,0.0,0.0,0.0,0.0,0.0,0.0,shipping,1
2026-07-27 23:32:37,0.2746783753091332,0.0,0.0,0.0,0.0,0.0,0.0,shipping,1
2026-07-27 23:37:37,0.2746783753091332,0.0,0.0,0.0,0.0,0.0,0.0,shipping,1
2026-07-27 23:42:37,0.2746783753091332,0.0,0.0,0.0,0.0,0.0,0.0,shipping,1
2026-07-27 23:47:37,0.2746783753091332,0.0,0.0,0.0,0.0,0.0,0.0,shipping,1
2026-07-27 23:52:37,0.2746783753091332,0.0,0.0,0.0,0.0,0.0,0.0,shipping,1
2026-07-27 23:57:37,0.2746783753091332,0.0,0.0,0.0,0.0,0.0,0.0,shipping,1
2026-07-28 00:02:37,0.2746783753091332,0.0,0.0,0.0,0.0,0.0,0.0,shipping,1
2026-07-28 00:07:37,0.2746783753091332,0.0,0.0,0.0,0.0,0.0,0.0,shipping,1
2026-07-28 00:12:37,0.2746783753091332,0.0,0.0,0.0,0.0,0.0,0.0,shipping,1
2026-07-28 00:17:37,0.2746783753091332,0.0,0.0,0.0,0.0,0.0,0.0,shipping,1
2026-07-28 00:22:37,0.2746783753091332,0.0,0.0,0.0,0.0,0.0,0.0,shipping,1
2026-07-28 00:27:37,0.2746783753091332,0.0,0.0,0.0,0.0,0.0,0.0,shipping,1
2026-07-28 00:32:37,0.2746783753091332,0.0,0.0,0.0,0.0,0.0,0.0,shipping,1
2026-07-28 00:37:37,0.2746783753091332,0.0,0.0,0.0,0.0,0.0,0.0,shipping,1
2026-07-28 00:42:37,0.2746783753091332,0.0,0.0,0.0,0.0,0.0,0.0,shipping,1
2026-07-28 00:47:37,0.2746783753091332,0.0,0.0,0.0,0.0,0.0,0.0,shipping,1
2026-07-28 00:52:37,0.2746783753091332,0.0,0.0,0.0,0.0,0.0,0.0,shipping,1
2026-07-28 00:57:37,0.2746783753091332,0.0,0.0,0.0,0.0,0.0,0.0,shipping,1
2026-07-28 01:02:37,0.2746783753091332,0.0,0.0,0.0,0.0,0.0,0.0,shipping,1
2026-07-28 01:07:37,0.2746783753091332,0.0,0.0,0.0,0.0,0.0,0.0,shipping,1
2026-07-28 01:12:37,0.2746783753091332,0.0,0.0,0.0,0.0,0.0,0.0,shipping,1
2026-07-28 01:17:37,0.2746783753091332,0.0,0.0,0.0,0.0,0.0,0.0,shipping,1
2026-07-28 01:22:37,0.2746783753091332,0.0,0.0,0.0,0.0,0.0,0.0,shipping,1
2026-07-28 01:27:37,0.2746783753091332,0.0,0.0,0.0,0.0,0.0,0.0,shipping,1
2026-07-28 01:32:37,0.2746783753091332,0.0,0.0,0.0,0.0,0.0,0.0,shipping,1
2026-07-28 01:37:37,0.2746783753091332,0.0,0.0,0.0,0.0,0.0,0.0,shipping,1
2026-07-28 01:42:37,0.2746783753091332,0.0,0.0,0.0,0.0,0.0,0.0,shipping,1
2026-07-28 01:47:37,0.2746783753091332,0.0,0.0,0.0,0.0,0.0,0.0,shipping,1
2026-07-28 01:52:37,0.2746783753091332,0.0,0.0,0.0,0.0,0.0,0.0,shipping,1
2026-07-28 01:57:37,0.2746783753091332,0.0,0.0,0.0,0.0,0.0,0.0,shipping,1
2026-07-28 02:02:37,0.2746783753091332,0.0,0.0,0.0,0.0,0.0,0.0,shipping,1
2026-07-28 02:07:37,0.2746783753091332,0.0,0.0,0.0,0.0,0.0,0.0,shipping,1
2026-07-28 02:12:37,0.2746783753091332,0.0,0.0,0.0,0.0,0.0,0.0,shipping,1
2026-07-28 02:17:37,0.2746783753091332,0.0,0.0,0.0,0.0,0.0,0.0,shipping,1
2026-07-28 02:22:37,0.2746783753091332,0.0,0.0,0.0,0.0,0.0,0.0,shipping,1
2026-07-28 02:27:37,0.2746783753091332,0.0,0.0,0.0,0.0,0.0,0.0,shipping,1
2026-07-28 02:32:37,0.2746783753091332,0.0,0.0,0.0,0.0,0.0,0.0,shipping,1
2026-07-28 02:37:37,0.2746783753091332,0.0,0.0,0.0,0.0,0.0,0.0,shipping,1
2026-07-28 02:42:37,0.2746783753091332,0.0,0.0,0.0,0.0,0.0,0.0,shipping,1
2026-07-28 02:47:37,0.2746783753091332,0.0,0.0,0.0,0.0,0.0,0.0,shipping,1
2026-07-28 02:52:37,0.2746783753091332,0.0,0.0,0.0,0.0,0.0,0.0,shipping,1
2026-07-28 02:57:37,0.2746783753091332,0.0,0.0,0.0,0.0,0.0,0.0,shipping,1
2026-07-28 03:02:37,0.2746783753091332,0.0,0.0,0.0,0.0,0.0,0.0,shipping,1
2026-07-28 03:07:37,0.2746783753091332,0.0,0.0,0.0,0.0,0.0,0.0,shipping,1
2026-07-28 03:12:37,0.2746783753091332,0.0,0.0,0.0,0.0,0.0,0.0,shipping,1
2026-07-28 03:17:37,0.2746783753091332,0.0,0.0,0.0,0.0,0.0,0.0,shipping,1
2026-07-28 03:22:37,0.2746783753091332,0.0,0.0,0.0,0.0,0.0,0.0,shipping,1
2026-07-28 03:27:37,0.2746783753091332,0.0,0.0,0.0,0.0,0.0,0.0,shipping,1
2026-07-28 03:32:37,0.2746783753091332,0.0,0.0,0.0,0.0,0.0,0.0,shipping,1
2026-07-28 03:37:37,0.2746783753091332,0.0,0.0,0.0,0.0,0.0,0.0,shipping,1
2026-07-28 03:42:37,0.2746783753091332,0.0,0.0,0.0,0.0,0.0,0.0,shipping,1
2026-07-28 03:47:37,0.2746783753091332,0.0,0.0,0.0,0.0,0.0,0.0,shipping,1
2026-07-28 03:52:37,0.2746783753091332,0.0,0.0,0.0,0.0,0.0,0.0,shipping,1
2026-07-28 03:57:37,0.2746783753091332,0.0,0.0,0.0,0.0,0.0,0.0,shipping,1
2026-07-28 04:02:37,0.2746783753091332,0.0,0.0,0.0,0.0,0.0,0.0,shipping,1
2026-07-28 04:07:37,0.2746783753091332,0.0,0.0,0.0,0.0,0.0,0.0,shipping,1
2026-07-28 04:12:37,0.2746783753091332,0.0,0.0,0.0,0.0,0.0,0.0,shipping,1
2026-07-28 04:17:37,0.2746783753091332,0.0,0.0,0.0,0.0,0.0,0.0,shipping,1
2026-07-28 04:22:37,0.2746783753091332,0.0,0.0,0.0,0.0,0.0,0.0,shipping,1
2026-07-28 04:27:37,0.2746783753091332,0.0,0.0,0.0,0.0,0.0,0.0,shipping,1
2026-07-28 04:32:37,0.2746783753091332,0.0,0.0,0.0,0.0,0.0,0.0,shipping,1
2026-07-28 04:37:37,0.2746783753091332,0.0,0.0,0.0,0.0,0.0,0.0,shipping,1
2026-07-28 04:42:37,0.2746783753091332,0.0,0.0,0.0,0.0,0.0,0.0,shipping,1
2026-07-28 04:47:37,0.2746783753091332,0.0,0.0,0.0,0.0,0.0,0.0,shipping,1
2026-07-28 04:52:37,0.2746783753091332,0.0,0.0,0.0,0.0,0.0,0.0,shipping,1
2026-07-28 04:57:37,0.2746783753091332,0.0,0.0,0.0,0.0,0.0,0.0,shipping,1
2026-07-28 05:02:37,0.2746783753091332,0.0,0.0,0.0,0.0,0.0,0.0,shipping,1
2026-07-28 05:07:37,0.2746783753091332,0.0,0.0,0.0,0.0,0.0,0.0,shipping,1
2026-07-28 05:12:37,0.2746783753091332,0.0,0.0,0.0,0.0,0.0,0.0,shipping,1
2026-07-28 05:17:37,0.2746783753091332,0.0,0.0,0.0,0.0,0.0,0.0,shipping,1
2026-07-28 05:22:37,0.2746783753091332,0.0,0.0,0.0,0.0,0.0,0.0,shipping,1
2026-07-28 05:27:37,0.2746783753091332,0.0,0.0,0.0,0.0,0.0,0.0,shipping,1
2026-07-28 05:32:37,0.2746783753091332,0.0,0.0,0.0,0.0,0.0,0.0,shipping,1
2026-07-28 05:37:37,0.2746783753091332,0.0,0.0,0.0,0.0,0.0,0.0,shipping,1
2026-07-28 05:42:37,0.2746783753091332,0.0,0.0,0.0,0.0,0.0,0.0,shipping,1
2026-07-28 05:47:37,0.2746783753091332,0.0,0.0,0.0,0.0,0.0,0.0,shipping,1
2026-07-28 05:52:37,0.2746783753091332,0.0,0.0,0.0,0.0,0.0,0.0,shipping,1
2026-07-28 05:57:37,0.2746783753091332,0.0,0.0,0.0,0.0,0.0,0.0,shipping,1
2026-07-28 06:02:37,0.2746783753091332,0.0,0.0,0.0,0.0,0.0,0.0,shipping,1
2026-07-28 06:07:37,0.2746783753091332,0.0,0.0,0.0,0.0,0.0,0.0,shipping,1
2026-07-28 06:12:37,0.2746783753091332,0.0,0.0,0.0,0.0,0.0,0.0,shipping,1
2026-07-28 06:17:37,0.2746783753091332,0.0,0.0,0.0,0.0,0.0,0.0,shipping,1
2026-07-28 06:22:37,0.2746783753091332,0.0,0.0,0.0,0.0,0.0,0.0,shipping,1
2026-07-28 06:27:37,0.2746783753091332,0.0,0.0,0.0,0.0,0.0,0.0,shipping,1
2026-07-28 06:32:37,0.2746783753091332,0.0,0.0,0.0,0.0,0.0,0.0,shipping,1
2026-07-28 06:37:37,0.2746783753091332,0.0,0.0,0.0,0.0,0.0,0.0,shipping,1
2026-07-28 06:42:37,0.2746783753091332,0.0,0.0,0.0,0.0,0.0,0.0,shipping,1
2026-07-28 06:47:37,0.2746783753091332,0.0,0.0,0.0,0.0,0.0,0.0,shipping,1
2026-07-28 06:52:37,0.2746783753091332,0.0,0.0,0.0,0.0,0.0,0.0,shipping,1
2026-07-28 06:57:37,0.2746783753091332,0.0,0.0,0.0,0.0,0.0,0.0,shipping,1
2026-07-28 07:02:37,0.2746783753091332,0.0,0.0,0.0,0.0,0.0,0.0,shipping,1
2026-07-28 07:07:37,0.2746783753091332,0.0,0.0,0.0,0.0,0.0,0.0,shipping,1
2026-07-28 07:12:37,0.2746783753091332,0.0,0.0,0.0,0.0,0.0,0.0,shipping,1
2026-07-28 07:17:37,0.2746783753091332,0.0,0.0,0.0,0.0,0.0,0.0,shipping,1
2026-07-28 07:22:37,0.2746783753091332,0.0,0.0,0.0,0.0,0.0,0.0,shipping,1
2026-07-28 07:27:37,0.2746783753091332,0.0,0.0,0.0,0.0,0.0,0.0,shipping,1
2026-07-28 07:32:37,0.2746783753091332,0.0,0.0,0.0,0.0,0.0,0.0,shipping,1
2026-07-28 07:37:37,0.2746783753091332,0.0,0.0,0.0,0.0,0.0,0.0,shipping,1
2026-07-28 07:42:37,0.2746783753091332,0.0,0.0,0.0,0.0,0.0,0.0,shipping,1
2026-07-28 07:47:37,0.2746783753091332,0.0,0.0,0.0,0.0,0.0,0.0,shipping,1
2026-07-28 07:52:37,0.2746783753091332,0.0,0.0,0.0,0.0,0.0,0.0,shipping,1
2026-07-28 07:57:37,0.2746783753091332,0.0,0.0,0.0,0.0,0.0,0.0,shipping,1
2026-07-28 08:02:37,0.2746783753091332,0.0,0.0,0.0,0.0,0.0,0.0,shipping,1
2026-07-28 08:07:37,0.2746783753091332,0.0,0.0,0.0,0.0,0.0,0.0,shipping,1
2026-07-28 08:12:37,0.2746783753091332,0.0,0.0,0.0,0.0,0.0,0.0,shipping,1
2026-07-28 08:17:37,0.2746783753091332,0.0,0.0,0.0,0.0,0.0,0.0,shipping,1
2026-07-28 08:22:37,0.2746783753091332,0.0,0.0,0.0,0.0,0.0,0.0,shipping,1
2026-07-28 08:27:37,0.2746783753091332,0.0,0.0,0.0,0.0,0.0,0.0,shipping,1
2026-07-28 08:32:37,0.2746783753091332,0.0,0.0,0.0,0.0,0.0,0.0,shipping,1
2026-07-28 08:37:37,0.2746783753091332,0.0,0.0,0.0,0.0,0.0,0.0,shipping,1
2026-07-28 08:42:37,0.2746783753091332,0.0,0.0,0.0,0.0,0.0,0.0,shipping,1
2026-07-28 08:47:37,0.2746783753091332,0.0,0.0,0.0,0.0,0.0,0.0,shipping,1
2026-07-28 08:52:37,0.2746783753091332,0.0,0.0,0.0,0.0,0.0,0.0,shipping,1
2026-07-28 08:57:37,0.2746783753091332,0.0,0.0,0.0,0.0,0.0,0.0,shipping,1
2026-07-28 09:02:37,0.2746783753091332,0.0,0.0,0.0,0.0,0.0,0.0,shipping,1
2026-07-28 09:07:37,0.2746783753091332,0.0,0.0,0.0,0.0,0.0,0.0,shipping,1
2026-07-28 09:12:37,0.2746783753091332,0.0,0.0,0.0,0.0,0.0,0.0,shipping,1
2026-07-28 09:17:37,0.2746783753091332,0.0,0.0,0.0,0.0,0.0,0.0,shipping,1
2026-07-28 09:22:37,0.2746783753091332,0.0,0.0,0.0,0.0,0.0,0.0,shipping,1
2026-07-28 09:27:37,0.2746783753091332,0.0,0.0,0.0,0.0,0.0,0.0,shipping,1
2026-07-28 09:32:37,0.2746783753091332,0.0,0.0,0.0,0.0,0.0,0.0,shipping,1
2026-07-28 09:37:37,0.2746783753091332,0.0,0.0,0.0,0.0,0.0,0.0,shipping,1
2026-07-28 09:42:37,0.2746783753091332,0.0,0.0,0.0,0.0,0.0,0.0,shipping,1
2026-07-28 09:47:37,0.2746783753091332,0.0,0.0,0.0,0.0,0.0,0.0,shipping,1
2026-07-28 09:52:37,0.2746783753091332,0.0,0.0,0.0,0.0,0.0,0.0,shipping,1
2026-07-28 09:57:37,0.2746783753091332,0.0,0.0,0.0,0.0,0.0,0.0,shipping,1
2026-07-28 10:02:37,0.2746783753091332,0.0,0.0,0.0,0.0,0.0,0.0,shipping,1
2026-07-28 10:07:37,0.2746783753091332,0.0,0.0,0.0,0.0,0.0,0.0,shipping,1
2026-07-28 10:12:37,0.2746783753091332,0.0,0.0,0.0,0.0,0.0,0.0,shipping,1
2026-07-28 10:17:37,0.2746783753091332,0.0,0.0,0.0,0.0,0.0,0.0,shipping,1
2026-07-28 10:22:37,0.2746783753091332,0.0,0.0,0.0,0.0,0.0,0.0,shipping,1
2026-07-28 10:27:37,0.2746783753091332,0.0,0.0,0.0,0.0,0.0,0.0,shipping,1
2026-07-28 10:32:37,0.2746783753091332,0.0,0.0,0.0,0.0,0.0,0.0,shipping,1
2026-07-28 10:37:37,0.2746783753091332,0.0,0.0,0.0,0.0,0.0,0.0,shipping,1
2026-07-28 10:42:37,0.2746783753091332,0.0,0.0,0.0,0.0,0.0,0.0,shipping,1
2026-07-28 10:47:37,0.2746783753091332,0.0,0.0,0.0,0.0,0.0,0.0,shipping,1
2026-07-28 10:52:37,0.2746783753091332,0.0,0.0,0.0,0.0,0.0,0.0,shipping,1
2026-07-28 10:57:37,0.2746783753091332,0.0,0.0,0.0,0.0,0.0,0.0,shipping,1
2026-07-28 11:02:37,0.2746783753091332,0.0,0.0,0.0,0.0,0.0,0.0,shipping,1
2026-07-28 11:07:37,0.2746783753091332,0.0,0.0,0.0,0.0,0.0,0.0,shipping,1
2026-07-28 11:12:37,0.2746783753091332,0.0,0.0,0.0,0.0,0.0,0.0,shipping,1
2026-07-28 11:17:37,0.2746783753091332,0.0,0.0,0.0,0.0,0.0,0.0,shipping,1
2026-07-28 11:22:37,0.2746783753091332,0.0,0.0,0.0,0.0,0.0,0.0,shipping,1
2026-07-28 11:27:37,0.2746783753091332,0.0,0.0,0.0,0.0,0.0,0.0,shipping,1
2026-07-28 11:32:37,0.2746783753091332,0.0,0.0,0.0,0.0,0.0,0.0,shipping,1
2026-07-28 11:37:37,0.2746783753091332,0.0,0.0,0.0,0.0,0.0,0.0,shipping,1
2026-07-28 11:42:37,0.2746783753091332,0.0,0.0,0.0,0.0,0.0,0.0,shipping,1
2026-07-28 11:47:37,0.2746783753091332,0.0,0.0,0.0,0.0,0.0,0.0,shipping,1
2026-07-28 11:52:37,0.2746783753091332,0.0,0.0,0.0,0.0,0.0,0.0,shipping,1
2026-07-28 11:57:37,0.2746783753091332,0.0,0.0,0.0,0.0,0.0,0.0,shipping,1
2026-07-28 12:02:37,0.2746783753091332,0.0,0.0,0.0,0.0,0.0,0.0,shipping,1
2026-07-28 12:07:37,0.2746783753091332,0.0,0.0,0.0,0.0,0.0,0.0,shipping,1
2026-07-28 12:12:37,0.2746783753091332,0.0,0.0,0.0,0.0,0.0,0.0,shipping,1
2026-07-28 12:17:37,0.2746783753091332,0.0,0.0,0.0,0.0,0.0,0.0,shipping,1
2026-07-28 12:22:37,0.2746783753091332,0.0,0.0,0.0,0.0,0.0,0.0,shipping,1
2026-07-28 12:27:37,0.2746783753091332,0.0,0.0,0.0,0.0,0.0,0.0,shipping,1
2026-07-28 12:32:37,0.2746783753091332,0.0,0.0,0.0,0.0,0.0,0.0,shipping,1
2026-07-28 12:37:37,0.2746783753091332,0.0,0.0,0.0,0.0,0.0,0.0,shipping,1
2026-07-28 12:42:37,0.2746783753091332,0.0,0.0,0.0,0.0,0.0,0.0,shipping,1
2026-07-28 12:47:37,0.2746783753091332,0.0,0.0,0.0,0.0,0.0,0.0,shipping,1
2026-07-28 12:52:37,0.2746783753091332,0.0,0.0,0.0,0.0,0.0,0.0,shipping,1
2026-07-28 12:57:37,0.2746783753091332,0.0,0.0,0.0,0.0,0.0,0.0,shipping,1
2026-07-28 13:02:37,0.2746783753091332,0.0,0.0,0.0,0.0,0.0,0.0,shipping,1
2026-07-28 13:07:37,0.2746783753091332,0.0,0.0,0.0,0.0,0.0,0.0,shipping,1
2026-07-28 13:12:37,0.2746783753091332,0.0,0.0,0.0,0.0,0.0,0.0,shipping,1
2026-07-28 13:17:37,0.2746783753091332,0.0,0.0,0.0,0.0,0.0,0.0,shipping,1
2026-07-28 13:22:37,0.2746783753091332,0.0,0.0,0.0,0.0,0.0,0.0,shipping,1
2026-07-28 13:27:37,0.2746783753091332,0.0,0.0,0.0,0.0,0.0,0.0,shipping,1
2026-07-28 13:32:37,0.2746783753091332,0.0,0.0,0.0,0.0,0.0,0.0,shipping,1
2026-07-28 13:37:37,0.2746783753091332,0.0,0.0,0.0,0.0,0.0,0.0,shipping,1
2026-07-28 13:42:37,0.2746783753091332,0.0,0.0,0.0,0.0,0.0,0.0,shipping,1
2026-07-28 13:47:37,0.2746783753091332,0.0,0.0,0.0,0.0,0.0,0.0,shipping,1
2026-07-28 13:52:37,0.2746783753091332,0.0,0.0,0.0,0.0,0.0,0.0,shipping,1
2026-07-28 13:57:37,0.2746783753091332,0.0,0.0,0.0,0.0,0.0,0.0,shipping,1
2026-07-28 14:02:37,0.2746783753091332,0.0,0.0,0.0,0.0,0.0,0.0,shipping,1
2026-07-28 14:07:37,0.2746783753091332,0.0,0.0,0.0,0.0,0.0,0.0,shipping,1
2026-07-28 14:12:37,0.2746783753091332,0.0,0.0,0.0,0.0,0.0,0.0,shipping,1
2026-07-28 14:17:37,0.2746783753091332,0.0,0.0,0.0,0.0,0.0,0.0,shipping,1
2026-07-28 14:22:37,0.2746783753091332,0.0,0.0,0.0,0.0,0.0,0.0,shipping,1
2026-07-28 14:27:37,0.2746783753091332,0.0,0.0,0.0,0.0,0.0,0.0,shipping,1
2026-07-28 14:32:37,0.2746783753091332,0.0,0.0,0.0,0.0,0.0,0.0,shipping,1
2026-07-28 14:37:37,0.2746783753091332,0.0,0.0,0.0,0.0,0.0,0.0,shipping,1
2026-07-28 14:42:37,0.2746783753091332,0.0,0.0,0.0,0.0,0.0,0.0,shipping,1
2026-07-28 14:47:37,0.2746783753091332,0.0,0.0,0.0,0.0,0.0,0.0,shipping,1
2026-07-28 14:52:37,0.2746783753091332,0.0,0.0,0.0,0.0,0.0,0.0,shipping,1
2026-07-28 14:57:37,0.2746783753091332,0.0,0.0,0.0,0.0,0.0,0.0,shipping,1
2026-07-28 15:02:37,0.2746783753091332,0.0,0.0,0.0,0.0,0.0,0.0,shipping,1
2026-07-28 15:07:37,0.2746783753091332,0.0,0.0,0.0,0.0,0.0,0.0,shipping,1
2026-07-28 15:12:37,0.2746783753091332,0.0,0.0,0.0,0.0,0.0,0.0,shipping,1
2026-07-28 15:17:37,0.2746783753091332,0.0,0.0,0.0,0.0,0.0,0.0,shipping,1
2026-07-28 15:22:37,0.2746783753091332,0.0,0.0,0.0,0.0,0.0,0.0,shipping,1
2026-07-28 15:27:37,0.2746783753091332,0.0,0.0,0.0,0.0,0.0,0.0,shipping,1
2026-07-28 15:32:37,0.2746783753091332,0.0,0.0,6.393511627586567,0.0,0.0,0.0,shipping,1
2026-07-28 15:37:37,0.6137679103391979,0.0,0.0,7.041609878701966,0.0,0.0,0.0,shipping,1
2026-07-28 15:42:37,2.6083224653230617,0.0,0.0,6.814285714285711,0.0,0.0,0.0,shipping,1
2026-07-28 15:47:37,4.145513643693152,0.0,0.0,5.524891425048523,0.0,0.0,0.0,shipping,1
2026-07-28 15:52:37,5.741594896730458,0.0,0.0,5.788235294117647,0.0,0.0,0.0,shipping,1
2026-07-28 15:57:37,7.266666666666667,0.0,0.0,6.04848484848485,0.0,0.0,0.0,shipping,1
2026-07-28 16:02:37,8.091666666666667,0.0,0.0,7.4222222222222225,0.0,0.0,0.0,shipping,1
2026-07-28 16:07:37,8.275,0.0,0.0,6.461904761904767,0.0,0.0,0.0,shipping,1
2026-07-28 16:12:37,4.883353680640336,0.0,0.0,5.708936170212766,0.0,0.0,0.0,shipping,1
2026-07-28 16:17:37,4.958312673697193,0.0,0.0,5.782608695652172,0.0,0.0,0.0,shipping,1
2026-07-28 16:22:37,4.558333333333334,0.0,0.0,5.737931034482758,0.0,0.0,0.0,shipping,1
2026-07-28 16:27:37,4.86664638897338,0.0,0.0,5.960655737704917,0.0,0.0,0.0,shipping,1
2026-07-28 16:32:37,4.775,0.0,0.0,5.827480916030535,0.0,0.0,0.0,shipping,1
2026-07-28 16:37:37,4.866666666666666,0.0,0.0,5.443010752688172,0.0,0.0,0.0,shipping,1
2026-07-28 16:42:37,4.658333333333333,0.0,0.0,5.69438202247191,0.0,0.0,0.0,shipping,1
2026-07-28 16:47:37,0.6833333333333333,0.0,0.0,4.6909090909090905,0.0,0.0,0.0,shipping,1
2026-07-28 16:52:37,0.3249999999999999,0.0,0.0,5.533333333333333,0.0,0.0,0.0,shipping,1
2026-07-28 16:57:37,0.2333333333333333,0.0,0.0,5.292307692307693,0.0,0.0,0.0,shipping,1
2026-07-28 17:02:37,0.3166666666666666,0.0,0.0,5.4461538461538455,0.0,0.0,0.0,shipping,1
2026-07-28 17:07:37,5.9,0.0,0.0,16.3233532934132,0.0,0.0,0.0,shipping,1
2026-07-28 17:12:37,0.875,0.0,0.0,5.735849056603773,0.0,0.0,0.0,shipping,1
2026-07-28 17:17:37,0.475,0.0,0.0,5.008695652173913,0.0,0.0,0.0,shipping,1
2026-07-28 17:22:37,0.2916666666666666,0.0,0.0,5.857142857142856,0.0,0.0,0.0,shipping,1
2026-07-28 17:27:37,0.4499999999999999,0.0,0.0,5.696000000000001,0.0,0.0,0.0,shipping,1
2026-07-28 17:32:37,0.4416666666666666,0.0,0.0,5.945454545454545,0.0,0.0,0.0,shipping,1
2026-07-28 17:37:37,0.325,0.0,0.0,7.066666666666668,0.0,0.0,0.0,shipping,1
2026-07-28 17:42:37,0.4833353472306134,0.0,0.0,5.7,0.0,0.0,0.0,shipping,1
2026-07-28 17:47:37,0.7333333333333334,0.0,0.0,5.5600000000000005,0.0,0.0,0.0,shipping,1
2026-07-28 17:52:37,3.3583613196776634,0.0,0.0,5.453846153846154,0.0,0.0,0.0,shipping,1
2026-07-28 17:57:37,3.274986354223525,0.0,0.0,5.395744680851065,0.0,0.0,0.0,shipping,1
2026-07-28 18:02:37,3.566681527839699,0.0,0.0,5.529281767955801,0.0,0.0,0.0,shipping,1
2026-07-28 18:07:37,3.574985104228733,0.0,0.0,5.508045977011493,0.0,0.0,0.0,shipping,1
2026-07-28 18:12:37,3.633318194507524,0.0,0.0,5.692592592592592,0.0,0.0,0.0,shipping,1
2026-07-28 18:17:37,3.591666666666667,0.0,0.0,5.602631578947369,0.0,0.0,0.0,shipping,1
2026-07-28 18:22:37,3.3833333333333333,0.0,0.0,5.487248322147651,0.0,0.0,0.0,shipping,1
2026-07-28 18:27:37,3.425,0.0,0.0,5.631372549019607,0.0,0.0,0.0,shipping,1
2026-07-28 18:32:37,3.8,0.0,0.0,5.468108108108109,0.0,0.0,0.0,shipping,1
2026-07-28 18:37:37,3.4167520854688043,0.0,0.0,5.744680851063831,0.0,0.0,0.0,shipping,1
2026-07-28 18:42:37,3.54165190978371,0.0,0.0,5.915094339622641,0.0,0.0,0.0,shipping,1
2026-07-28 18:47:37,3.508333333333333,0.0,0.0,5.6134615384615385,0.0,0.0,0.0,shipping,1
2026-07-28 18:52:37,3.75,0.0,0.0,5.715736040609137,0.0,0.0,0.0,shipping,1
2026-07-28 18:57:37,3.4749855208936635,0.0,0.0,5.576344086021505,0.0,0.0,0.0,shipping,1
2026-07-28 19:02:37,3.499985416727431,0.0,0.0,5.662650602409638,0.0,0.0,0.0,shipping,1
2026-07-28 19:07:37,3.458333333333333,0.0,0.0,5.620111731843576,0.0,0.0,0.0,shipping,1
2026-07-28 19:12:37,3.4166666666666665,0.0,0.0,5.811659192825111,0.0,0.0,0.0,shipping,1
2026-07-28 19:17:37,3.5833482639511,0.0,0.0,5.735849056603774,0.0,0.0,0.0,shipping,1
2026-07-28 19:22:37,3.575,0.0,0.0,5.535555555555557,0.0,0.0,0.0,shipping,1
2026-07-28 19:27:37,3.500014583394097,0.0,0.0,5.6,0.0,0.0,0.0,shipping,1
2026-07-28 19:32:37,3.591666666666667,0.0,0.0,5.823300970873786,0.0,0.0,0.0,shipping,1
2026-07-28 19:37:37,3.275,0.0,0.0,5.701621621621621,0.0,0.0,0.0,shipping,1
2026-07-28 19:42:37,3.850016041733507,0.0,0.0,5.856074766355141,0.0,0.0,0.0,shipping,1
2026-07-28 19:47:37,3.6166817361739,0.0,0.0,5.629767441860464,0.0,0.0,0.0,shipping,1
2026-07-28 19:52:37,3.424985729226129,0.0,0.0,5.5851851851851855,0.0,0.0,0.0,shipping,1
2026-07-28 19:57:37,3.4416666666666664,0.0,0.0,6.447619047619046,0.0,0.0,0.0,shipping,1
2026-07-28 20:02:37,3.475014479226997,0.0,0.0,5.820487804878049,0.0,0.0,0.0,shipping,1
2026-07-28 20:07:37,3.6416666666666666,0.0,0.0,5.76150234741784,0.0,0.0,0.0,shipping,1
2026-07-28 20:12:37,3.441681007004196,0.0,0.0,5.521019108280257,0.0,0.0,0.0,shipping,1
2026-07-28 20:17:37,3.458347743115596,0.0,0.0,5.5606936416184976,0.0,0.0,0.0,shipping,1
2026-07-28 20:22:37,3.158346493110388,0.0,0.0,5.656000000000001,0.0,0.0,0.0,shipping,1
2026-07-28 20:27:37,3.608333333333333,0.0,0.0,5.59269406392694,0.0,0.0,0.0,shipping,1
2026-07-28 20:32:37,3.4,0.0,0.0,5.707936507936508,0.0,0.0,0.0,shipping,1
2026-07-28 20:37:37,3.2666666666666666,0.0,0.0,5.744723618090452,0.0,0.0,0.0,shipping,1
2026-07-28 20:42:37,3.716666666666667,0.0,0.0,5.780995475113123,0.0,0.0,0.0,shipping,1
2026-07-28 20:47:37,3.283333333333333,0.0,0.0,5.543169398907104,0.0,0.0,0.0,shipping,1
2026-07-28 20:52:37,3.583333333333333,0.0,0.0,5.719806763285024,0.0,0.0,0.0,shipping,1
2026-07-28 20:57:37,3.6916666666666655,0.0,0.0,5.712432432432433,0.0,0.0,0.0,shipping,1
2026-07-28 21:02:37,3.216666666666667,0.0,0.0,5.718987341772152,0.0,0.0,0.0,shipping,1
2026-07-28 21:07:37,3.3250138542243923,0.0,0.0,5.713333333333334,0.0,0.0,0.0,shipping,1
2026-07-28 21:12:37,3.7250155208980034,0.0,0.0,5.742986425339366,0.0,0.0,0.0,shipping,1
2026-07-28 21:17:37,3.5499852083949657,0.0,0.0,5.818905472636816,0.0,0.0,0.0,shipping,1
2026-07-28 21:22:37,3.2416666666666667,0.0,0.0,5.549685534591196,0.0,0.0,0.0,shipping,1
2026-07-28 21:27:37,3.5999850000625004,0.0,0.0,5.6990099009901,0.0,0.0,0.0,shipping,1
2026-07-28 21:32:37,3.283347013945891,0.0,0.0,6.625641025641027,0.0,0.0,0.0,shipping,1
2026-07-28 21:37:37,3.4,0.0,0.0,5.224060150375941,0.0,0.0,0.0,shipping,1
2026-07-28 21:42:37,3.4,0.0,0.0,5.597674418604652,0.0,0.0,0.0,shipping,1
2026-07-28 21:47:37,3.558333333333333,0.0,0.0,5.399999999999999,0.0,0.0,0.0,shipping,1
2026-07-28 21:52:37,2.658333333333333,0.0,0.0,5.3369369369369375,0.0,0.0,0.0,shipping,1
2026-07-28 21:57:37,2.8666666666666663,0.0,0.0,5.88091603053435,0.0,0.0,0.0,shipping,1
2026-07-28 22:02:37,4.141666666666667,0.0,0.0,5.663905325443787,0.0,0.0,0.0,shipping,1
2026-07-28 22:07:37,8.833333333333334,0.0,0.0,9.813333333333343,0.0,0.0,0.0,shipping,1
2026-07-28 22:12:37,11.049861876726538,0.0,0.0,9.761702127659582,0.0,0.0,0.0,shipping,1
2026-07-28 22:17:37,3.341666666666667,0.0,0.0,9.480000000000004,0.0,0.0,0.0,shipping,1
2026-07-28 22:22:37,0.3833317361177663,0.0,0.0,5.725,0.0,0.0,0.0,shipping,1
2026-07-28 22:27:37,0.3666666666666666,0.0,0.0,5.29090909090909,0.0,0.0,0.0,shipping,1
2026-07-28 22:32:37,0.3333347222280092,0.0,0.0,5.411764705882353,0.0,0.0,0.0,shipping,1
2026-07-28 22:37:37,0.3833333333333333,0.0,0.0,5.768421052631579,0.0,0.0,0.0,shipping,1
2026-07-28 22:42:37,0.4000016666736111,0.0,0.0,5.312,0.0,0.0,0.0,shipping,1
2026-07-28 22:47:37,0.4833333333333333,0.0,0.0,5.51111111111111,0.0,0.0,0.0,shipping,1
2026-07-28 22:52:37,0.3666681944508102,0.0,0.0,5.275000000000001,0.0,0.0,0.0,shipping,1
2026-07-28 22:57:37,0.3999983333402779,0.0,0.0,5.377777777777779,0.0,0.0,0.0,shipping,1
2026-07-28 23:02:37,0.4166649305627894,0.0,0.0,5.333333333333333,0.0,0.0,0.0,shipping,1
2026-07-28 23:07:37,0.3416666666666667,0.0,0.0,5.623529411764706,0.0,0.0,0.0,shipping,1
2026-07-28 23:12:37,0.4583352430635127,0.0,0.0,5.575757575757576,0.0,0.0,0.0,shipping,1
2026-07-28 23:17:37,0.5083333333333333,0.0,0.0,5.907692307692306,0.0,0.0,0.0,shipping,1
2026-07-28 23:22:37,0.3583348263951099,0.0,0.0,5.854545454545455,0.0,0.0,0.0,shipping,1
2026-07-28 23:27:37,0.4083316319515336,0.0,0.0,6.300000000000001,0.0,0.0,0.0,shipping,1
2026-07-28 23:32:37,0.3916666666666666,0.0,0.0,6.639999999999998,0.0,0.0,0.0,shipping,1
2026-07-28 23:37:37,0.3033902956633815,0.0,0.0,5.73855887136064,0.0,0.0,0.0,shipping,1
2026-07-28 23:42:37,0.4499999999999999,0.0,0.0,5.389473684210525,0.0,0.0,0.0,shipping,1
2026-07-28 23:47:37,0.4166649305627893,0.0,0.0,5.888888888888889,0.0,0.0,0.0,shipping,1
